"rownum","i32","i32","[rid]","i32","i32","i32","i32","i32","bool","i32","i32","i32","bool","[rid]","bool","i32","rid","bool","string","bool","i32","bool","i32","i32","bool","i32","[string]","string","[i32]","[i32]","i32","bool","[i32]","bool","rid","bool","bool","i32"
0,8,0,[2231],250,1,3,47,0,1,13,13,0,1,[],"",1,0,"","",1,2,"",1,4,"",1,[],"triggerer.EMP(2.5);","[0,7471220,6750313,6619239,6619250,3014770,5046341,2621520,3014706,2687029,59,3276800,0,6619213,6357108,6357092,6357108,5046319,7209071,7602291,7471205,3080307,6619212,6750305,6619253,6619204,7733356,3080293,6881347,7929972]","[0,7471220,6750313,6619239,6619250,3014770,5046341,2621520,3014706,2687029,59,3276800,0,6619213,6357108,6357092,6357108,5046319,7209071,7602291,7471205,3080307,6619212,6750305,6619253,6619204,7733356,3080293,6881347,7929972]",0,1,[4391028],"",0,"","",0
1,76,0,[],0,1,4,22,0,1,13,13,0,1,[],"",1,0,"","",1,2,"",1,4,1,4,"[""Metadata/Monsters/LeagueDelve/CityBosses/Objects/DelveProtoVaalCityBossCrystal""]","triggerer.Transition();","[0,7471220,6750313,6619239,6619250,3014770,5046341,2621520,3014706,2687029,59,3276800,0,6619213,6357108,6357092,6357108,5046319,7209071,7602291,7471205,3080307,6619212,6750305,6619253,6619204,7733356,3080293,6881347,7929972]","[0,7471220,6750313,6619239,6619250,3014770,5046341,2621520,3014706,2687029,59,3276800,0,6619213,6357108,6357092,6357108,5046319,7209071,7602291,7471205,3080307,6619212,6750305,6619253,6619204,7733356,3080293,6881347,7929972]",0,1,[4391028],"",0,"","",0
2,300,0,[2348],4600,1,2,180,0,1,13,13,0,"",[],"",2,10,"","","",2,"",1,4,1,4,"[""Metadata/MiscellaneousObjects/Monolith""]","triggerer.CrackMonolith();","[0,7471220,6750313,6619239,6619250,3014770,5046341,2621520,3014706,2687029,59,3276800,0,6619213,6357108,6357092,6357108,5046319,7209071,7602291,7471205,3080307,6619212,6750305,6619253,6619204,7733356,3080293,6881347,7929972]","[0,7471220,6750313,6619239,6619250,3014770,5046341,2621520,3014706,2687029,59,3276800,0,6619213,6357108,6357092,6357108,5046319,7209071,7602291,7471205,3080307,6619212,6750305,6619253,6619204,7733356,3080293,6881347,7929972]",0,"",[],"",0,"","",0
3,466,0,[],4600,1,2,180,0,1,13,13,0,"",[],"",1,0,"","",1,2,"",1,4,1,4,"[""Metadata/Terrain/Leagues/Delve/Objects/DelveLightEncounter_Essence""]","triggerer.Transition();","[0,7471220,6750313,6619239,6619250,3014770,5046341,2621520,3014706,2687029,59,3276800,0,6619213,6357108,6357092,6357108,5046319,7209071,7602291,7471205,3080307,6619212,6750305,6619253,6619204,7733356,3080293,6881347,7929972]","[0,7471220,6750313,6619239,6619250,3014770,5046341,2621520,3014706,2687029,59,3276800,0,6619213,6357108,6357092,6357108,5046319,7209071,7602291,7471205,3080307,6619212,6750305,6619253,6619204,7733356,3080293,6881347,7929972]",0,"",[],"",0,"","",0
4,616,0,[2383],0,1,4,25,0,1,13,13,0,1,[],"",1,0,1,"","",2,"",1,4,"",4,"[""Metadata/Monsters/Mannequin/MannequinStoneDelveInert""]","triggerer.Transition();","[0,7471220,6750313,6619239,6619250,3014770,5046341,2621520,3014706,2687029,59,3276800,0,6619213,6357108,6357092,6357108,5046319,7209071,7602291,7471205,3080307,6619212,6750305,6619253,6619204,7733356,3080293,6881347,7929972]","[0,7471220,6750313,6619239,6619250,3014770,5046341,2621520,3014706,2687029,59,3276800,0,6619213,6357108,6357092,6357108,5046319,7209071,7602291,7471205,3080307,6619212,6750305,6619253,6619204,7733356,3080293,6881347,7929972]",0,1,[4391028],"",0,"","",0
5,754,0,[],100,1,2,70,0,1,13,13,0,"",[],"",1,0,"","","",2,"",5,4,1,4,"[""Metadata/Monsters/ReligiousTemplar/AbyssLichBoss/AbyssLichObelisk""]","triggerer.Transition();","[0,7471220,6750313,6619239,6619250,3014770,5046341,2621520,3014706,2687029,59,3276800,0,6619213,6357108,6357092,6357108,5046319,7209071,7602291,7471205,3080307,6619212,6750305,6619253,6619204,7733356,3080293,6881347,7929972]","[0,7471220,6750313,6619239,6619250,3014770,5046341,2621520,3014706,2687029,59,3276800,0,6619213,6357108,6357092,6357108,5046319,7209071,7602291,7471205,3080307,6619212,6750305,6619253,6619204,7733356,3080293,6881347,7929972]",0,"",[],"",0,"","",0
6,902,0,[],2000,1,2,200,0,1,13,13,0,"",[],"",1,0,"","","",2,"",5,4,1,4,"[""Metadata/Monsters/LeagueDelve/CityBosses/Objects/DelveBossAbyssBeamTarget"",""Metadata/Monsters/LeagueDelve/CityBosses/Objects/DelveBossAbyssBeamTargetInner""]","triggerer.Transition();","[0,7471220,6750313,6619239,6619250,3014770,5046341,2621520,3014706,2687029,59,3276800,0,6619213,6357108,6357092,6357108,5046319,7209071,7602291,7471205,3080307,6619212,6750305,6619253,6619204,7733356,3080293,6881347,7929972]","[0,7471220,6750313,6619239,6619250,3014770,5046341,2621520,3014706,2687029,59,3276800,0,6619213,6357108,6357092,6357108,5046319,7209071,7602291,7471205,3080307,6619212,6750305,6619253,6619204,7733356,3080293,6881347,7929972]",0,"",[],"",0,"","",0
7,1234,0,[],2000,1,2,200,0,1,13,13,0,1,[],"",1,0,"","",1,2,"",5,4,1,4,"[""Metadata/Monsters/ProtoVaal/ProtoVaalMapBossGeyser"",""Metadata/Monsters/ProtoVaal/ProtoVaalMapBossGeyser2"",""Metadata/Monsters/ProtoVaal/ProtoVaalMapBossGeyser3"",""Metadata/Monsters/ProtoVaal/ProtoVaalMapBossGeyser4""]","triggerer.Transition();","[0,7471220,6750313,6619239,6619250,3014770,5046341,2621520,3014706,2687029,59,3276800,0,6619213,6357108,6357092,6357108,5046319,7209071,7602291,7471205,3080307,6619212,6750305,6619253,6619204,7733356,3080293,6881347,7929972]","[0,7471220,6750313,6619239,6619250,3014770,5046341,2621520,3014706,2687029,59,3276800,0,6619213,6357108,6357092,6357108,5046319,7209071,7602291,7471205,3080307,6619212,6750305,6619253,6619204,7733356,3080293,6881347,7929972]",0,1,[4391028],"",0,"","",0
8,1694,0,[2502],770,2,2,60,0,1,6,2,10,1,[],"",3,0,"","","",2,"",1,4,"",4,"[""Metadata/Monsters/LeagueBetrayal/BetrayalZombie"",""Metadata/Monsters/LeagueBetrayal/BetrayalZombieSpawned"",""Metadata/Monsters/LeagueBetrayal/BetrayalZombieSiegeGuard""]","triggerer.ModifyState(enrage, 1);","[0,7471220,6750313,6619239,6619250,3014770,5046341,2621520,3014706,2687029,59,3276800,0,6619213,6357108,6357092,6357108,5046319,7209071,7602291,7471205,3080307,6619212,6750305,6619253,6619204,7733356,3080293,6881347,7929972]","[0,7471220,6750313,6619239,6619250,3014770,5046341,2621520,3014706,2687029,59,3276800,0,6619213,6357108,6357092,6357108,5046319,7209071,7602291,7471205,3080307,6619212,6750305,6619253,6619204,7733356,3080293,6881347,7929972]",0,1,[4391028],"",0,"","",0
9,2138,0,[2517],770,1,2,60,0,1,13,13,0,1,[],"",2,0,"","","",2,"",1,4,1,1,[],"triggerer.HealPercent(10);","[0,7471220,6750313,6619239,6619250,3014770,5046341,2621520,3014706,2687029,59,3276800,0,6619213,6357108,6357092,6357108,5046319,7209071,7602291,7471205,3080307,6619212,6750305,6619253,6619204,7733356,3080293,6881347,7929972]","[0,7471220,6750313,6619239,6619250,3014770,5046341,2621520,3014706,2687029,59,3276800,0,6619213,6357108,6357092,6357108,5046319,7209071,7602291,7471205,3080307,6619212,6750305,6619253,6619204,7733356,3080293,6881347,7929972]",0,1,[4391028],"",0,"","",0
10,2218,0,[],0,2,2,100,0,1,6,2,10,1,[],"",3,0,"","","",2,"",5,3,"",1,[],"triggerer.AddBuff( grasping_vines_buff, infinity, -5, 10, 0, 0 );","[0,7471220,6750313,6619239,6619250,3014770,5046341,2621520,3014706,2687029,59,3276800,0,6619213,6357108,6357092,6357108,5046319,7209071,7602291,7471205,3080307,6619212,6750305,6619253,6619204,7733356,3080293,6881347,7929972]","[0,7471220,6750313,6619239,6619250,3014770,5046341,2621520,3014706,2687029,59,3276800,0,6619213,6357108,6357092,6357108,5046319,7209071,7602291,7471205,3080307,6619212,6750305,6619253,6619204,7733356,3080293,6881347,7929972]",0,1,[4391028],"",0,"","",0
11,2360,0,[],2000,2,2,100,0,1,6,2,10,1,[],"",1,0,"","",1,2,"",5,4,1,4,"[""Metadata/Projectiles/BetrayalRinDeceleratingProjectileIdle""]","triggerer.Transition();","[0,7471220,6750313,6619239,6619250,3014770,5046341,2621520,3014706,2687029,59,3276800,0,6619213,6357108,6357092,6357108,5046319,7209071,7602291,7471205,3080307,6619212,6750305,6619253,6619204,7733356,3080293,6881347,7929972]","[0,7471220,6750313,6619239,6619250,3014770,5046341,2621520,3014706,2687029,59,3276800,0,6619213,6357108,6357092,6357108,5046319,7209071,7602291,7471205,3080307,6619212,6750305,6619253,6619204,7733356,3080293,6881347,7929972]",0,1,[4391028],"",0,"","",0
12,2496,0,[2669],790,1,2,200,0,1,13,13,0,1,[],"",1,0,"","","",2,"",1,4,1,4,"[""Metadata/Monsters/LeagueBetrayal/BetrayalDjinnMemberMelee"",""Metadata/Monsters/LeagueBetrayal/BetrayalDjinnMemberMelee2"",""Metadata/Monsters/LeagueBetrayal/BetrayalDjinnMemberMelee3"",""Metadata/Monsters/LeagueBetrayal/BetrayalDjinnMemberMelee4"",""Metadata/Monsters/LeagueBetrayal/BetrayalDjinnMemberCaster"",""Metadata/Monsters/LeagueBetrayal/BetrayalDjinnMemberCaster2"",""Metadata/Monsters/LeagueBetrayal/BetrayalDjinnMemberCaster3"",""Metadata/Monsters/LeagueBetrayal/BetrayalDjinnMemberCaster4""]","triggerer.Transition();","[0,7471220,6750313,6619239,6619250,3014770,5046341,2621520,3014706,2687029,59,3276800,0,6619213,6357108,6357092,6357108,5046319,7209071,7602291,7471205,3080307,6619212,6750305,6619253,6619204,7733356,3080293,6881347,7929972]","[0,7471220,6750313,6619239,6619250,3014770,5046341,2621520,3014706,2687029,59,3276800,0,6619213,6357108,6357092,6357108,5046319,7209071,7602291,7471205,3080307,6619212,6750305,6619253,6619204,7733356,3080293,6881347,7929972]",0,1,[4391028],"",0,"","",0
13,3548,0,[],790,1,2,200,0,1,13,13,0,1,[],"",1,0,"","","",2,"",5,4,1,4,"[""Metadata/Monsters/LeagueBetrayal/BetrayalDjinnMemberMelee"",""Metadata/Monsters/LeagueBetrayal/BetrayalDjinnMemberMelee2"",""Metadata/Monsters/LeagueBetrayal/BetrayalDjinnMemberMelee3"",""Metadata/Monsters/LeagueBetrayal/BetrayalDjinnMemberMelee4"",""Metadata/Monsters/LeagueBetrayal/BetrayalDjinnMemberCaster"",""Metadata/Monsters/LeagueBetrayal/BetrayalDjinnMemberCaster2"",""Metadata/Monsters/LeagueBetrayal/BetrayalDjinnMemberCaster3"",""Metadata/Monsters/LeagueBetrayal/BetrayalDjinnMemberCaster4""]","triggerer.SetStateTo( being_revived, 1 );","[0,7471220,6750313,6619239,6619250,3014770,5046341,2621520,3014706,2687029,59,3276800,0,6619213,6357108,6357092,6357108,5046319,7209071,7602291,7471205,3080307,6619212,6750305,6619253,6619204,7733356,3080293,6881347,7929972]","[0,7471220,6750313,6619239,6619250,3014770,5046341,2621520,3014706,2687029,59,3276800,0,6619213,6357108,6357092,6357108,5046319,7209071,7602291,7471205,3080307,6619212,6750305,6619253,6619204,7733356,3080293,6881347,7929972]",0,1,[4391028],"",0,"","",0
14,3706,0,[2669],790,1,2,200,0,1,13,13,0,1,[],"",1,0,"","",1,2,"",5,4,1,4,"[""Metadata/Projectiles/BetrayalCatarinaVolatileObject""]","triggerer.SetStateTo( activated, 1 );","[0,7471220,6750313,6619239,6619250,3014770,5046341,2621520,3014706,2687029,59,3276800,0,6619213,6357108,6357092,6357108,5046319,7209071,7602291,7471205,3080307,6619212,6750305,6619253,6619204,7733356,3080293,6881347,7929972]","[0,7471220,6750313,6619239,6619250,3014770,5046341,2621520,3014706,2687029,59,3276800,0,6619213,6357108,6357092,6357108,5046319,7209071,7602291,7471205,3080307,6619212,6750305,6619253,6619204,7733356,3080293,6881347,7929972]",0,1,[4391028],"",0,"","",0
15,3922,0,[],0,1,2,200,0,1,13,13,0,1,[],"",1,0,"","","",2,"",5,3,1,1,[],"triggerer.AddBuff( catarina_blackflame_ignite, infinity, 1000 );","[0,7471220,6750313,6619239,6619250,3014770,5046341,2621520,3014706,2687029,59,3276800,0,6619213,6357108,6357092,6357108,5046319,7209071,7602291,7471205,3080307,6619212,6750305,6619253,6619204,7733356,3080293,6881347,7929972]","[0,7471220,6750313,6619239,6619250,3014770,5046341,2621520,3014706,2687029,59,3276800,0,6619213,6357108,6357092,6357108,5046319,7209071,7602291,7471205,3080307,6619212,6750305,6619253,6619204,7733356,3080293,6881347,7929972]",0,1,[4391028],"",0,"","",0
16,4062,0,[],0,1,4,15,0,1,13,13,0,1,[],"",1,0,"","","",2,"",5,3,"",1,[],"triggerer.AddBuff( grasping_vines_buff, infinity, -5, 5, 0, 0 );","[0,7471220,6750313,6619239,6619250,3014770,5046341,2621520,3014706,2687029,59,3276800,0,6619213,6357108,6357092,6357108,5046319,7209071,7602291,7471205,3080307,6619212,6750305,6619253,6619204,7733356,3080293,6881347,7929972]","[0,7471220,6750313,6619239,6619250,3014770,5046341,2621520,3014706,2687029,59,3276800,0,6619213,6357108,6357092,6357108,5046319,7209071,7602291,7471205,3080307,6619212,6750305,6619253,6619204,7733356,3080293,6881347,7929972]",0,1,[4391028],"",0,"","",0
17,4202,0,[2409],0,1,4,10,0,1,13,13,0,1,[],"",1,0,"","",1,2,"",1,2,"",3,[],"triggerer.IfAlive({},{Delete();});","[0,7471220,6750313,6619239,6619250,3014770,5046341,2621520,3014706,2687029,59,3276800,0,6619213,6357108,6357092,6357108,5046319,7209071,7602291,7471205,3080307,6619212,6750305,6619253,6619204,7733356,3080293,6881347,7929972]","[0,7471220,6750313,6619239,6619250,3014770,5046341,2621520,3014706,2687029,59,3276800,0,6619213,6357108,6357092,6357108,5046319,7209071,7602291,7471205,3080307,6619212,6750305,6619253,6619204,7733356,3080293,6881347,7929972]",0,1,[4391028],"",0,"","",0
18,4298,0,[2828],1250,1,2,200,0,1,13,13,0,1,[],"",1,0,"","",1,2,"",1,4,1,4,"[""Metadata/Projectiles/SynthesisGuardianProjectile1Object"",""Metadata/Projectiles/SynthesisGuardianProjectile1Object2"",""Metadata/Projectiles/SynthesisGuardianProjectile1Object3""]","triggerer.Transition();","[0,7471220,6750313,6619239,6619250,3014770,5046341,2621520,3014706,2687029,59,3276800,0,6619213,6357108,6357092,6357108,5046319,7209071,7602291,7471205,3080307,6619212,6750305,6619253,6619204,7733356,3080293,6881347,7929972]","[0,7471220,6750313,6619239,6619250,3014770,5046341,2621520,3014706,2687029,59,3276800,0,6619213,6357108,6357092,6357108,5046319,7209071,7602291,7471205,3080307,6619212,6750305,6619253,6619204,7733356,3080293,6881347,7929972]",0,1,[4391028],"",0,"","",0
19,4692,0,[],0,1,2,200,0,1,13,13,0,1,[],"",1,0,"","",1,2,"",5,4,1,4,"[""Metadata/Projectiles/SynthesisGuardianMortar1Object""]","triggerer.SetStateTo( multiple_projectile, 1 );","[0,7471220,6750313,6619239,6619250,3014770,5046341,2621520,3014706,2687029,59,3276800,0,6619213,6357108,6357092,6357108,5046319,7209071,7602291,7471205,3080307,6619212,6750305,6619253,6619204,7733356,3080293,6881347,7929972]","[0,7471220,6750313,6619239,6619250,3014770,5046341,2621520,3014706,2687029,59,3276800,0,6619213,6357108,6357092,6357108,5046319,7209071,7602291,7471205,3080307,6619212,6750305,6619253,6619204,7733356,3080293,6881347,7929972]",0,1,[4391028],"",0,"","",0
20,4912,0,[],0,1,2,200,0,1,13,13,0,1,[],"",1,0,"","",1,2,"",5,4,1,4,"[""Metadata/Projectiles/SynthesisGuardianMortar1Object""]","triggerer.SetStateTo( single_projectile, 1 );","[0,7471220,6750313,6619239,6619250,3014770,5046341,2621520,3014706,2687029,59,3276800,0,6619213,6357108,6357092,6357108,5046319,7209071,7602291,7471205,3080307,6619212,6750305,6619253,6619204,7733356,3080293,6881347,7929972]","[0,7471220,6750313,6619239,6619250,3014770,5046341,2621520,3014706,2687029,59,3276800,0,6619213,6357108,6357092,6357108,5046319,7209071,7602291,7471205,3080307,6619212,6750305,6619253,6619204,7733356,3080293,6881347,7929972]",0,1,[4391028],"",0,"","",0
21,5022,0,[],0,1,2,200,0,1,13,13,0,1,[],"",1,0,"","",1,2,"",5,4,1,4,"[""Metadata/Projectiles/SynthesisGuardianMortar1Object""]","triggerer.SetStateTo( volley, 1 );","[0,7471220,6750313,6619239,6619250,3014770,5046341,2621520,3014706,2687029,59,3276800,0,6619213,6357108,6357092,6357108,5046319,7209071,7602291,7471205,3080307,6619212,6750305,6619253,6619204,7733356,3080293,6881347,7929972]","[0,7471220,6750313,6619239,6619250,3014770,5046341,2621520,3014706,2687029,59,3276800,0,6619213,6357108,6357092,6357108,5046319,7209071,7602291,7471205,3080307,6619212,6750305,6619253,6619204,7733356,3080293,6881347,7929972]",0,1,[4391028],"",0,"","",0
22,5110,0,[2815],600,1,2,150,0,1,13,13,0,1,[],"",1,0,"","","",2,"",1,4,1,4,"[""Metadata/Monsters/LeagueSynthesis/SynthesisDroneSummoned""]","triggerer.SetStateTo( dive_bomb, 1 );","[0,7471220,6750313,6619239,6619250,3014770,5046341,2621520,3014706,2687029,59,3276800,0,6619213,6357108,6357092,6357108,5046319,7209071,7602291,7471205,3080307,6619212,6750305,6619253,6619204,7733356,3080293,6881347,7929972]","[0,7471220,6750313,6619239,6619250,3014770,5046341,2621520,3014706,2687029,59,3276800,0,6619213,6357108,6357092,6357108,5046319,7209071,7602291,7471205,3080307,6619212,6750305,6619253,6619204,7733356,3080293,6881347,7929972]",0,1,[4391028],"",0,"","",0
23,5336,0,[2814],5000,2,2,180,0,1,6,2,10,1,[],"",1,0,"","",1,2,"",1,4,1,4,"[""Metadata/Projectiles/SynthesisPhysicalMortarMine""]","triggerer.Transition();","[0,7471220,6750313,6619239,6619250,3014770,5046341,2621520,3014706,2687029,59,3276800,0,6619213,6357108,6357092,6357108,5046319,7209071,7602291,7471205,3080307,6619212,6750305,6619253,6619204,7733356,3080293,6881347,7929972]","[0,7471220,6750313,6619239,6619250,3014770,5046341,2621520,3014706,2687029,59,3276800,0,6619213,6357108,6357092,6357108,5046319,7209071,7602291,7471205,3080307,6619212,6750305,6619253,6619204,7733356,3080293,6881347,7929972]",0,1,[4391028],"",0,"","",0
24,5468,0,[],1000,1,2,160,0,1,13,13,0,1,[],"",1,0,"","",1,2,"",5,4,"",4,"[""Metadata/Monsters/LeagueSynthesis/SynthesisDroneBossTurret2""]","triggerer.SetStateTo(active, 1);","[0,7471220,6750313,6619239,6619250,3014770,5046341,2621520,3014706,2687029,59,3276800,0,6619213,6357108,6357092,6357108,5046319,7209071,7602291,7471205,3080307,6619212,6750305,6619253,6619204,7733356,3080293,6881347,7929972]","[0,7471220,6750313,6619239,6619250,3014770,5046341,2621520,3014706,2687029,59,3276800,0,6619213,6357108,6357092,6357108,5046319,7209071,7602291,7471205,3080307,6619212,6750305,6619253,6619204,7733356,3080293,6881347,7929972]",2,1,[4391028],"",0,"","",0
25,5674,0,[],1000,1,2,160,0,1,13,13,0,1,[],"",1,0,"","",1,2,"",5,4,"",4,"[""Metadata/Monsters/LeagueSynthesis/SynthesisDroneBossTurret2""]","triggerer.SetStateTo(active, 1);","[0,7471220,6750313,6619239,6619250,3014770,5046341,2621520,3014706,2687029,59,3276800,0,6619213,6357108,6357092,6357108,5046319,7209071,7602291,7471205,3080307,6619212,6750305,6619253,6619204,7733356,3080293,6881347,7929972]","[0,7471220,6750313,6619239,6619250,3014770,5046341,2621520,3014706,2687029,59,3276800,0,6619213,6357108,6357092,6357108,5046319,7209071,7602291,7471205,3080307,6619212,6750305,6619253,6619204,7733356,3080293,6881347,7929972]",3,1,[4391028],"",0,"","",0
26,5690,0,[],1000,1,2,160,0,1,13,13,0,1,[],"",1,0,"","",1,2,"",5,4,"",4,"[""Metadata/Monsters/LeagueSynthesis/SynthesisDroneBossTurret2""]","triggerer.SetStateTo(active, 1);","[0,7471220,6750313,6619239,6619250,3014770,5046341,2621520,3014706,2687029,59,3276800,0,6619213,6357108,6357092,6357108,5046319,7209071,7602291,7471205,3080307,6619212,6750305,6619253,6619204,7733356,3080293,6881347,7929972]","[0,7471220,6750313,6619239,6619250,3014770,5046341,2621520,3014706,2687029,59,3276800,0,6619213,6357108,6357092,6357108,5046319,7209071,7602291,7471205,3080307,6619212,6750305,6619253,6619204,7733356,3080293,6881347,7929972]",4,1,[4391028],"",0,"","",0
27,5706,0,[],1000,1,2,160,0,1,13,13,0,1,[],"",1,0,"","",1,2,"",5,4,"",4,"[""Metadata/Monsters/LeagueSynthesis/SynthesisDroneBossTurret2""]","triggerer.SetStateTo(active, 1);","[0,7471220,6750313,6619239,6619250,3014770,5046341,2621520,3014706,2687029,59,3276800,0,6619213,6357108,6357092,6357108,5046319,7209071,7602291,7471205,3080307,6619212,6750305,6619253,6619204,7733356,3080293,6881347,7929972]","[0,7471220,6750313,6619239,6619250,3014770,5046341,2621520,3014706,2687029,59,3276800,0,6619213,6357108,6357092,6357108,5046319,7209071,7602291,7471205,3080307,6619212,6750305,6619253,6619204,7733356,3080293,6881347,7929972]",5,1,[4391028],"",0,"","",0
28,5722,0,[],1000,1,2,160,0,1,13,13,0,1,[],"",1,0,"","",1,2,"",5,4,"",4,"[""Metadata/Monsters/LeagueSynthesis/SynthesisDroneBossTurret2""]","triggerer.SetStateTo(active, 1);","[0,7471220,6750313,6619239,6619250,3014770,5046341,2621520,3014706,2687029,59,3276800,0,6619213,6357108,6357092,6357108,5046319,7209071,7602291,7471205,3080307,6619212,6750305,6619253,6619204,7733356,3080293,6881347,7929972]","[0,7471220,6750313,6619239,6619250,3014770,5046341,2621520,3014706,2687029,59,3276800,0,6619213,6357108,6357092,6357108,5046319,7209071,7602291,7471205,3080307,6619212,6750305,6619253,6619204,7733356,3080293,6881347,7929972]",6,1,[4391028],"",0,"","",0
29,5738,0,[],0,1,2,5,0,1,13,13,0,1,[],"",1,0,"","SetStateTo(active, 0);",1,2,"",5,4,"",4,[],"","[0,7471220,6750313,6619239,6619250,3014770,5046341,2621520,3014706,2687029,59,3276800,0,6619213,6357108,6357092,6357108,5046319,7209071,7602291,7471205,3080307,6619212,6750305,6619253,6619204,7733356,3080293,6881347,7929972]","[0,7471220,6750313,6619239,6619250,3014770,5046341,2621520,3014706,2687029,59,3276800,0,6619213,6357108,6357092,6357108,5046319,7209071,7602291,7471205,3080307,6619212,6750305,6619253,6619204,7733356,3080293,6881347,7929972]",0,1,[4391028],"",0,"","",0
30,5794,0,[],0,1,2,200,0,1,13,13,0,1,[],"",1,0,"","","",2,"",5,3,1,4,[],"triggerer.RemoveBuff(synthesis_turret_charge_projectile_target);","[0,7471220,6750313,6619239,6619250,3014770,5046341,2621520,3014706,2687029,59,3276800,0,6619213,6357108,6357092,6357108,5046319,7209071,7602291,7471205,3080307,6619212,6750305,6619253,6619204,7733356,3080293,6881347,7929972]","[0,7471220,6750313,6619239,6619250,3014770,5046341,2621520,3014706,2687029,59,3276800,0,6619213,6357108,6357092,6357108,5046319,7209071,7602291,7471205,3080307,6619212,6750305,6619253,6619204,7733356,3080293,6881347,7929972]",0,1,[4391028],"",0,"","",0
31,5934,0,[3067],670,2,2,80,0,1,6,2,10,1,[],"",1,0,"","",1,2,"",1,4,1,4,"[""Metadata/Monsters/LegionLeague/Templar/LegionTemplarGroundMarker""]","triggerer.Transition();","[0,7471220,6750313,6619239,6619250,3014770,5046341,2621520,3014706,2687029,59,3276800,0,6619213,6357108,6357092,6357108,5046319,7209071,7602291,7471205,3080307,6619212,6750305,6619253,6619204,7733356,3080293,6881347,7929972]","[0,7471220,6750313,6619239,6619250,3014770,5046341,2621520,3014706,2687029,59,3276800,0,6619213,6357108,6357092,6357108,5046319,7209071,7602291,7471205,3080307,6619212,6750305,6619253,6619204,7733356,3080293,6881347,7929972]",0,1,[4391028],"",0,"","",0
32,6098,0,[],250,1,4,30,0,1,13,13,0,1,[],"",1,0,"","",1,2,"",5,4,1,4,"[""Metadata/Monsters/LegionLeague/Karui/MoltenRockArrow""]","triggerer.SetStateTo(status, 1);","[0,7471220,6750313,6619239,6619250,3014770,5046341,2621520,3014706,2687029,59,3276800,0,6619213,6357108,6357092,6357108,5046319,7209071,7602291,7471205,3080307,6619212,6750305,6619253,6619204,7733356,3080293,6881347,7929972]","[0,7471220,6750313,6619239,6619250,3014770,5046341,2621520,3014706,2687029,59,3276800,0,6619213,6357108,6357092,6357108,5046319,7209071,7602291,7471205,3080307,6619212,6750305,6619253,6619204,7733356,3080293,6881347,7929972]",0,1,[4391028],"",0,"","",0
33,6290,0,[],750,3,3,111,24,1,6,2,100,1,[],"",3,0,"","",1,2,"",5,4,1,4,"[""Metadata/Monsters/LegionLeague/LegionVaalGeneralMoveDaemonQuad"",""Metadata/Monsters/LegionLeague/LegionVaalGeneralMoveDaemonQuad2"",""Metadata/Monsters/LegionLeague/LegionVaalGeneralMoveDaemonQuad3"",""Metadata/Monsters/LegionLeague/LegionVaalGeneralMoveDaemonQuad4""]","triggerer.Transition();","[0,7471220,6750313,6619239,6619250,3014770,5046341,2621520,3014706,2687029,59,3276800,0,6619213,6357108,6357092,6357108,5046319,7209071,7602291,7471205,3080307,6619212,6750305,6619253,6619204,7733356,3080293,6881347,7929972]","[0,7471220,6750313,6619239,6619250,3014770,5046341,2621520,3014706,2687029,59,3276800,0,6619213,6357108,6357092,6357108,5046319,7209071,7602291,7471205,3080307,6619212,6750305,6619253,6619204,7733356,3080293,6881347,7929972]",0,1,[4391028],"",0,"","",0
34,6848,0,[2363],200,1,4,50,0,1,13,13,0,"",[],"",1,0,"","",1,2,"",1,4,"",3,[],"TriggerSkill(RaiseZombie);","[0,7471220,6750313,6619239,6619250,3014770,5046341,2621520,3014706,2687029,59,3276800,0,6619213,6357108,6357092,6357108,5046319,7209071,7602291,7471205,3080307,6619212,6750305,6619253,6619204,7733356,3080293,6881347,7929972]","[0,7471220,6750313,6619239,6619250,3014770,5046341,2621520,3014706,2687029,59,3276800,0,6619213,6357108,6357092,6357108,5046319,7209071,7602291,7471205,3080307,6619212,6750305,6619253,6619204,7733356,3080293,6881347,7929972]",10,"",[],"",0,"","",0
35,6928,0,[],0,1,5,0,0,1,13,13,0,1,[],"",1,0,"","","",2,"",5,2,"",1,"[""Metadata/Monsters/DemonModular/DemonModular"",""Metadata/Monsters/DemonModular/DemonModularCold"",""Metadata/Monsters/DemonModular/DemonModularFire"",""Metadata/Monsters/DemonModular/DemonModularLightning""]","triggerer.SetStateTo(generic1, 1);","[0,7471220,6750313,6619239,6619250,3014770,5046341,2621520,3014706,2687029,59,3276800,0,6619213,6357108,6357092,6357108,5046319,7209071,7602291,7471205,3080307,6619212,6750305,6619253,6619204,7733356,3080293,6881347,7929972]","[0,7471220,6750313,6619239,6619250,3014770,5046341,2621520,3014706,2687029,59,3276800,0,6619213,6357108,6357092,6357108,5046319,7209071,7602291,7471205,3080307,6619212,6750305,6619253,6619204,7733356,3080293,6881347,7929972]",1,1,[4391028],"",0,"","",0
36,7434,0,[3240],1000,2,3,110,0,1,3,2,0,1,[],"",3,0,"","","",2,"",1,4,"",4,"[""Metadata/Monsters/LegionLeague/LegionMarakethTornado""]","triggerer.Transition();","[0,7471220,6750313,6619239,6619250,3014770,5046341,2621520,3014706,2687029,59,3276800,0,6619213,6357108,6357092,6357108,5046319,7209071,7602291,7471205,3080307,6619212,6750305,6619253,6619204,7733356,3080293,6881347,7929972]","[0,7471220,6750313,6619239,6619250,3014770,5046341,2621520,3014706,2687029,59,3276800,0,6619213,6357108,6357092,6357108,5046319,7209071,7602291,7471205,3080307,6619212,6750305,6619253,6619204,7733356,3080293,6881347,7929972]",0,1,[4391028],"",0,"","",0
37,7574,0,[3412],250,1,2,45,0,1,13,13,0,1,[],"",3,15,"","","",2,"",1,2,"",1,"[""Metadata/Monsters/LeagueBlight/Cold/BlightColdAlphaWolf"",""Metadata/Monsters/LeagueBlight/Cold/BlightColdAlphaWolfBoss""]","triggerer.AddBuff( blight_wolf_ice_armour, 5, -25 );","[0,7471220,6750313,6619239,6619250,3014770,5046341,2621520,3014706,2687029,59,3276800,0,6619213,6357108,6357092,6357108,5046319,7209071,7602291,7471205,3080307,6619212,6750305,6619253,6619204,7733356,3080293,6881347,7929972]","[0,7471220,6750313,6619239,6619250,3014770,5046341,2621520,3014706,2687029,59,3276800,0,6619213,6357108,6357092,6357108,5046319,7209071,7602291,7471205,3080307,6619212,6750305,6619253,6619204,7733356,3080293,6881347,7929972]",0,1,[4391028],"",0,"","",0
38,7958,0,[1035],500,1,2,25,0,1,13,13,0,1,[],"",1,0,"","","",2,"",1,2,"",1,"[""Metadata/Monsters/LeagueBlight/Lightning/BlightLightningChargedSkeleton1"",""Metadata/Monsters/LeagueBlight/Lightning/BlightLightningChargedSkeleton2"",""Metadata/Monsters/LeagueBlight/Lightning/BlightLightningChargedSkeleton3""]","triggerer.AddBuff( blight_charged_skeleton_speed, 1, 80 );","[0,7471220,6750313,6619239,6619250,3014770,5046341,2621520,3014706,2687029,59,3276800,0,6619213,6357108,6357092,6357108,5046319,7209071,7602291,7471205,3080307,6619212,6750305,6619253,6619204,7733356,3080293,6881347,7929972]","[0,7471220,6750313,6619239,6619250,3014770,5046341,2621520,3014706,2687029,59,3276800,0,6619213,6357108,6357092,6357108,5046319,7209071,7602291,7471205,3080307,6619212,6750305,6619253,6619204,7733356,3080293,6881347,7929972]",0,1,[4391028],"",0,"","",0
39,8570,0,[],0,1,2,8,0,1,13,13,0,1,[],"",1,0,"","","",2,"",5,2,"",1,"[""Metadata/Monsters/LeagueBlight/Cold/BlightWaterElemental"",""Metadata/Monsters/LeagueBlight/Cold/BlightWaterElementalSponge""]","triggerer.AddBuff( blight_water_elemental_geyser_buff, infinity, 2, 2, 2 );","[0,7471220,6750313,6619239,6619250,3014770,5046341,2621520,3014706,2687029,59,3276800,0,6619213,6357108,6357092,6357108,5046319,7209071,7602291,7471205,3080307,6619212,6750305,6619253,6619204,7733356,3080293,6881347,7929972]","[0,7471220,6750313,6619239,6619250,3014770,5046341,2621520,3014706,2687029,59,3276800,0,6619213,6357108,6357092,6357108,5046319,7209071,7602291,7471205,3080307,6619212,6750305,6619253,6619204,7733356,3080293,6881347,7929972]",0,1,[4391028],"",0,"","",0
40,8992,0,[],0,1,2,50,0,1,13,13,0,"",[],"",1,0,"","","",2,"",5,2,"",1,"[""Metadata/Monsters/LeagueBlight/Generic/Monkey"",""Metadata/Monsters/LeagueBlight/Generic/Monkey2""]","triggerer.SetStateTo( go_ballistic, 1 );","[0,7471220,6750313,6619239,6619250,3014770,5046341,2621520,3014706,2687029,59,3276800,0,6619213,6357108,6357092,6357108,5046319,7209071,7602291,7471205,3080307,6619212,6750305,6619253,6619204,7733356,3080293,6881347,7929972]","[0,7471220,6750313,6619239,6619250,3014770,5046341,2621520,3014706,2687029,59,3276800,0,6619213,6357108,6357092,6357108,5046319,7209071,7602291,7471205,3080307,6619212,6750305,6619253,6619204,7733356,3080293,6881347,7929972]",0,"",[],"",0,"","",0
41,9290,0,[2571],0,1,2,8,0,1,13,13,0,1,[],"",1,0,"","",1,2,"",1,4,"",1,"[""Metadata/Monsters/LeagueBlight/BlightTowerChilling"",""Metadata/Monsters/LeagueBlight/BlightTowerChilling2"",""Metadata/Monsters/LeagueBlight/BlightTowerChilling3"",""Metadata/Monsters/LeagueBlight/BlightTowerFreezing"",""Metadata/Monsters/LeagueBlight/BlightTowerIcePrison"",""Metadata/Monsters/LeagueBlight/BlightTowerShocking"",""Metadata/Monsters/LeagueBlight/BlightTowerShocking2"",""Metadata/Monsters/LeagueBlight/BlightTowerShocking3"",""Metadata/Monsters/LeagueBlight/BlightTowerLightningStorm_"",""Metadata/Monsters/LeagueBlight/BlightTowerArcing_"",""Metadata/Monsters/LeagueBlight/BlightTowerBuffTowers"",""Metadata/Monsters/LeagueBlight/BlightTowerBuffTowers2"",""Metadata/Monsters/LeagueBlight/BlightTowerBuffTowers3"",""Metadata/Monsters/LeagueBlight/BlightTowerBuffPlayers"",""Metadata/Monsters/LeagueBlight/BlightTowerWeakenEnemies"",""Metadata/Monsters/LeagueBlight/BlightTowerStunning"",""Metadata/Monsters/LeagueBlight/BlightTowerStunning2"",""Metadata/Monsters/LeagueBlight/BlightTowerStunning3"",""Metadata/Monsters/LeagueBlight/BlightTowerTemporal__"",""Metadata/Monsters/LeagueBlight/BlightTowerPetrification"",""Metadata/Monsters/LeagueBlight/BlightTowerSummonMinions"",""Metadata/Monsters/LeagueBlight/BlightTowerSummonMinions2"",""Metadata/Monsters/LeagueBlight/BlightTowerSummonMinions3"",""Metadata/Monsters/LeagueBlight/BlightTowerSummonMinionsFlying"",""Metadata/Monsters/LeagueBlight/BlightTowerSummonMinionsTanky"",""Metadata/Monsters/LeagueBlight/BlightTowerFlame"",""Metadata/Monsters/LeagueBlight/BlightTowerFlame2"",""Metadata/Monsters/LeagueBlight/BlightTowerFlame3"",""Metadata/Monsters/LeagueBlight/BlightTowerFlamethrower"",""Metadata/Monsters/LeagueBlight/BlightTowerMeteor""]","triggerer.AddBuff( blight_ice_elemental_tower_freeze, 2, 100 );","[0,7471220,6750313,6619239,6619250,3014770,5046341,2621520,3014706,2687029,59,3276800,0,6619213,6357108,6357092,6357108,5046319,7209071,7602291,7471205,3080307,6619212,6750305,6619253,6619204,7733356,3080293,6881347,7929972]","[0,7471220,6750313,6619239,6619250,3014770,5046341,2621520,3014706,2687029,59,3276800,0,6619213,6357108,6357092,6357108,5046319,7209071,7602291,7471205,3080307,6619212,6750305,6619253,6619204,7733356,3080293,6881347,7929972]",0,1,[4391028],"",0,"","",0
42,12942,0,[],790,1,2,50,0,1,13,13,0,1,[],"",1,0,"","","",2,"",1,4,1,4,"[""Metadata/Monsters/LeagueBlight/Generic/NessaCrab""]","triggerer.TriggerSkill( MonsterQuickGuard );","[0,7471220,6750313,6619239,6619250,3014770,5046341,2621520,3014706,2687029,59,3276800,0,6619213,6357108,6357092,6357108,5046319,7209071,7602291,7471205,3080307,6619212,6750305,6619253,6619204,7733356,3080293,6881347,7929972]","[0,7471220,6750313,6619239,6619250,3014770,5046341,2621520,3014706,2687029,59,3276800,0,6619213,6357108,6357092,6357108,5046319,7209071,7602291,7471205,3080307,6619212,6750305,6619253,6619204,7733356,3080293,6881347,7929972]",0,1,[4391028],"",0,"","",0
43,13150,0,[],0,1,3,40,0,1,13,13,0,1,[],"",1,0,"","",1,2,"",5,4,"",1,"[""Metadata/Monsters/LeagueBlight/BlightTowerChilling"",""Metadata/Monsters/LeagueBlight/BlightTowerChilling2"",""Metadata/Monsters/LeagueBlight/BlightTowerChilling3"",""Metadata/Monsters/LeagueBlight/BlightTowerFreezing"",""Metadata/Monsters/LeagueBlight/BlightTowerIcePrison"",""Metadata/Monsters/LeagueBlight/BlightTowerShocking"",""Metadata/Monsters/LeagueBlight/BlightTowerShocking2"",""Metadata/Monsters/LeagueBlight/BlightTowerShocking3"",""Metadata/Monsters/LeagueBlight/BlightTowerLightningStorm_"",""Metadata/Monsters/LeagueBlight/BlightTowerArcing_"",""Metadata/Monsters/LeagueBlight/BlightTowerBuffTowers"",""Metadata/Monsters/LeagueBlight/BlightTowerBuffTowers2"",""Metadata/Monsters/LeagueBlight/BlightTowerBuffTowers3"",""Metadata/Monsters/LeagueBlight/BlightTowerBuffPlayers"",""Metadata/Monsters/LeagueBlight/BlightTowerWeakenEnemies"",""Metadata/Monsters/LeagueBlight/BlightTowerStunning"",""Metadata/Monsters/LeagueBlight/BlightTowerStunning2"",""Metadata/Monsters/LeagueBlight/BlightTowerStunning3"",""Metadata/Monsters/LeagueBlight/BlightTowerTemporal__"",""Metadata/Monsters/LeagueBlight/BlightTowerPetrification"",""Metadata/Monsters/LeagueBlight/BlightTowerSummonMinions"",""Metadata/Monsters/LeagueBlight/BlightTowerSummonMinions2"",""Metadata/Monsters/LeagueBlight/BlightTowerSummonMinions3"",""Metadata/Monsters/LeagueBlight/BlightTowerSummonMinionsFlying"",""Metadata/Monsters/LeagueBlight/BlightTowerSummonMinionsTanky"",""Metadata/Monsters/LeagueBlight/BlightTowerFlame"",""Metadata/Monsters/LeagueBlight/BlightTowerFlame2"",""Metadata/Monsters/LeagueBlight/BlightTowerFlame3"",""Metadata/Monsters/LeagueBlight/BlightTowerFlamethrower"",""Metadata/Monsters/LeagueBlight/BlightTowerMeteor""]","triggerer.SetStateTo( stunned, 1 ); triggerer.StartStateTimer( stun_time, 2 );","[0,7471220,6750313,6619239,6619250,3014770,5046341,2621520,3014706,2687029,59,3276800,0,6619213,6357108,6357092,6357108,5046319,7209071,7602291,7471205,3080307,6619212,6750305,6619253,6619204,7733356,3080293,6881347,7929972]","[0,7471220,6750313,6619239,6619250,3014770,5046341,2621520,3014706,2687029,59,3276800,0,6619213,6357108,6357092,6357108,5046319,7209071,7602291,7471205,3080307,6619212,6750305,6619253,6619204,7733356,3080293,6881347,7929972]",0,1,[4391028],"",0,"","",0
44,13558,0,[],0,1,3,25,0,1,13,13,0,1,[],"",1,0,"","","",2,"",5,2,"",1,"[""Metadata/Monsters/LeagueBlight/Generic/MonkeySlow"",""Metadata/Monsters/LeagueBlight/Generic/MonkeySlow2"",""Metadata/Monsters/LeagueBlight/Generic/Monkey"",""Metadata/Monsters/LeagueBlight/Generic/Monkey2"",""Metadata/Monsters/LeagueBlight/Generic/MonkeyChieftain"",""Metadata/Monsters/LeagueBlight/Generic/MonkeyChieftainFighter"",""Metadata/Monsters/LeagueBlight/Generic/MonkeyChieftainBoss""]","triggerer.AddBuff( blight_chieftain_rage_buff, 8, 5, 20 );","[0,7471220,6750313,6619239,6619250,3014770,5046341,2621520,3014706,2687029,59,3276800,0,6619213,6357108,6357092,6357108,5046319,7209071,7602291,7471205,3080307,6619212,6750305,6619253,6619204,7733356,3080293,6881347,7929972]","[0,7471220,6750313,6619239,6619250,3014770,5046341,2621520,3014706,2687029,59,3276800,0,6619213,6357108,6357092,6357108,5046319,7209071,7602291,7471205,3080307,6619212,6750305,6619253,6619204,7733356,3080293,6881347,7929972]",0,1,[4391028],"",0,"","",0
45,14306,0,[],0,1,4,18,0,1,13,13,0,1,[],"",1,0,"","",1,2,"",5,4,1,4,"[""Metadata/Monsters/AtlasExiles/OrionArenaObjects/OrionDoodad""]","triggerer.CopyState( \""x_pos,y_pos,z_pos\"", apparition ); triggerer.SetStateTo( obliterate, 1 );","[0,7471220,6750313,6619239,6619250,3014770,5046341,2621520,3014706,2687029,59,3276800,0,6619213,6357108,6357092,6357108,5046319,7209071,7602291,7471205,3080307,6619212,6750305,6619253,6619204,7733356,3080293,6881347,7929972]","[0,7471220,6750313,6619239,6619250,3014770,5046341,2621520,3014706,2687029,59,3276800,0,6619213,6357108,6357092,6357108,5046319,7209071,7602291,7471205,3080307,6619212,6750305,6619253,6619204,7733356,3080293,6881347,7929972]",0,1,[4391028],"",0,"","",0
46,14636,0,[],0,1,4,9,0,1,13,13,0,1,[],"",1,0,"","",1,2,"",5,4,1,4,"[""Metadata/Monsters/AtlasExiles/OrionArenaObjects/OrionDoodad""]","triggerer.CopyState( \""x_pos,y_pos,z_pos\"", apparition ); triggerer.SetStateTo( obliterate, 1 );","[0,7471220,6750313,6619239,6619250,3014770,5046341,2621520,3014706,2687029,59,3276800,0,6619213,6357108,6357092,6357108,5046319,7209071,7602291,7471205,3080307,6619212,6750305,6619253,6619204,7733356,3080293,6881347,7929972]","[0,7471220,6750313,6619239,6619250,3014770,5046341,2621520,3014706,2687029,59,3276800,0,6619213,6357108,6357092,6357108,5046319,7209071,7602291,7471205,3080307,6619212,6750305,6619253,6619204,7733356,3080293,6881347,7929972]",0,1,[4391028],"",0,"","",0
47,14652,0,[3609],950,2,2,130,0,1,6,2,10,"",[],"",2,15,"","",1,2,"",1,4,1,4,"[""Metadata/Monsters/AtlasExiles/OrionArenaObjects/OrionVolatileObject""]","triggerer.TransitionFully();","[0,7471220,6750313,6619239,6619250,3014770,5046341,2621520,3014706,2687029,59,3276800,0,6619213,6357108,6357092,6357108,5046319,7209071,7602291,7471205,3080307,6619212,6750305,6619253,6619204,7733356,3080293,6881347,7929972]","[0,7471220,6750313,6619239,6619250,3014770,5046341,2621520,3014706,2687029,59,3276800,0,6619213,6357108,6357092,6357108,5046319,7209071,7602291,7471205,3080307,6619212,6750305,6619253,6619204,7733356,3080293,6881347,7929972]",0,"",[],"",0,"","",0
48,14882,0,[3601],600,1,2,110,0,1,13,13,0,"",[],"",1,0,"","",1,2,"",1,4,1,4,"[""Metadata/Monsters/AtlasExiles/OrionArenaObjects/OrionGeyserObject""]","triggerer.Transition();","[0,7471220,6750313,6619239,6619250,3014770,5046341,2621520,3014706,2687029,59,3276800,0,6619213,6357108,6357092,6357108,5046319,7209071,7602291,7471205,3080307,6619212,6750305,6619253,6619204,7733356,3080293,6881347,7929972]","[0,7471220,6750313,6619239,6619250,3014770,5046341,2621520,3014706,2687029,59,3276800,0,6619213,6357108,6357092,6357108,5046319,7209071,7602291,7471205,3080307,6619212,6750305,6619253,6619204,7733356,3080293,6881347,7929972]",0,"",[],"",0,"","",0
49,15048,0,[],600,1,2,110,0,1,13,13,0,"",[],"",1,0,"","",1,2,"",5,4,1,4,"[""Metadata/Monsters/AtlasExiles/OrionArenaObjects/OrionDoodad""]","triggerer.CopyState( \""x_pos,y_pos,z_pos\"", apparition ); triggerer.SetStateTo( obliterate, 1 );","[0,7471220,6750313,6619239,6619250,3014770,5046341,2621520,3014706,2687029,59,3276800,0,6619213,6357108,6357092,6357108,5046319,7209071,7602291,7471205,3080307,6619212,6750305,6619253,6619204,7733356,3080293,6881347,7929972]","[0,7471220,6750313,6619239,6619250,3014770,5046341,2621520,3014706,2687029,59,3276800,0,6619213,6357108,6357092,6357108,5046319,7209071,7602291,7471205,3080307,6619212,6750305,6619253,6619204,7733356,3080293,6881347,7929972]",0,"",[],"",0,"","",0
50,15064,0,[3601],600,1,4,70,0,1,13,13,0,"",[],"",1,0,"","",1,2,"",1,4,1,4,"[""Metadata/Monsters/AtlasExiles/OrionArenaObjects/OrionGeyserObject""]","triggerer.Transition();","[0,7471220,6750313,6619239,6619250,3014770,5046341,2621520,3014706,2687029,59,3276800,0,6619213,6357108,6357092,6357108,5046319,7209071,7602291,7471205,3080307,6619212,6750305,6619253,6619204,7733356,3080293,6881347,7929972]","[0,7471220,6750313,6619239,6619250,3014770,5046341,2621520,3014706,2687029,59,3276800,0,6619213,6357108,6357092,6357108,5046319,7209071,7602291,7471205,3080307,6619212,6750305,6619253,6619204,7733356,3080293,6881347,7929972]",0,"",[],"",0,"","",0
51,15096,0,[],600,1,4,50,0,1,13,13,0,"",[],"",1,0,"","",1,2,"",5,4,1,4,"[""Metadata/Monsters/AtlasExiles/OrionArenaObjects/OrionDoodad""]","triggerer.CopyState( \""x_pos,y_pos,z_pos\"", apparition ); triggerer.SetStateTo( obliterate, 1 );","[0,7471220,6750313,6619239,6619250,3014770,5046341,2621520,3014706,2687029,59,3276800,0,6619213,6357108,6357092,6357108,5046319,7209071,7602291,7471205,3080307,6619212,6750305,6619253,6619204,7733356,3080293,6881347,7929972]","[0,7471220,6750313,6619239,6619250,3014770,5046341,2621520,3014706,2687029,59,3276800,0,6619213,6357108,6357092,6357108,5046319,7209071,7602291,7471205,3080307,6619212,6750305,6619253,6619204,7733356,3080293,6881347,7929972]",0,"",[],"",0,"","",0
52,15112,0,[],0,1,3,50,0,1,13,13,0,1,[],"",1,0,"","","",2,"",5,2,"",1,[],"triggerer.AddBuff( atlas_warlord_enrage, 3, 40, 40, -40, 40, 40 );","[0,7471220,6750313,6619239,6619250,3014770,5046341,2621520,3014706,2687029,59,3276800,0,6619213,6357108,6357092,6357108,5046319,7209071,7602291,7471205,3080307,6619212,6750305,6619253,6619204,7733356,3080293,6881347,7929972]","[0,7471220,6750313,6619239,6619250,3014770,5046341,2621520,3014706,2687029,59,3276800,0,6619213,6357108,6357092,6357108,5046319,7209071,7602291,7471205,3080307,6619212,6750305,6619253,6619204,7733356,3080293,6881347,7929972]",0,1,[4391028],"",0,"","",0
53,15256,0,[],0,3,3,230,10,1,6,3,100,"",[],"",1,0,"","",1,2,"",5,4,1,4,"[""Metadata/Monsters/AtlasExiles/OrionArenaObjects/OrionDoodad""]","triggerer.CopyState( \""x_pos,y_pos,z_pos\"", the_orion ); triggerer.SetStateTo( obliterate, 1 );","[0,7471220,6750313,6619239,6619250,3014770,5046341,2621520,3014706,2687029,59,3276800,0,6619213,6357108,6357092,6357108,5046319,7209071,7602291,7471205,3080307,6619212,6750305,6619253,6619204,7733356,3080293,6881347,7929972]","[0,7471220,6750313,6619239,6619250,3014770,5046341,2621520,3014706,2687029,59,3276800,0,6619213,6357108,6357092,6357108,5046319,7209071,7602291,7471205,3080307,6619212,6750305,6619253,6619204,7733356,3080293,6881347,7929972]",0,"",[],"",0,"","",0
54,15462,0,[],300,1,2,40,0,1,13,13,0,1,[],"",1,0,"","",1,2,"",5,2,1,1,"[""Metadata/Monsters/InvisibleFire/AfflictionBossFinalDeathZone""]","triggerer.Transition();","[0,7471220,6750313,6619239,6619250,3014770,5046341,2621520,3014706,2687029,59,3276800,0,6619213,6357108,6357092,6357108,5046319,7209071,7602291,7471205,3080307,6619212,6750305,6619253,6619204,7733356,3080293,6881347,7929972]","[0,7471220,6750313,6619239,6619250,3014770,5046341,2621520,3014706,2687029,59,3276800,0,6619213,6357108,6357092,6357108,5046319,7209071,7602291,7471205,3080307,6619212,6750305,6619253,6619204,7733356,3080293,6881347,7929972]",0,1,[4391028],"",0,"","",0
55,15602,0,[],4000,1,2,435,0,1,13,13,0,"",[],"",1,0,"","",1,2,"",5,2,1,2,[],"triggerer.Delay( 1.2, { Delete(); } ); triggerer.AddBuff( visual_display_buff, infinity, affliction_death );","[0,7471220,6750313,6619239,6619250,3014770,5046341,2621520,3014706,2687029,59,3276800,0,6619213,6357108,6357092,6357108,5046319,7209071,7602291,7471205,3080307,6619212,6750305,6619253,6619204,7733356,3080293,6881347,7929972]","[0,7471220,6750313,6619239,6619250,3014770,5046341,2621520,3014706,2687029,59,3276800,0,6619213,6357108,6357092,6357108,5046319,7209071,7602291,7471205,3080307,6619212,6750305,6619253,6619204,7733356,3080293,6881347,7929972]",0,"",[],"",0,"","",0
56,15830,0,[],2000,1,2,435,0,1,13,13,0,"",[],"",1,0,"","",1,2,"",5,4,1,4,[],"triggerer.IfExistsInGroup( triggerer, doodads, { SetStateTo( dissolve, 1 ); } );","[0,7471220,6750313,6619239,6619250,3014770,5046341,2621520,3014706,2687029,59,3276800,0,6619213,6357108,6357092,6357108,5046319,7209071,7602291,7471205,3080307,6619212,6750305,6619253,6619204,7733356,3080293,6881347,7929972]","[0,7471220,6750313,6619239,6619250,3014770,5046341,2621520,3014706,2687029,59,3276800,0,6619213,6357108,6357092,6357108,5046319,7209071,7602291,7471205,3080307,6619212,6750305,6619253,6619204,7733356,3080293,6881347,7929972]",0,"",[],"",0,"","",0
57,16002,0,[],0,1,4,15,0,1,13,13,0,1,[],"",1,0,"","",1,2,"",5,4,"",3,[],"TriggerSkill(AfflictionDaemonDestroyCorpseSummonMonster, triggerer );","[0,7471220,6750313,6619239,6619250,3014770,5046341,2621520,3014706,2687029,59,3276800,0,6619213,6357108,6357092,6357108,5046319,7209071,7602291,7471205,3080307,6619212,6750305,6619253,6619204,7733356,3080293,6881347,7929972]","[0,7471220,6750313,6619239,6619250,3014770,5046341,2621520,3014706,2687029,59,3276800,0,6619213,6357108,6357092,6357108,5046319,7209071,7602291,7471205,3080307,6619212,6750305,6619253,6619204,7733356,3080293,6881347,7929972]",3,1,[4391028],"",0,"","",0
58,16152,0,[],0,1,4,15,0,1,13,13,0,1,[],"",1,0,"","",1,2,"",5,4,"",3,[],"TriggerSkill(AfflictionDaemonDestroyCorpseProjectileCascade, triggerer);","[0,7471220,6750313,6619239,6619250,3014770,5046341,2621520,3014706,2687029,59,3276800,0,6619213,6357108,6357092,6357108,5046319,7209071,7602291,7471205,3080307,6619212,6750305,6619253,6619204,7733356,3080293,6881347,7929972]","[0,7471220,6750313,6619239,6619250,3014770,5046341,2621520,3014706,2687029,59,3276800,0,6619213,6357108,6357092,6357108,5046319,7209071,7602291,7471205,3080307,6619212,6750305,6619253,6619204,7733356,3080293,6881347,7929972]",1,1,[4391028],"",0,"","",0
59,16308,0,[],0,1,4,15,0,1,13,13,0,1,[],"",1,0,"","",1,2,"",5,4,"",3,[],"TriggerSkill(AfflictionDaemonDestroyCorpseDegenZone, triggerer);","[0,7471220,6750313,6619239,6619250,3014770,5046341,2621520,3014706,2687029,59,3276800,0,6619213,6357108,6357092,6357108,5046319,7209071,7602291,7471205,3080307,6619212,6750305,6619253,6619204,7733356,3080293,6881347,7929972]","[0,7471220,6750313,6619239,6619250,3014770,5046341,2621520,3014706,2687029,59,3276800,0,6619213,6357108,6357092,6357108,5046319,7209071,7602291,7471205,3080307,6619212,6750305,6619253,6619204,7733356,3080293,6881347,7929972]",3,1,[4391028],"",0,"","",0
60,16448,0,[],750,1,2,48,0,1,13,13,0,1,[],"",1,0,"","",1,2,"",5,2,1,1,"[""Metadata/Monsters/InvisibleFire/AfflictionBossFinalDeathZone""]","triggerer.Transition();","[0,7471220,6750313,6619239,6619250,3014770,5046341,2621520,3014706,2687029,59,3276800,0,6619213,6357108,6357092,6357108,5046319,7209071,7602291,7471205,3080307,6619212,6750305,6619253,6619204,7733356,3080293,6881347,7929972]","[0,7471220,6750313,6619239,6619250,3014770,5046341,2621520,3014706,2687029,59,3276800,0,6619213,6357108,6357092,6357108,5046319,7209071,7602291,7471205,3080307,6619212,6750305,6619253,6619204,7733356,3080293,6881347,7929972]",0,1,[4391028],"",0,"","",0
61,16464,0,[],1000,1,2,57,0,1,13,13,0,1,[],"",1,0,"","",1,2,"",5,2,1,1,"[""Metadata/Monsters/InvisibleFire/AfflictionBossFinalDeathZone""]","triggerer.Transition();","[0,7471220,6750313,6619239,6619250,3014770,5046341,2621520,3014706,2687029,59,3276800,0,6619213,6357108,6357092,6357108,5046319,7209071,7602291,7471205,3080307,6619212,6750305,6619253,6619204,7733356,3080293,6881347,7929972]","[0,7471220,6750313,6619239,6619250,3014770,5046341,2621520,3014706,2687029,59,3276800,0,6619213,6357108,6357092,6357108,5046319,7209071,7602291,7471205,3080307,6619212,6750305,6619253,6619204,7733356,3080293,6881347,7929972]",0,1,[4391028],"",0,"","",0
62,16480,0,[],1250,1,2,66,0,1,13,13,0,1,[],"",1,0,"","",1,2,"",5,2,1,1,"[""Metadata/Monsters/InvisibleFire/AfflictionBossFinalDeathZone""]","triggerer.Transition();","[0,7471220,6750313,6619239,6619250,3014770,5046341,2621520,3014706,2687029,59,3276800,0,6619213,6357108,6357092,6357108,5046319,7209071,7602291,7471205,3080307,6619212,6750305,6619253,6619204,7733356,3080293,6881347,7929972]","[0,7471220,6750313,6619239,6619250,3014770,5046341,2621520,3014706,2687029,59,3276800,0,6619213,6357108,6357092,6357108,5046319,7209071,7602291,7471205,3080307,6619212,6750305,6619253,6619204,7733356,3080293,6881347,7929972]",0,1,[4391028],"",0,"","",0
63,16496,0,[],1500,1,2,75,0,1,13,13,0,1,[],"",1,0,"","",1,2,"",5,2,1,1,"[""Metadata/Monsters/InvisibleFire/AfflictionBossFinalDeathZone""]","triggerer.Transition();","[0,7471220,6750313,6619239,6619250,3014770,5046341,2621520,3014706,2687029,59,3276800,0,6619213,6357108,6357092,6357108,5046319,7209071,7602291,7471205,3080307,6619212,6750305,6619253,6619204,7733356,3080293,6881347,7929972]","[0,7471220,6750313,6619239,6619250,3014770,5046341,2621520,3014706,2687029,59,3276800,0,6619213,6357108,6357092,6357108,5046319,7209071,7602291,7471205,3080307,6619212,6750305,6619253,6619204,7733356,3080293,6881347,7929972]",0,1,[4391028],"",0,"","",0
64,16512,0,[],1750,1,2,84,0,1,13,13,0,1,[],"",1,0,"","",1,2,"",5,2,1,1,"[""Metadata/Monsters/InvisibleFire/AfflictionBossFinalDeathZone""]","triggerer.Transition();","[0,7471220,6750313,6619239,6619250,3014770,5046341,2621520,3014706,2687029,59,3276800,0,6619213,6357108,6357092,6357108,5046319,7209071,7602291,7471205,3080307,6619212,6750305,6619253,6619204,7733356,3080293,6881347,7929972]","[0,7471220,6750313,6619239,6619250,3014770,5046341,2621520,3014706,2687029,59,3276800,0,6619213,6357108,6357092,6357108,5046319,7209071,7602291,7471205,3080307,6619212,6750305,6619253,6619204,7733356,3080293,6881347,7929972]",0,1,[4391028],"",0,"","",0
65,16528,0,[],2000,1,2,94,0,1,13,13,0,1,[],"",1,0,"","",1,2,"",5,2,1,1,"[""Metadata/Monsters/InvisibleFire/AfflictionBossFinalDeathZone""]","triggerer.Transition();","[0,7471220,6750313,6619239,6619250,3014770,5046341,2621520,3014706,2687029,59,3276800,0,6619213,6357108,6357092,6357108,5046319,7209071,7602291,7471205,3080307,6619212,6750305,6619253,6619204,7733356,3080293,6881347,7929972]","[0,7471220,6750313,6619239,6619250,3014770,5046341,2621520,3014706,2687029,59,3276800,0,6619213,6357108,6357092,6357108,5046319,7209071,7602291,7471205,3080307,6619212,6750305,6619253,6619204,7733356,3080293,6881347,7929972]",0,1,[4391028],"",0,"","",0
66,16544,0,[],2250,1,2,103,0,1,13,13,0,1,[],"",1,0,"","",1,2,"",5,2,1,1,"[""Metadata/Monsters/InvisibleFire/AfflictionBossFinalDeathZone""]","triggerer.Transition();","[0,7471220,6750313,6619239,6619250,3014770,5046341,2621520,3014706,2687029,59,3276800,0,6619213,6357108,6357092,6357108,5046319,7209071,7602291,7471205,3080307,6619212,6750305,6619253,6619204,7733356,3080293,6881347,7929972]","[0,7471220,6750313,6619239,6619250,3014770,5046341,2621520,3014706,2687029,59,3276800,0,6619213,6357108,6357092,6357108,5046319,7209071,7602291,7471205,3080307,6619212,6750305,6619253,6619204,7733356,3080293,6881347,7929972]",0,1,[4391028],"",0,"","",0
67,16560,0,[],2500,1,2,112,0,1,13,13,0,1,[],"",1,0,"","",1,2,"",5,2,1,1,"[""Metadata/Monsters/InvisibleFire/AfflictionBossFinalDeathZone""]","triggerer.Transition();","[0,7471220,6750313,6619239,6619250,3014770,5046341,2621520,3014706,2687029,59,3276800,0,6619213,6357108,6357092,6357108,5046319,7209071,7602291,7471205,3080307,6619212,6750305,6619253,6619204,7733356,3080293,6881347,7929972]","[0,7471220,6750313,6619239,6619250,3014770,5046341,2621520,3014706,2687029,59,3276800,0,6619213,6357108,6357092,6357108,5046319,7209071,7602291,7471205,3080307,6619212,6750305,6619253,6619204,7733356,3080293,6881347,7929972]",0,1,[4391028],"",0,"","",0
68,16576,0,[4103],600,1,3,45,0,1,13,13,0,1,[],"",3,0,"","","",2,"",1,1,"",1,[],"triggerer.AddBuff( harvest_crab_screech_debuff, 6, 20 );","[0,7471220,6750313,6619239,6619250,3014770,5046341,2621520,3014706,2687029,59,3276800,0,6619213,6357108,6357092,6357108,5046319,7209071,7602291,7471205,3080307,6619212,6750305,6619253,6619204,7733356,3080293,6881347,7929972]","[0,7471220,6750313,6619239,6619250,3014770,5046341,2621520,3014706,2687029,59,3276800,0,6619213,6357108,6357092,6357108,5046319,7209071,7602291,7471205,3080307,6619212,6750305,6619253,6619204,7733356,3080293,6881347,7929972]",0,1,[4391028],"",0,"","",0
69,16716,0,[],0,1,2,0,0,1,13,13,0,1,[],"",3,0,"","this.my_next_flank_marker.Delete(); this.my_next_flank_marker = this.flank_markers[1];","",2,"",5,4,1,4,[],"","[0,7471220,6750313,6619239,6619250,3014770,5046341,2621520,3014706,2687029,59,3276800,0,6619213,6357108,6357092,6357108,5046319,7209071,7602291,7471205,3080307,6619212,6750305,6619253,6619204,7733356,3080293,6881347,7929972]","[0,7471220,6750313,6619239,6619250,3014770,5046341,2621520,3014706,2687029,59,3276800,0,6619213,6357108,6357092,6357108,5046319,7209071,7602291,7471205,3080307,6619212,6750305,6619253,6619204,7733356,3080293,6881347,7929972]",0,1,[4391028],"",0,"","",0
70,16900,0,[],800,1,2,50,0,1,13,13,0,1,[],"",1,0,"","","",2,"",5,1,"",1,[],"triggerer.AddBuff( harvest_beast_roar_debuff, 4, 40 );","[0,7471220,6750313,6619239,6619250,3014770,5046341,2621520,3014706,2687029,59,3276800,0,6619213,6357108,6357092,6357108,5046319,7209071,7602291,7471205,3080307,6619212,6750305,6619253,6619204,7733356,3080293,6881347,7929972]","[0,7471220,6750313,6619239,6619250,3014770,5046341,2621520,3014706,2687029,59,3276800,0,6619213,6357108,6357092,6357108,5046319,7209071,7602291,7471205,3080307,6619212,6750305,6619253,6619204,7733356,3080293,6881347,7929972]",0,1,[4391028],"",0,"","",0
71,17020,0,[],0,1,4,60,0,1,13,13,0,1,[],"",1,0,"","",1,2,"",5,4,1,4,"[""Metadata/MiscellaneousObjects/Harvest/RootPath/RootPathOshabi""]","globals.oshabi.my_roots_for_cyan_bloom += triggerer;","[0,7471220,6750313,6619239,6619250,3014770,5046341,2621520,3014706,2687029,59,3276800,0,6619213,6357108,6357092,6357108,5046319,7209071,7602291,7471205,3080307,6619212,6750305,6619253,6619204,7733356,3080293,6881347,7929972]","[0,7471220,6750313,6619239,6619250,3014770,5046341,2621520,3014706,2687029,59,3276800,0,6619213,6357108,6357092,6357108,5046319,7209071,7602291,7471205,3080307,6619212,6750305,6619253,6619204,7733356,3080293,6881347,7929972]",0,"",[4391028],"",0,"","",0
72,17270,0,[],0,2,2,100,0,1,6,2,10,1,[],"",3,0,"","","",2,"",5,3,"",1,[],"triggerer.AddBuff( harvest_cat_grasping_vines_buff, infinity, -5, 10, 2, 1 );","[0,7471220,6750313,6619239,6619250,3014770,5046341,2621520,3014706,2687029,59,3276800,0,6619213,6357108,6357092,6357108,5046319,7209071,7602291,7471205,3080307,6619212,6750305,6619253,6619204,7733356,3080293,6881347,7929972]","[0,7471220,6750313,6619239,6619250,3014770,5046341,2621520,3014706,2687029,59,3276800,0,6619213,6357108,6357092,6357108,5046319,7209071,7602291,7471205,3080307,6619212,6750305,6619253,6619204,7733356,3080293,6881347,7929972]",0,1,[4391028],"",0,"","",0
73,17436,0,[],0,1,4,20,0,1,13,13,0,1,[],"",1,0,"","",1,2,"",5,4,1,4,"[""Metadata/MiscellaneousObjects/Harvest/RootPath/RootPathOshabi""]","triggerer.SetStateTo( oshabi_teleport_bloom, 1 );","[0,7471220,6750313,6619239,6619250,3014770,5046341,2621520,3014706,2687029,59,3276800,0,6619213,6357108,6357092,6357108,5046319,7209071,7602291,7471205,3080307,6619212,6750305,6619253,6619204,7733356,3080293,6881347,7929972]","[0,7471220,6750313,6619239,6619250,3014770,5046341,2621520,3014706,2687029,59,3276800,0,6619213,6357108,6357092,6357108,5046319,7209071,7602291,7471205,3080307,6619212,6750305,6619253,6619204,7733356,3080293,6881347,7929972]",0,1,[4391028],"",0,"","",0
74,17554,0,[],0,1,5,0,0,1,13,13,0,"",[],"",1,0,"","",1,2,"",5,4,1,4,"[""Metadata/MiscellaneousObjects/Heist/DemolitionistBarrel""]","triggerer.Transition(); triggerer.IfState( mini_explode, 0, { caller.TriggerSkill( GSHeistVinderiBarrelExplode, triggerer ); DoRandom( { PlayEffect( Metadata/Effects/Spells/monsters_effects/League_Heist/demolition/scorched_grd/grd_decal1.ao, default, 1.0, 1.0, 0.0, inherit, 0.0, 0, 0, SelfLocation, permanentserver ); }, { PlayEffect( Metadata/Effects/Spells/monsters_effects/League_Heist/demolition/scorched_grd/grd_decal2.ao, default, 1.0, 1.0, 0.0, inherit, 0.0, 0, 0, SelfLocation, permanentserver ); }, { PlayEffect( Metadata/Effects/Spells/monsters_effects/League_Heist/demolition/scorched_grd/grd_decal3.ao, default, 1.0, 1.0, 0.0, inherit, 0.0, 0, 0, SelfLocation, permanentserver ); }, { PlayEffect( Metadata/Effects/Spells/monsters_effects/League_Heist/demolition/scorched_grd/grd_decal4.ao, default, 1.0, 1.0, 0.0, inherit, 0.0, 0, 0, SelfLocation, permanentserver ); } ); }, { caller.TriggerSkill( GSHeistVinderiBarrelExplodeChest, triggerer ); PlayEffect( Metadata/Particles/monster_effects/League_Heist/demolition/scorchmark_chest.ao, default, 1.0, 1.0, 0.0, inherit, 0.0, 0, 0, SelfLocation, permanentserver ); } );","[0,7471220,6750313,6619239,6619250,3014770,5046341,2621520,3014706,2687029,59,3276800,0,6619213,6357108,6357092,6357108,5046319,7209071,7602291,7471205,3080307,6619212,6750305,6619253,6619204,7733356,3080293,6881347,7929972]","[0,7471220,6750313,6619239,6619250,3014770,5046341,2621520,3014706,2687029,59,3276800,0,6619213,6357108,6357092,6357108,5046319,7209071,7602291,7471205,3080307,6619212,6750305,6619253,6619204,7733356,3080293,6881347,7929972]",1,"",[],"",0,"","",0
75,19950,0,[],0,1,5,0,0,1,13,13,0,"",[],"",1,0,"","",1,2,"",5,4,1,4,[],"triggerer.SetStateTo(heist_hidden, 0);","[0,7471220,6750313,6619239,6619250,3014770,5046341,2621520,3014706,2687029,59,3276800,0,6619213,6357108,6357092,6357108,5046319,7209071,7602291,7471205,3080307,6619212,6750305,6619253,6619204,7733356,3080293,6881347,7929972]","[0,7471220,6750313,6619239,6619250,3014770,5046341,2621520,3014706,2687029,59,3276800,0,6619213,6357108,6357092,6357108,5046319,7209071,7602291,7471205,3080307,6619212,6750305,6619253,6619204,7733356,3080293,6881347,7929972]",1,"",[],"",0,"","",0
76,20038,0,[],0,1,3,50,0,1,13,13,0,1,[],"",1,0,"","","",2,"",5,2,"",1,[],"triggerer.AddBuff( atlas_warlord_enrage, 3, 20, 20, 0, 20, 20 );","[0,7471220,6750313,6619239,6619250,3014770,5046341,2621520,3014706,2687029,59,3276800,0,6619213,6357108,6357092,6357108,5046319,7209071,7602291,7471205,3080307,6619212,6750305,6619253,6619204,7733356,3080293,6881347,7929972]","[0,7471220,6750313,6619239,6619250,3014770,5046341,2621520,3014706,2687029,59,3276800,0,6619213,6357108,6357092,6357108,5046319,7209071,7602291,7471205,3080307,6619212,6750305,6619253,6619204,7733356,3080293,6881347,7929972]",0,1,[4391028],"",0,"","",0
77,20178,0,[],0,1,5,0,0,1,13,13,0,"",[],"",1,0,"","",1,2,"",5,4,1,4,"[""Metadata/Terrain/Leagues/Heist/Objects/Level/LeverAttachedTile""]","triggerer.Transition();","[0,7471220,6750313,6619239,6619250,3014770,5046341,2621520,3014706,2687029,59,3276800,0,6619213,6357108,6357092,6357108,5046319,7209071,7602291,7471205,3080307,6619212,6750305,6619253,6619204,7733356,3080293,6881347,7929972]","[0,7471220,6750313,6619239,6619250,3014770,5046341,2621520,3014706,2687029,59,3276800,0,6619213,6357108,6357092,6357108,5046319,7209071,7602291,7471205,3080307,6619212,6750305,6619253,6619204,7733356,3080293,6881347,7929972]",1,"",[],"",0,"","",0
78,20322,0,[4503],400,2,2,80,0,1,6,2,10,1,[],"",2,0,"","",1,2,"",1,4,1,4,"[""Metadata/Projectiles/HeistCultistCanisterRedTriggerNova""]","triggerer.Transition();","[0,7471220,6750313,6619239,6619250,3014770,5046341,2621520,3014706,2687029,59,3276800,0,6619213,6357108,6357092,6357108,5046319,7209071,7602291,7471205,3080307,6619212,6750305,6619253,6619204,7733356,3080293,6881347,7929972]","[0,7471220,6750313,6619239,6619250,3014770,5046341,2621520,3014706,2687029,59,3276800,0,6619213,6357108,6357092,6357108,5046319,7209071,7602291,7471205,3080307,6619212,6750305,6619253,6619204,7733356,3080293,6881347,7929972]",0,1,[4391028],"",0,"","",0
79,20468,0,[],1000,1,2,80,0,1,13,13,0,"",[],"",1,0,"","","",2,"",5,2,"",1,[],"triggerer.SetStateTo( awake, 1 );","[0,7471220,6750313,6619239,6619250,3014770,5046341,2621520,3014706,2687029,59,3276800,0,6619213,6357108,6357092,6357108,5046319,7209071,7602291,7471205,3080307,6619212,6750305,6619253,6619204,7733356,3080293,6881347,7929972]","[0,7471220,6750313,6619239,6619250,3014770,5046341,2621520,3014706,2687029,59,3276800,0,6619213,6357108,6357092,6357108,5046319,7209071,7602291,7471205,3080307,6619212,6750305,6619253,6619204,7733356,3080293,6881347,7929972]",0,"",[],"",0,"","",0
80,20546,0,[],0,1,5,0,0,1,13,13,0,"",[],"",1,0,"","",1,2,"",5,4,1,4,"[""Metadata/Terrain/Leagues/Heist/Objects/Level/LeverAttachedTile""]","triggerer.Transition();","[0,7471220,6750313,6619239,6619250,3014770,5046341,2621520,3014706,2687029,59,3276800,0,6619213,6357108,6357092,6357108,5046319,7209071,7602291,7471205,3080307,6619212,6750305,6619253,6619204,7733356,3080293,6881347,7929972]","[0,7471220,6750313,6619239,6619250,3014770,5046341,2621520,3014706,2687029,59,3276800,0,6619213,6357108,6357092,6357108,5046319,7209071,7602291,7471205,3080307,6619212,6750305,6619253,6619204,7733356,3080293,6881347,7929972]",1,"",[],"",0,"","",0
81,20562,0,[4627],2000,1,2,60,0,1,13,13,0,"",[],"",1,0,"","","",2,"",1,3,1,1,[],"triggerer.PlayEffect(Metadata/Effects/Spells/monsters_effects/League_Heist/robot/crucible/player_hit_audio.ao); TriggerSkill( EGHeistRobotCrucibleActivationWave, triggerer );","[0,7471220,6750313,6619239,6619250,3014770,5046341,2621520,3014706,2687029,59,3276800,0,6619213,6357108,6357092,6357108,5046319,7209071,7602291,7471205,3080307,6619212,6750305,6619253,6619204,7733356,3080293,6881347,7929972]","[0,7471220,6750313,6619239,6619250,3014770,5046341,2621520,3014706,2687029,59,3276800,0,6619213,6357108,6357092,6357108,5046319,7209071,7602291,7471205,3080307,6619212,6750305,6619253,6619204,7733356,3080293,6881347,7929972]",0,"",[],"",100,"","",0
82,20938,0,[],0,1,5,0,0,1,13,13,0,"",[],"",1,0,"","",1,2,"",5,4,1,4,"[""Metadata/Terrain/Leagues/Heist/Objects/Level/LeverAttachedTile""]","triggerer.victim.DoAction( EGHeistPullLever, triggerer );","[0,7471220,6750313,6619239,6619250,3014770,5046341,2621520,3014706,2687029,59,3276800,0,6619213,6357108,6357092,6357108,5046319,7209071,7602291,7471205,3080307,6619212,6750305,6619253,6619204,7733356,3080293,6881347,7929972]","[0,7471220,6750313,6619239,6619250,3014770,5046341,2621520,3014706,2687029,59,3276800,0,6619213,6357108,6357092,6357108,5046319,7209071,7602291,7471205,3080307,6619212,6750305,6619253,6619204,7733356,3080293,6881347,7929972]",1,"",[],"",0,"","",0
83,21072,0,[4110],0,1,5,0,0,1,13,13,0,"",[],"",1,0,"","",1,2,"",1,4,"",4,"[""Metadata/Terrain/Leagues/Heist/Objects/Level/Hazards/Demolition_LandmineMarker""]","triggerer.SetStateTo( heist_locked, 0 );","[0,7471220,6750313,6619239,6619250,3014770,5046341,2621520,3014706,2687029,59,3276800,0,6619213,6357108,6357092,6357108,5046319,7209071,7602291,7471205,3080307,6619212,6750305,6619253,6619204,7733356,3080293,6881347,7929972]","[0,7471220,6750313,6619239,6619250,3014770,5046341,2621520,3014706,2687029,59,3276800,0,6619213,6357108,6357092,6357108,5046319,7209071,7602291,7471205,3080307,6619212,6750305,6619253,6619204,7733356,3080293,6881347,7929972]",1,"",[],"",0,"","",0
84,21348,0,[],500,1,4,24,0,1,13,13,10,1,[],"",1,0,"","",1,2,"",5,4,1,4,"[""Metadata/Projectiles/HeistCultistCanisterYellowTriggerGas""]","triggerer.Transition();","[0,7471220,6750313,6619239,6619250,3014770,5046341,2621520,3014706,2687029,59,3276800,0,6619213,6357108,6357092,6357108,5046319,7209071,7602291,7471205,3080307,6619212,6750305,6619253,6619204,7733356,3080293,6881347,7929972]","[0,7471220,6750313,6619239,6619250,3014770,5046341,2621520,3014706,2687029,59,3276800,0,6619213,6357108,6357092,6357108,5046319,7209071,7602291,7471205,3080307,6619212,6750305,6619253,6619204,7733356,3080293,6881347,7929972]",0,1,[4391028],"",0,"","",0
85,21482,0,[4701],1000,1,5,35,0,1,13,13,0,"",[],"",1,0,"","","",2,"",1,2,"",1,[],"triggerer.IfState( is_robot, 1, { AddBuff( heist_robot_crucible_buff, 10, -50, 30 ); DoAction( ChangeToStance1 ); } );","[0,7471220,6750313,6619239,6619250,3014770,5046341,2621520,3014706,2687029,59,3276800,0,6619213,6357108,6357092,6357108,5046319,7209071,7602291,7471205,3080307,6619212,6750305,6619253,6619204,7733356,3080293,6881347,7929972]","[0,7471220,6750313,6619239,6619250,3014770,5046341,2621520,3014706,2687029,59,3276800,0,6619213,6357108,6357092,6357108,5046319,7209071,7602291,7471205,3080307,6619212,6750305,6619253,6619204,7733356,3080293,6881347,7929972]",0,"",[],"",0,"","",0
86,21746,0,[],0,1,2,2,0,1,13,13,0,1,[],"",1,0,"","","",2,"",5,2,"",1,[],"triggerer.IfState( bot_buff, 1, { this.skitterbot = caller; SetStateTo( bot_buff, 2 ); } );","[7471220,6750313,6619239,6619250,3014770,6684745,7602259,7602273,2621541,6422560,7602287,6422623,6684789,2883686,3211296,2097196,2097275,6553665,4259940,7602292,6488161,6619240,2621540,5046304,7602277,6553697,7602273,3080289,6684741,6619238]","[0,7471220,6750313,6619239,6619250,3014770,5046341,2621520,3014706,2687029,59,3276800,0,6619213,6357108,6357092,6357108,5046319,7209071,7602291,7471205,3080307,6619212,6750305,6619253,6619204,7733356,3080293,6881347,7929972]",0,1,[4391028],"",0,"","",0
87,22288,0,[4627],2000,1,3,60,0,1,13,13,0,"",[],"",1,0,"","","",2,"",1,2,1,1,[],"triggerer.IfState( is_robot, 1, { DoAction( ChangeToStance1 ); } );","[0,7471220,6750313,6619239,6619250,3014770,5046341,2621520,3014706,2687029,59,3276800,0,6619213,6357108,6357092,6357108,5046319,7209071,7602291,7471205,3080307,6619212,6750305,6619253,6619204,7733356,3080293,6881347,7929972]","[0,7471220,6750313,6619239,6619250,3014770,5046341,2621520,3014706,2687029,59,3276800,0,6619213,6357108,6357092,6357108,5046319,7209071,7602291,7471205,3080307,6619212,6750305,6619253,6619204,7733356,3080293,6881347,7929972]",0,"",[],"",0,"","",0
88,22450,0,[4728],500,1,2,40,0,1,13,13,0,1,[],"",2,13,"","","",2,"",1,2,"",1,[],"triggerer.IfState( is_robot, 1, { IfState( fight, >0, { AddBuff( heist_robot_argus_buff, 7, 30, 20 ); } );  } );","[0,7471220,6750313,6619239,6619250,3014770,5046341,2621520,3014706,2687029,59,3276800,0,6619213,6357108,6357092,6357108,5046319,7209071,7602291,7471205,3080307,6619212,6750305,6619253,6619204,7733356,3080293,6881347,7929972]","[0,7471220,6750313,6619239,6619250,3014770,5046341,2621520,3014706,2687029,59,3276800,0,6619213,6357108,6357092,6357108,5046319,7209071,7602291,7471205,3080307,6619212,6750305,6619253,6619204,7733356,3080293,6881347,7929972]",0,1,[4391028],"",0,"","",0
89,22702,0,[],0,1,4,10,0,1,13,13,0,1,[],"",2,0,"","",1,2,"",5,4,"",4,[],"triggerer.SetStateTo( perception_hidden, 0 );","[0,7471220,6750313,6619239,6619250,3014770,5046341,2621520,3014706,2687029,59,3276800,0,6619213,6357108,6357092,6357108,5046319,7209071,7602291,7471205,3080307,6619212,6750305,6619253,6619204,7733356,3080293,6881347,7929972]","[0,7471220,6750313,6619239,6619250,3014770,5046341,2621520,3014706,2687029,59,3276800,0,6619213,6357108,6357092,6357108,5046319,7209071,7602291,7471205,3080307,6619212,6750305,6619253,6619204,7733356,3080293,6881347,7929972]",0,1,[4391028],"",0,"","",0
90,22804,0,[4759],500,1,2,40,0,1,13,13,0,1,[],"",3,0,1,"","",2,"",1,3,"",1,[],"DispatchRulesetEvent( \""increase_alert 200\"" );","[0,7471220,6750313,6619239,6619250,3014770,5046341,2621520,3014706,2687029,59,3276800,0,6619213,6357108,6357092,6357108,5046319,7209071,7602291,7471205,3080307,6619212,6750305,6619253,6619204,7733356,3080293,6881347,7929972]","[0,7471220,6750313,6619239,6619250,3014770,5046341,2621520,3014706,2687029,59,3276800,0,6619213,6357108,6357092,6357108,5046319,7209071,7602291,7471205,3080307,6619212,6750305,6619253,6619204,7733356,3080293,6881347,7929972]",1,1,[4391028],"",50,"","",0
91,22922,0,[],500,1,2,37,0,1,13,13,0,1,[],"",2,0,"","",1,2,"",5,4,1,4,"[""Metadata/Monsters/LeagueHeist/Boss/VinnyVoxIceWall""]","triggerer.SetStateTo( explode, 1 );","[0,7471220,6750313,6619239,6619250,3014770,5046341,2621520,3014706,2687029,59,3276800,0,6619213,6357108,6357092,6357108,5046319,7209071,7602291,7471205,3080307,6619212,6750305,6619253,6619204,7733356,3080293,6881347,7929972]","[0,7471220,6750313,6619239,6619250,3014770,5046341,2621520,3014706,2687029,59,3276800,0,6619213,6357108,6357092,6357108,5046319,7209071,7602291,7471205,3080307,6619212,6750305,6619253,6619204,7733356,3080293,6881347,7929972]",0,1,[4391028],"",0,"","",0
92,23116,0,[],2000,1,2,60,0,1,13,13,0,1,[],"",3,0,1,"",1,2,"",1,2,1,4,"[""Metadata/Monsters/LeagueHeist/Boss/FreidrichSlave"",""Metadata/Monsters/LeagueHeist/Boss/FreidrichSlave2""]","triggerer.SetStateTo( blood_extraction, 1 );","[0,7471220,6750313,6619239,6619250,3014770,5046341,2621520,3014706,2687029,59,3276800,0,6619213,6357108,6357092,6357108,5046319,7209071,7602291,7471205,3080307,6619212,6750305,6619253,6619204,7733356,3080293,6881347,7929972]","[0,7471220,6750313,6619239,6619250,3014770,5046341,2621520,3014706,2687029,59,3276800,0,6619213,6357108,6357092,6357108,5046319,7209071,7602291,7471205,3080307,6619212,6750305,6619253,6619204,7733356,3080293,6881347,7929972]",0,1,[4391028],"",0,"","",0
93,23438,0,[4872],100,1,2,60,0,1,13,13,0,1,[],"",3,0,1,"",1,2,"",1,2,1,4,"[""Metadata/Monsters/LeagueHeist/Boss/FreidrichSlave"",""Metadata/Monsters/LeagueHeist/Boss/FreidrichSlave2""]","triggerer.SetStateTo( blood_bomb, 1 );","[0,7471220,6750313,6619239,6619250,3014770,5046341,2621520,3014706,2687029,59,3276800,0,6619213,6357108,6357092,6357108,5046319,7209071,7602291,7471205,3080307,6619212,6750305,6619253,6619204,7733356,3080293,6881347,7929972]","[0,7471220,6750313,6619239,6619250,3014770,5046341,2621520,3014706,2687029,59,3276800,0,6619213,6357108,6357092,6357108,5046319,7209071,7602291,7471205,3080307,6619212,6750305,6619253,6619204,7733356,3080293,6881347,7929972]",0,1,[4391028],"",33,"","",0
94,23558,0,[],0,1,2,35,0,1,13,13,0,1,[],"",1,0,1,"","",2,"",1,3,"",1,[],"","[0,7471220,6750313,6619239,6619250,3014770,5046341,2621520,3014706,2687029,59,3276800,0,6619213,6357108,6357092,6357108,5046319,7209071,7602291,7471205,3080307,6619212,6750305,6619253,6619204,7733356,3080293,6881347,7929972]","[0,7471220,6750313,6619239,6619250,3014770,5046341,2621520,3014706,2687029,59,3276800,0,6619213,6357108,6357092,6357108,5046319,7209071,7602291,7471205,3080307,6619212,6750305,6619253,6619204,7733356,3080293,6881347,7929972]",0,1,[4391028],"",0,"","",0
95,23566,0,[],280,1,2,150,0,1,13,13,0,1,[],"",1,0,"","",1,2,"",5,4,"",4,"[""Metadata/Terrain/EndGame/MapCrimsonTownship/Objects/SmashableBench""]","triggerer.Transition();","[0,7471220,6750313,6619239,6619250,3014770,5046341,2621520,3014706,2687029,59,3276800,0,6619213,6357108,6357092,6357108,5046319,7209071,7602291,7471205,3080307,6619212,6750305,6619253,6619204,7733356,3080293,6881347,7929972]","[0,7471220,6750313,6619239,6619250,3014770,5046341,2621520,3014706,2687029,59,3276800,0,6619213,6357108,6357092,6357108,5046319,7209071,7602291,7471205,3080307,6619212,6750305,6619253,6619204,7733356,3080293,6881347,7929972]",0,1,[4391028],"",0,"","",0
96,23718,0,[],280,1,2,150,0,1,13,13,0,1,[],"",1,0,"","",1,2,"",5,4,"",4,"[""Metadata/Terrain/EndGame/MapCrimsonTownship/Objects/ExtinguishableCandles""]","triggerer.Transition();","[0,7471220,6750313,6619239,6619250,3014770,5046341,2621520,3014706,2687029,59,3276800,0,6619213,6357108,6357092,6357108,5046319,7209071,7602291,7471205,3080307,6619212,6750305,6619253,6619204,7733356,3080293,6881347,7929972]","[0,7471220,6750313,6619239,6619250,3014770,5046341,2621520,3014706,2687029,59,3276800,0,6619213,6357108,6357092,6357108,5046319,7209071,7602291,7471205,3080307,6619212,6750305,6619253,6619204,7733356,3080293,6881347,7929972]",0,1,[4391028],"",0,"","",0
97,23884,0,[],280,1,2,150,0,1,13,13,0,1,[],"",1,0,"","",1,2,"",5,4,"",4,"[""Metadata/Terrain/EndGame/MapCrimsonTownship/Objects/AmbientLight""]","triggerer.Transition();","[0,7471220,6750313,6619239,6619250,3014770,5046341,2621520,3014706,2687029,59,3276800,0,6619213,6357108,6357092,6357108,5046319,7209071,7602291,7471205,3080307,6619212,6750305,6619253,6619204,7733356,3080293,6881347,7929972]","[0,7471220,6750313,6619239,6619250,3014770,5046341,2621520,3014706,2687029,59,3276800,0,6619213,6357108,6357092,6357108,5046319,7209071,7602291,7471205,3080307,6619212,6750305,6619253,6619204,7733356,3080293,6881347,7929972]",0,1,[4391028],"",0,"","",0
98,24034,0,[4701],200,1,2,100,0,1,13,13,0,"",[],"",1,0,"","","",2,"",1,4,1,1,[],"triggerer.AddBuff(ritual_generic_speed_buff, 20, 10);","[0,7471220,6750313,6619239,6619250,3014770,5046341,2621520,3014706,2687029,59,3276800,0,6619213,6357108,6357092,6357108,5046319,7209071,7602291,7471205,3080307,6619212,6750305,6619253,6619204,7733356,3080293,6881347,7929972]","[0,7471220,6750313,6619239,6619250,3014770,5046341,2621520,3014706,2687029,59,3276800,0,6619213,6357108,6357092,6357108,5046319,7209071,7602291,7471205,3080307,6619212,6750305,6619253,6619204,7733356,3080293,6881347,7929972]",0,"",[],"",0,"","",0
99,24170,0,[5110],0,1,2,14,0,1,13,13,0,1,[],"",1,0,"","","",2,"",1,3,"",1,[],"triggerer.AddBuff( reaper_wraith_grasping_chains, infinity, -5, 10, 4, 1 );","[0,7471220,6750313,6619239,6619250,3014770,5046341,2621520,3014706,2687029,59,3276800,0,6619213,6357108,6357092,6357108,5046319,7209071,7602291,7471205,3080307,6619212,6750305,6619253,6619204,7733356,3080293,6881347,7929972]","[0,7471220,6750313,6619239,6619250,3014770,5046341,2621520,3014706,2687029,59,3276800,0,6619213,6357108,6357092,6357108,5046319,7209071,7602291,7471205,3080307,6619212,6750305,6619253,6619204,7733356,3080293,6881347,7929972]",0,1,[4391028],"",0,"","",0
100,24350,0,[5079],1000,1,3,32,0,1,13,13,0,1,[],"",3,0,"","","",2,"",1,3,"",1,[],"triggerer.AddBuff(ritual_blood_totem_degen, 3, CalculateDamage( 1.75, 0.042 ));","[0,7471220,6750313,6619239,6619250,3014770,5046341,2621520,3014706,2687029,59,3276800,0,6619213,6357108,6357092,6357108,5046319,7209071,7602291,7471205,3080307,6619212,6750305,6619253,6619204,7733356,3080293,6881347,7929972]","[0,7471220,6750313,6619239,6619250,3014770,5046341,2621520,3014706,2687029,59,3276800,0,6619213,6357108,6357092,6357108,5046319,7209071,7602291,7471205,3080307,6619212,6750305,6619253,6619204,7733356,3080293,6881347,7929972]",0,1,[4391028],"",50,"","",0
101,24538,0,[5100],600,1,5,18,0,1,13,13,0,1,[],"",1,0,1,"","",2,"",1,3,"",1,[],"triggerer.AddBuff( maven_map_space_vines, infinity, -5, 10, 3, 0 );","[0,7471220,6750313,6619239,6619250,3014770,5046341,2621520,3014706,2687029,59,3276800,0,6619213,6357108,6357092,6357108,5046319,7209071,7602291,7471205,3080307,6619212,6750305,6619253,6619204,7733356,3080293,6881347,7929972]","[0,7471220,6750313,6619239,6619250,3014770,5046341,2621520,3014706,2687029,59,3276800,0,6619213,6357108,6357092,6357108,5046319,7209071,7602291,7471205,3080307,6619212,6750305,6619253,6619204,7733356,3080293,6881347,7929972]",0,1,[4391028],"",600,"","",0
102,24702,0,[5162],600,1,2,200,0,1,13,13,0,1,[],"",1,0,1,"",1,2,"",1,4,1,1,"[""Metadata/Monsters/MavenBoss/MavenBrainOrbitDaemon""]","triggerer.SetStateTo( collapse, 1 );","[0,7471220,6750313,6619239,6619250,3014770,5046341,2621520,3014706,2687029,59,3276800,0,6619213,6357108,6357092,6357108,5046319,7209071,7602291,7471205,3080307,6619212,6750305,6619253,6619204,7733356,3080293,6881347,7929972]","[0,7471220,6750313,6619239,6619250,3014770,5046341,2621520,3014706,2687029,59,3276800,0,6619213,6357108,6357092,6357108,5046319,7209071,7602291,7471205,3080307,6619212,6750305,6619253,6619204,7733356,3080293,6881347,7929972]",0,1,[4391028],"",0,"","",0
103,24914,0,[],0,3,3,161,37,1,4,3,100,1,[],"",1,0,"","",1,2,"",5,4,1,1,"[""Metadata/Monsters/MavenBoss/MavenBrainOrbitDaemon""]","triggerer.SetStateTo( explode_without_animation, 1 );","[0,7471220,6750313,6619239,6619250,3014770,5046341,2621520,3014706,2687029,59,3276800,0,6619213,6357108,6357092,6357108,5046319,7209071,7602291,7471205,3080307,6619212,6750305,6619253,6619204,7733356,3080293,6881347,7929972]","[0,7471220,6750313,6619239,6619250,3014770,5046341,2621520,3014706,2687029,59,3276800,0,6619213,6357108,6357092,6357108,5046319,7209071,7602291,7471205,3080307,6619212,6750305,6619253,6619204,7733356,3080293,6881347,7929972]",0,1,[4391028],"",0,"","",0
104,25042,0,[],0,1,2,85,0,1,13,13,0,1,[],"",1,0,"","",1,2,"",5,4,1,1,"[""Metadata/Monsters/MavenBoss/MavenBrainOrbitDaemon""]","triggerer.SetStateTo( explode_without_animation, 1 );","[0,7471220,6750313,6619239,6619250,3014770,5046341,2621520,3014706,2687029,59,3276800,0,6619213,6357108,6357092,6357108,5046319,7209071,7602291,7471205,3080307,6619212,6750305,6619253,6619204,7733356,3080293,6881347,7929972]","[0,7471220,6750313,6619239,6619250,3014770,5046341,2621520,3014706,2687029,59,3276800,0,6619213,6357108,6357092,6357108,5046319,7209071,7602291,7471205,3080307,6619212,6750305,6619253,6619204,7733356,3080293,6881347,7929972]",0,1,[4391028],"",0,"","",0
105,25060,0,[3601],600,1,4,70,0,1,13,13,0,"",[],"",1,0,"","",1,2,"",1,4,1,4,"[""Metadata/Monsters/AtlasExiles/OrionArenaObjects/OrionGeyserObjectInfluence""]","triggerer.Transition();","[0,7471220,6750313,6619239,6619250,3014770,5046341,2621520,3014706,2687029,59,3276800,0,6619213,6357108,6357092,6357108,5046319,7209071,7602291,7471205,3080307,6619212,6750305,6619253,6619204,7733356,3080293,6881347,7929972]","[0,7471220,6750313,6619239,6619250,3014770,5046341,2621520,3014706,2687029,59,3276800,0,6619213,6357108,6357092,6357108,5046319,7209071,7602291,7471205,3080307,6619212,6750305,6619253,6619204,7733356,3080293,6881347,7929972]",0,"",[],"",0,"","",0
106,25246,0,[5202],300,1,2,50,0,1,13,13,0,1,[],"",3,0,"","","",2,"",1,2,"",1,[],"triggerer.AddBuff(ultimatum_chieftain_buff, 10, 20);","[0,7471220,6750313,6619239,6619250,3014770,5046341,2621520,3014706,2687029,59,3276800,0,6619213,6357108,6357092,6357108,5046319,7209071,7602291,7471205,3080307,6619212,6750305,6619253,6619204,7733356,3080293,6881347,7929972]","[0,7471220,6750313,6619239,6619250,3014770,5046341,2621520,3014706,2687029,59,3276800,0,6619213,6357108,6357092,6357108,5046319,7209071,7602291,7471205,3080307,6619212,6750305,6619253,6619204,7733356,3080293,6881347,7929972]",0,1,[4391028],"",0,"","",0
107,25380,0,[],100,2,2,70,0,1,6,2,15,1,[],"",3,0,"","",1,2,"",5,4,1,4,"[""Metadata/Effects/Spells/monsters_effects/League_Ultimatum/mechanics/GoliathBloodBall""]","triggerer.Transition();","[0,7471220,6750313,6619239,6619250,3014770,5046341,2621520,3014706,2687029,59,3276800,0,6619213,6357108,6357092,6357108,5046319,7209071,7602291,7471205,3080307,6619212,6750305,6619253,6619204,7733356,3080293,6881347,7929972]","[0,7471220,6750313,6619239,6619250,3014770,5046341,2621520,3014706,2687029,59,3276800,0,6619213,6357108,6357092,6357108,5046319,7209071,7602291,7471205,3080307,6619212,6750305,6619253,6619204,7733356,3080293,6881347,7929972]",0,1,[4391028],"",0,"","",0
108,25570,0,[5346],500,3,3,68,37,1,6,3,100,1,[],"",3,0,"","","",2,"",1,2,"",1,[],"triggerer.AddBuff( onslaught, 6, 20, 20, 20 );","[0,7471220,6750313,6619239,6619250,3014770,5046341,2621520,3014706,2687029,59,3276800,0,6619213,6357108,6357092,6357108,5046319,7209071,7602291,7471205,3080307,6619212,6750305,6619253,6619204,7733356,3080293,6881347,7929972]","[0,7471220,6750313,6619239,6619250,3014770,5046341,2621520,3014706,2687029,59,3276800,0,6619213,6357108,6357092,6357108,5046319,7209071,7602291,7471205,3080307,6619212,6750305,6619253,6619204,7733356,3080293,6881347,7929972]",0,1,[4391028],"",100,"","",0
109,25692,0,[5403],400,1,2,50,0,1,13,13,0,"",[],"",2,10,"","","",2,"",1,2,"",1,[],"triggerer.pulse_buff_owner = this.owner;\r\ntriggerer.IfStat( monster_allies_cannot_take_damage_pulse_owner, 0, { AddBuffWithOwner( damage_immune_while_owner_lives, 5, pulse_buff_owner, 1 ); } );","[0,7471220,6750313,6619239,6619250,3014770,5046341,2621520,3014706,2687029,59,3276800,0,6619213,6357108,6357092,6357108,5046319,7209071,7602291,7471205,3080307,6619212,6750305,6619253,6619204,7733356,3080293,6881347,7929972]","[0,7471220,6750313,6619239,6619250,3014770,5046341,2621520,3014706,2687029,59,3276800,0,6619213,6357108,6357092,6357108,5046319,7209071,7602291,7471205,3080307,6619212,6750305,6619253,6619204,7733356,3080293,6881347,7929972]",0,"",[],"",0,"","",0
110,26108,0,[5349],300,1,2,33,0,1,13,13,0,"",[],"",2,14,"","","",2,"",1,2,"",1,[],"triggerer.AddBuff(ultimatum_physical_charge, 7, 0, 0, 20, 30, 500);","[0,7471220,6750313,6619239,6619250,3014770,5046341,2621520,3014706,2687029,59,3276800,0,6619213,6357108,6357092,6357108,5046319,7209071,7602291,7471205,3080307,6619212,6750305,6619253,6619204,7733356,3080293,6881347,7929972]","[0,7471220,6750313,6619239,6619250,3014770,5046341,2621520,3014706,2687029,59,3276800,0,6619213,6357108,6357092,6357108,5046319,7209071,7602291,7471205,3080307,6619212,6750305,6619253,6619204,7733356,3080293,6881347,7929972]",0,"",[],"",100,"","",0
111,26272,0,[5350],300,1,2,33,0,1,13,13,0,"",[],"",2,14,"","","",2,"",1,2,"",1,[],"triggerer.AddBuff(ultimatum_elemental_charge, 7, 0, 20, 30, 500);","[0,7471220,6750313,6619239,6619250,3014770,5046341,2621520,3014706,2687029,59,3276800,0,6619213,6357108,6357092,6357108,5046319,7209071,7602291,7471205,3080307,6619212,6750305,6619253,6619204,7733356,3080293,6881347,7929972]","[0,7471220,6750313,6619239,6619250,3014770,5046341,2621520,3014706,2687029,59,3276800,0,6619213,6357108,6357092,6357108,5046319,7209071,7602291,7471205,3080307,6619212,6750305,6619253,6619204,7733356,3080293,6881347,7929972]",0,"",[],"",100,"","",0
112,26432,0,[],100,2,2,70,0,1,6,2,15,1,[],"",3,0,"","",1,2,"",5,4,1,4,"[""Metadata/Effects/Spells/monsters_effects/League_Ultimatum/mechanics/GoliathBloodBallRuin""]","triggerer.Transition();","[0,7471220,6750313,6619239,6619250,3014770,5046341,2621520,3014706,2687029,59,3276800,0,6619213,6357108,6357092,6357108,5046319,7209071,7602291,7471205,3080307,6619212,6750305,6619253,6619204,7733356,3080293,6881347,7929972]","[0,7471220,6750313,6619239,6619250,3014770,5046341,2621520,3014706,2687029,59,3276800,0,6619213,6357108,6357092,6357108,5046319,7209071,7602291,7471205,3080307,6619212,6750305,6619253,6619204,7733356,3080293,6881347,7929972]",0,1,[4391028],"",0,"","",0
113,26630,0,[],300,1,2,33,0,1,13,13,0,"",[],"",2,14,"","","",2,"",5,1,"",1,[],"triggerer.IfType( Metadata/Terrain/Leagues/Ultimatum/Objects/UltimatumChallengeInteractable, {}, { AddBuff(ultimatum_physical_charge, 7, 600, 600, 40, 30, 500); } );","[0,7471220,6750313,6619239,6619250,3014770,5046341,2621520,3014706,2687029,59,3276800,0,6619213,6357108,6357092,6357108,5046319,7209071,7602291,7471205,3080307,6619212,6750305,6619253,6619204,7733356,3080293,6881347,7929972]","[0,7471220,6750313,6619239,6619250,3014770,5046341,2621520,3014706,2687029,59,3276800,0,6619213,6357108,6357092,6357108,5046319,7209071,7602291,7471205,3080307,6619212,6750305,6619253,6619204,7733356,3080293,6881347,7929972]",0,"",[],"",100,"","",0
114,26974,0,[],300,1,2,33,0,1,13,13,0,"",[],"",2,14,"","","",2,"",5,1,"",1,[],"triggerer.IfType( Metadata/Terrain/Leagues/Ultimatum/Objects/UltimatumChallengeInteractable, {}, { AddBuff(ultimatum_elemental_charge, 7, 900, 40, 30, 500); } );","[0,7471220,6750313,6619239,6619250,3014770,5046341,2621520,3014706,2687029,59,3276800,0,6619213,6357108,6357092,6357108,5046319,7209071,7602291,7471205,3080307,6619212,6750305,6619253,6619204,7733356,3080293,6881347,7929972]","[0,7471220,6750313,6619239,6619250,3014770,5046341,2621520,3014706,2687029,59,3276800,0,6619213,6357108,6357092,6357108,5046319,7209071,7602291,7471205,3080307,6619212,6750305,6619253,6619204,7733356,3080293,6881347,7929972]",0,"",[],"",100,"","",0
115,27310,0,[],500,3,3,68,37,1,6,3,100,1,[],"",3,0,"","","",2,"",5,1,"",1,[],"triggerer.AddBuff( cover_in_ash, 6, -20, 20 );","[0,7471220,6750313,6619239,6619250,3014770,5046341,2621520,3014706,2687029,59,3276800,0,6619213,6357108,6357092,6357108,5046319,7209071,7602291,7471205,3080307,6619212,6750305,6619253,6619204,7733356,3080293,6881347,7929972]","[0,7471220,6750313,6619239,6619250,3014770,5046341,2621520,3014706,2687029,59,3276800,0,6619213,6357108,6357092,6357108,5046319,7209071,7602291,7471205,3080307,6619212,6750305,6619253,6619204,7733356,3080293,6881347,7929972]",0,1,[4391028],"",100,"","",0
116,27416,0,[5609],1000,2,6,55,0,1,6,2,15,1,[],"",3,0,"","",1,2,"",1,4,1,4,"[""Metadata/Effects/Spells/monsters_effects/League_Expedition/general/armored_caster/LightningBall""]","triggerer.Transition();","[0,7471220,6750313,6619239,6619250,3014770,5046341,2621520,3014706,2687029,59,3276800,0,6619213,6357108,6357092,6357108,5046319,7209071,7602291,7471205,3080307,6619212,6750305,6619253,6619204,7733356,3080293,6881347,7929972]","[0,7471220,6750313,6619239,6619250,3014770,5046341,2621520,3014706,2687029,59,3276800,0,6619213,6357108,6357092,6357108,5046319,7209071,7602291,7471205,3080307,6619212,6750305,6619253,6619204,7733356,3080293,6881347,7929972]",0,1,[4391028],"",0,"","",0
117,27644,0,[],0,1,5,18,0,1,13,13,0,1,[],"",1,0,"","",1,2,"",5,2,1,1,"[""Metadata/Monsters/Skeletons/SkeletonMelee3"",""Metadata/Monsters/Skeletons/SkeletonBowLightning"",""Metadata/Monsters/Skeletons/SkeletonBowPuncture"",""Metadata/Monsters/Skeletons/SkeletonCasterLightning"",""Metadata/Monsters/Skeletons/SkeletonCasterCold""]","triggerer.AddBuff( necromancer_skeleton_buff, infinite, 100, 50 );","[0,7471220,6750313,6619239,6619250,3014770,5046341,2621520,3014706,2687029,59,3276800,0,6619213,6357108,6357092,6357108,5046319,7209071,7602291,7471205,3080307,6619212,6750305,6619253,6619204,7733356,3080293,6881347,7929972]","[0,7471220,6750313,6619239,6619250,3014770,5046341,2621520,3014706,2687029,59,3276800,0,6619213,6357108,6357092,6357108,5046319,7209071,7602291,7471205,3080307,6619212,6750305,6619253,6619204,7733356,3080293,6881347,7929972]",0,1,[4391028],"",0,"","",0
118,28318,0,[],500,1,2,40,0,1,13,13,0,1,[],"",1,0,"","","",2,"",5,2,1,1,"[""Metadata/Monsters/LeagueExpedition/Golem/ExpeditionSmallGolem""]","triggerer.Transition(); triggerer.DisableProximityTrigger();","[0,7471220,6750313,6619239,6619250,3014770,5046341,2621520,3014706,2687029,59,3276800,0,6619213,6357108,6357092,6357108,5046319,7209071,7602291,7471205,3080307,6619212,6750305,6619253,6619204,7733356,3080293,6881347,7929972]","[0,7471220,6750313,6619239,6619250,3014770,5046341,2621520,3014706,2687029,59,3276800,0,6619213,6357108,6357092,6357108,5046319,7209071,7602291,7471205,3080307,6619212,6750305,6619253,6619204,7733356,3080293,6881347,7929972]",0,1,[4391028],"",100,"","",0
119,28586,0,[],500,1,2,40,0,1,13,13,0,1,[],"",1,0,"","","",2,"",5,2,1,1,"[""Metadata/Monsters/Spiders/DelveSpiderPacksEmergeDrop_""]","triggerer.DisableProximityTrigger(); triggerer.DelayRandom( 0.2, 0.7, { Transition(); } );","[0,7471220,6750313,6619239,6619250,3014770,5046341,2621520,3014706,2687029,59,3276800,0,6619213,6357108,6357092,6357108,5046319,7209071,7602291,7471205,3080307,6619212,6750305,6619253,6619204,7733356,3080293,6881347,7929972]","[0,7471220,6750313,6619239,6619250,3014770,5046341,2621520,3014706,2687029,59,3276800,0,6619213,6357108,6357092,6357108,5046319,7209071,7602291,7471205,3080307,6619212,6750305,6619253,6619204,7733356,3080293,6881347,7929972]",0,1,[4391028],"",100,"","",0
120,28898,0,[],500,1,2,40,0,1,13,13,0,1,[],"",1,0,"","","",2,"",5,2,"",1,"[""Metadata/Monsters/AtlasInvaders/BlackStarMonsters/BlackStarFodder2""]","triggerer.SetStateTo( howled, 1 );","[0,7471220,6750313,6619239,6619250,3014770,5046341,2621520,3014706,2687029,59,3276800,0,6619213,6357108,6357092,6357108,5046319,7209071,7602291,7471205,3080307,6619212,6750305,6619253,6619204,7733356,3080293,6881347,7929972]","[0,7471220,6750313,6619239,6619250,3014770,5046341,2621520,3014706,2687029,59,3276800,0,6619213,6357108,6357092,6357108,5046319,7209071,7602291,7471205,3080307,6619212,6750305,6619253,6619204,7733356,3080293,6881347,7929972]",0,1,[4391028],"",100,"","",0
121,29124,0,[],0,3,2,130,1,1,6,2,100,"",[],"",1,0,"","",1,2,"",5,4,1,4,"[""Metadata/Monsters/AtlasInvaders/ConsumeMonsters/ConsumeBossWallBlock1"",""Metadata/Monsters/AtlasInvaders/ConsumeMonsters/ConsumeBossWallBlock2"",""Metadata/Monsters/AtlasInvaders/ConsumeMonsters/ConsumeBossWallBlock3"",""Metadata/Monsters/AtlasInvaders/ConsumeMonsters/ConsumeBossWallBlock4""]","triggerer.IfState( spawn_protected, 0, { SetStateTo( block, 0 ); } );","[0,7471220,6750313,6619239,6619250,3014770,5046341,2621520,3014706,2687029,59,3276800,0,6619213,6357108,6357092,6357108,5046319,7209071,7602291,7471205,3080307,6619212,6750305,6619253,6619204,7733356,3080293,6881347,7929972]","[0,7471220,6750313,6619239,6619250,3014770,5046341,2621520,3014706,2687029,59,3276800,0,6619213,6357108,6357092,6357108,5046319,7209071,7602291,7471205,3080307,6619212,6750305,6619253,6619204,7733356,3080293,6881347,7929972]",0,"",[],"",0,"","",0
122,29876,0,[],0,1,2,20,0,1,13,13,0,1,[],"",1,0,"","","",2,"",5,3,"",1,[],"triggerer.AddBuff( archnemesis_greed_debuff, 10,  20, -10 );","[0,7471220,6750313,6619239,6619250,3014770,5046341,2621520,3014706,2687029,59,3276800,0,6619213,6357108,6357092,6357108,5046319,7209071,7602291,7471205,3080307,6619212,6750305,6619253,6619204,7733356,3080293,6881347,7929972]","[0,7471220,6750313,6619239,6619250,3014770,5046341,2621520,3014706,2687029,59,3276800,0,6619213,6357108,6357092,6357108,5046319,7209071,7602291,7471205,3080307,6619212,6750305,6619253,6619204,7733356,3080293,6881347,7929972]",0,1,[4391028],"",0,"","",0
123,30010,0,[6260],1000,1,2,50,0,1,13,13,0,1,[],"",1,0,"","","",2,"",1,2,"",1,[],"triggerer.If( this.owner == triggerer, {}, { IfStat( monster_rarity, 3, { AddBuff( archnemesis_rejuvenation, 2, 300 ); }, { AddBuff( archnemesis_rejuvenation, 2, 1500 ); } ); } );","[0,7471220,6750313,6619239,6619250,3014770,5046341,2621520,3014706,2687029,59,3276800,0,6619213,6357108,6357092,6357108,5046319,7209071,7602291,7471205,3080307,6619212,6750305,6619253,6619204,7733356,3080293,6881347,7929972]","[0,7471220,6750313,6619239,6619250,3014770,5046341,2621520,3014706,2687029,59,3276800,0,6619213,6357108,6357092,6357108,5046319,7209071,7602291,7471205,3080307,6619212,6750305,6619253,6619204,7733356,3080293,6881347,7929972]",0,1,[4391028],"",100,"","",0
124,30398,0,[],1000,1,2,50,0,1,13,13,0,1,[],"",1,0,"","","",2,"",5,1,"",1,[],"triggerer.AddBuff( archnemesis_rejuvenation_debuff, 2, -60);","[0,7471220,6750313,6619239,6619250,3014770,5046341,2621520,3014706,2687029,59,3276800,0,6619213,6357108,6357092,6357108,5046319,7209071,7602291,7471205,3080307,6619212,6750305,6619253,6619204,7733356,3080293,6881347,7929972]","[0,7471220,6750313,6619239,6619250,3014770,5046341,2621520,3014706,2687029,59,3276800,0,6619213,6357108,6357092,6357108,5046319,7209071,7602291,7471205,3080307,6619212,6750305,6619253,6619204,7733356,3080293,6881347,7929972]",0,1,[4391028],"",100,"","",0
125,30532,0,[],0,2,2,100,0,1,6,2,10,1,[],"",3,0,"","","",2,"",5,3,"",1,[],"triggerer.AddBuff( harvest_cat_grasping_vines_buff, infinity, -5, 10, 7, 0 );","[0,7471220,6750313,6619239,6619250,3014770,5046341,2621520,3014706,2687029,59,3276800,0,6619213,6357108,6357092,6357108,5046319,7209071,7602291,7471205,3080307,6619212,6750305,6619253,6619204,7733356,3080293,6881347,7929972]","[0,7471220,6750313,6619239,6619250,3014770,5046341,2621520,3014706,2687029,59,3276800,0,6619213,6357108,6357092,6357108,5046319,7209071,7602291,7471205,3080307,6619212,6750305,6619253,6619204,7733356,3080293,6881347,7929972]",0,1,[4391028],"",0,"","",0
126,30700,0,[6623],600,1,2,110,0,1,13,13,0,"",[],"",3,10,"","","",2,"",1,2,1,1,[],"\t\ttriggerer.IfStat( is_hidden_monster, 0,\r\n\t\t{\r\n\t\t\tIfStat( is_totem_object, 0,\r\n\t\t\t{\r\n\t\t\t\tIf( this.dont_dupe != 1,\r\n\t\t\t\t{\r\n\t\t\t\t\tthis.dont_dupe = 1;\r\n\t\t\t\t\tthis.clone = CreateClone( this, copy_mods:true, disable_drops:false );\r\n\t\t\t\t\tthis.clone.dont_dupe = 1;\r\n\t\t\t\t\tthis.clone.SetLocation( FindRandomLocationNearLocation( 5, 25, this.GetLocation() ) );\r\n\t\t\t\t\tthis.clone.AddStat( dropped_items_are_duplicated, 1 );\r\n\t\t\t\t\tthis.clone.AddMonsterExplicitMod( MonsterTagMirrored );\r\n\t\t\t\t\tthis.clone.PlayEffect( LakeKalandraDuplicateSpawnIn );\r\n\t\t\t\t} );\r\n\t\t\t} );\r\n\t\t} );","[0,7471220,6750313,6619239,6619250,3014770,5046341,2621520,3014706,2687029,59,3276800,0,6619213,6357108,6357092,6357108,5046319,7209071,7602291,7471205,3080307,6619212,6750305,6619253,6619204,7733356,3080293,6881347,7929972]","[0,7471220,6750313,6619239,6619250,3014770,5046341,2621520,3014706,2687029,59,3276800,0,6619213,6357108,6357092,6357108,5046319,7209071,7602291,7471205,3080307,6619212,6750305,6619253,6619204,7733356,3080293,6881347,7929972]",0,"",[],"",100,"","",0
127,31850,0,[],0,2,2,100,0,1,6,2,10,1,[],"",3,0,"","","",2,"",5,3,"",1,[],"triggerer.AddBuff( cover_in_ash, 6, -20, 20 );","[0,7471220,6750313,6619239,6619250,3014770,5046341,2621520,3014706,2687029,59,3276800,0,6619213,6357108,6357092,6357108,5046319,7209071,7602291,7471205,3080307,6619212,6750305,6619253,6619204,7733356,3080293,6881347,7929972]","[0,7471220,6750313,6619239,6619250,3014770,5046341,2621520,3014706,2687029,59,3276800,0,6619213,6357108,6357092,6357108,5046319,7209071,7602291,7471205,3080307,6619212,6750305,6619253,6619204,7733356,3080293,6881347,7929972]",0,1,[4391028],"",0,"","",0
128,31860,0,[],400,1,2,90,0,1,13,13,0,"",[],"",1,0,"","","",2,"",5,2,"",1,"[""Metadata/Monsters/LeagueSanctum/Fodder/GargoyleMediumEmerge_""]","triggerer.SetStateTo( statue, 1);","[0,7471220,6750313,6619239,6619250,3014770,5046341,2621520,3014706,2687029,59,3276800,0,6619213,6357108,6357092,6357108,5046319,7209071,7602291,7471205,3080307,6619212,6750305,6619253,6619204,7733356,3080293,6881347,7929972]","[0,7471220,6750313,6619239,6619250,3014770,5046341,2621520,3014706,2687029,59,3276800,0,6619213,6357108,6357092,6357108,5046319,7209071,7602291,7471205,3080307,6619212,6750305,6619253,6619204,7733356,3080293,6881347,7929972]",0,"",[],"",0,"","",0
129,32072,0,[],750,3,2,100,10,1,6,2,100,1,[],"",3,0,"","","",2,"",5,1,"",1,[],"this.pull_target = triggerer; this.SetStateTo(pulling, 1);","[6815860,7536745,4390958,7077985,2621548,7798899,7340129,6422623,6357093,2883693,7471220,6750313,6619239,6619250,2687090,59,3211264,3342387,0,6815860,7536745,7340078,7078005,6226028,6357108,6750322,7602277,3997728,7602208,6881394]","[0,7471220,6750313,6619239,6619250,3014770,5046341,2621520,3014706,2687029,59,3276800,0,6619213,6357108,6357092,6357108,5046319,7209071,7602291,7471205,3080307,6619212,6750305,6619253,6619204,7733356,3080293,6881347,7929972]",1,1,[4391028],"",50,"","",0
130,32268,0,[],750,3,2,100,10,1,6,2,100,1,[],"",3,0,"","","",2,"",5,2,"",1,[],"this.pull_target = triggerer; this.SetStateTo(pulling, 1); ","[6815860,7536745,4390958,7077985,2621548,7798899,7340129,6422623,6357093,2883693,7471220,6750313,6619239,6619250,2687090,59,3211264,3342387,0,6815860,7536745,7340078,7078005,6226028,6357108,6750322,7602277,3997728,7602208,6881394]","[0,7471220,6750313,6619239,6619250,3014770,5046341,2621520,3014706,2687029,59,3276800,0,6619213,6357108,6357092,6357108,5046319,7209071,7602291,7471205,3080307,6619212,6750305,6619253,6619204,7733356,3080293,6881347,7929972]",1,1,[4391028],"",50,"","",-5
131,32400,0,[7080],600,1,2,40,0,1,13,13,0,1,[],"",3,0,"","","",2,"",1,1,"",1,[],"triggerer.IfStat( is_frozen, 0, { this.AddBuff( frozen, 1, -100 ); } );","[0,7471220,6750313,6619239,6619250,3014770,5046341,2621520,3014706,2687029,59,3276800,0,6619213,6357108,6357092,6357108,5046319,7209071,7602291,7471205,3080307,6619212,6750305,6619253,6619204,7733356,3080293,6881347,7929972]","[0,7471220,6750313,6619239,6619250,3014770,5046341,2621520,3014706,2687029,59,3276800,0,6619213,6357108,6357092,6357108,5046319,7209071,7602291,7471205,3080307,6619212,6750305,6619253,6619204,7733356,3080293,6881347,7929972]",0,1,[4391028],"",0,"","",0
132,32572,0,[],0,1,4,30,0,1,13,13,0,1,[],"",1,0,"","","",2,"",5,1,"",1,[],"triggerer.AddBuffTemplate( AncestralJadeEncaseEnemy);triggerer.InterruptActions(0.1);","[0,7471220,6750313,6619239,6619250,3014770,5046341,2621520,3014706,2687029,59,3276800,0,6619213,6357108,6357092,6357108,5046319,7209071,7602291,7471205,3080307,6619212,6750305,6619253,6619204,7733356,3080293,6881347,7929972]","[0,7471220,6750313,6619239,6619250,3014770,5046341,2621520,3014706,2687029,59,3276800,0,6619213,6357108,6357092,6357108,5046319,7209071,7602291,7471205,3080307,6619212,6750305,6619253,6619204,7733356,3080293,6881347,7929972]",0,1,[4391028],"",0,"","",0
133,32756,0,[],0,1,2,60,0,1,13,13,0,1,[],"",3,0,"","",1,2,"",5,4,1,4,"[""Metadata/MiscellaneousObjects/AncestralTrial/RespawnTotem"",""Metadata/MiscellaneousObjects/AncestralTrial/ChieftainTotem""]","triggerer.SetStateTo(invuln, 1);  this.my_invuln_tower += triggerer;","[0,7471220,6750313,6619239,6619250,3014770,5046341,2621520,3014706,2687029,59,3276800,0,6619213,6357108,6357092,6357108,5046319,7209071,7602291,7471205,3080307,6619212,6750305,6619253,6619204,7733356,3080293,6881347,7929972]","[0,7471220,6750313,6619239,6619250,3014770,5046341,2621520,3014706,2687029,59,3276800,0,6619213,6357108,6357092,6357108,5046319,7209071,7602291,7471205,3080307,6619212,6750305,6619253,6619204,7733356,3080293,6881347,7929972]",0,1,[4391028],"",0,"","",0
134,33162,0,[],0,1,3,40,0,1,13,13,0,1,[],"",3,0,"","","",2,"",5,2,"",1,[],"triggerer.AddBuffTemplate( AncestralJadeHornOnslaught);","[0,7471220,6750313,6619239,6619250,3014770,5046341,2621520,3014706,2687029,59,3276800,0,6619213,6357108,6357092,6357108,5046319,7209071,7602291,7471205,3080307,6619212,6750305,6619253,6619204,7733356,3080293,6881347,7929972]","[0,7471220,6750313,6619239,6619250,3014770,5046341,2621520,3014706,2687029,59,3276800,0,6619213,6357108,6357092,6357108,5046319,7209071,7602291,7471205,3080307,6619212,6750305,6619253,6619204,7733356,3080293,6881347,7929972]",0,1,[4391028],"",0,"","",0
135,33286,0,[],0,1,3,60,0,1,13,13,0,1,[],"",3,0,"","",1,2,"",5,4,1,4,"[""Metadata/MiscellaneousObjects/AncestralTrial/RespawnTotem"",""Metadata/MiscellaneousObjects/AncestralTrial/ChieftainTotem""]","triggerer.my_monster.IfDead((){triggerer.Call( pause_totem_respawn, 5.0 ); AddBuffTemplate( AncestralHinekoraHornRespawnPause);});","[0,7471220,6750313,6619239,6619250,3014770,5046341,2621520,3014706,2687029,59,3276800,0,6619213,6357108,6357092,6357108,5046319,7209071,7602291,7471205,3080307,6619212,6750305,6619253,6619204,7733356,3080293,6881347,7929972]","[0,7471220,6750313,6619239,6619250,3014770,5046341,2621520,3014706,2687029,59,3276800,0,6619213,6357108,6357092,6357108,5046319,7209071,7602291,7471205,3080307,6619212,6750305,6619253,6619204,7733356,3080293,6881347,7929972]",0,1,[4391028],"",0,"","",0
136,33576,0,[],0,1,3,60,0,1,13,13,0,1,[],"",3,0,"","",1,2,"",5,4,1,4,"[""Metadata/MiscellaneousObjects/AncestralTrial/RespawnTotem"",""Metadata/MiscellaneousObjects/AncestralTrial/ChieftainTotem""]","triggerer.my_monster.IfDead((){AddBuffTemplate( AncestralHinekorahornRespawnIncrease);triggerer.AddBuffTemplate( AncestralHinekorahornRespawnIncreaseTotem );});","[0,7471220,6750313,6619239,6619250,3014770,5046341,2621520,3014706,2687029,59,3276800,0,6619213,6357108,6357092,6357108,5046319,7209071,7602291,7471205,3080307,6619212,6750305,6619253,6619204,7733356,3080293,6881347,7929972]","[0,7471220,6750313,6619239,6619250,3014770,5046341,2621520,3014706,2687029,59,3276800,0,6619213,6357108,6357092,6357108,5046319,7209071,7602291,7471205,3080307,6619212,6750305,6619253,6619204,7733356,3080293,6881347,7929972]",0,1,[4391028],"",0,"","",0
137,33926,0,[],0,1,4,50,0,1,13,13,0,1,[],"",1,0,"","","",2,"",5,1,"",1,[],"triggerer.AddBuffTemplate( AncestralJadeEncaseEnemyFieldItem ); triggerer.InterruptActions(0.1);","[0,7471220,6750313,6619239,6619250,3014770,5046341,2621520,3014706,2687029,59,3276800,0,6619213,6357108,6357092,6357108,5046319,7209071,7602291,7471205,3080307,6619212,6750305,6619253,6619204,7733356,3080293,6881347,7929972]","[0,7471220,6750313,6619239,6619250,3014770,5046341,2621520,3014706,2687029,59,3276800,0,6619213,6357108,6357092,6357108,5046319,7209071,7602291,7471205,3080307,6619212,6750305,6619253,6619204,7733356,3080293,6881347,7929972]",0,1,[4391028],"",0,"","",0
