"rownum","Id","Description","Description (French)","Description (German)","Description (Japanese)","Description (Korean)","Description (Portuguese)","Description (Russian)","Description (Spanish)","Description (Thai)","Description (Traditional Chinese)","Action","DescriptionRuthless","DescriptionRuthless (French)","DescriptionRuthless (German)","DescriptionRuthless (Japanese)","DescriptionRuthless (Korean)","DescriptionRuthless (Portuguese)","DescriptionRuthless (Russian)","DescriptionRuthless (Spanish)","DescriptionRuthless (Thai)","DescriptionRuthless (Traditional Chinese)","ActionRuthless","AchievementItems"
0,"LabDefenceAisling1","Add a Veiled Mod to a Rare item","Ajoute un Mod crypté à un Objet rare","Fügt einem seltenen Gegenstand einen verhüllten Modifikator hinzu","レアアイテムにヴェールモッドを1個追加する","희귀 아이템에 장막 속성 추가","Adiciona um modificador oculto a um item raro","Добавить завуалированное свойство на редкий предмет","Agrega un mod. encriptado a un objeto raro","เพิ่ม ม็อดผนึก 1 อย่าง ให้กับ ไอเทมแรร์","新增 1 個隱匿詞綴至稀有物品上","\r\n\r\n\r\n\r\nadd_veiled_mods 0</div></div>","","","","","","","","","","","",[]
1,"LabDefenceAisling2","Add a Veiled Mod to a Rare item, with a low chance of adding a second Veiled Mod","Ajoute un Mod crypté à un Objet rare, avec de faibles chances d'en ajouter un second","Fügt einem seltenen Gegenstand einen verhüllten Modifikator hinzu, und, mit einer geringen Chance, einen zweiten verhüllten Modifikator","レアアイテムにヴェールモッドを1個追加し、低い確率で2個目のヴェールモッドを追加する","희귀 아이템에 장막 속성 추가, 드물게 두 번째 장막 속성 추가","Adiciona um modificador oculto a um item raro, com uma pequena chance de adicionar um segundo modificador oculto","Добавить завуалированное свойство на редкий предмет с небольшим шансом добавления второго завуалированного свойства","Agrega un mod. encriptado a un objeto raro, con una probabilidad baja de agregar un segundo mod. encriptado","เพิ่ม ม็อดผนึก 1 อย่าง ให้กับ ไอเทมแรร์ โดยมีโอกาสต่ำที่จะเพิ่ม ม็อดผนึก อย่างที่สอง","新增 1 個隱匿詞綴至稀有物品上，有低機率新增第 2 個隱匿詞綴","\r\n\r\n\r\n\r\nadd_veiled_mods 5</div></div>","","","","","","","","","","","",[]
2,"LabDefenceAisling3","Add a Veiled Modifier to a Rare item, with a chance of adding a second Veiled Modifier","Ajoute un Mod crypté à un Objet rare, avec des chances d'en ajouter un second","Fügt einem seltenen Gegenstand einen verhüllten Modifikator hinzu, und, mit einer Chance, einen zweiten verhüllten Modifikator","レアアイテムにヴェールモッドを1個追加し、確率で2個目のヴェールモッドを追加する","희귀 아이템에 장막 속성 추가, 종종 두 번째 장막 속성 추가","Adiciona um modificador oculto a um item raro, com uma chance de adicionar um segundo modificador oculto","Добавить завуалированное свойство на редкий предмет с шансом добавления второго завуалированного свойства","Agrega un modificador encriptado a un objeto raro, con una probabilidad de agregar un segundo modificador encriptado","เพิ่ม ม็อดผนึก 1 อย่าง ให้กับ ไอเทมแรร์ โดยมีโอกาสที่จะเพิ่ม ม็อดผนึก อย่างที่สอง","新增 1 個隱匿詞綴至稀有物品上，有機率新增第 2 個隱匿詞綴","\r\n\r\n\r\n\r\nadd_veiled_mods 15</div></div>","","","","","","","","","","","",[]
3,"LabDefenceAisling4","Replace a random Modifier on a Rare item with a Veiled Modifier","Remplace un Mod aléatoire sur un objet Rare par un Mod crypté","Ersetzt einen zufälligen Modifikator auf einem seltenen Gegenstand durch einen verhüllten Modifikator","レアアイテム上のランダムなモッド1個をヴェールモッドに置き換える","희귀 아이템의 무작위 속성을 장막 속성으로 변경","Substitui um modificador aleatório de um item raro por um modificador oculto","Заменить случайное свойство на редком предмете на завуалированное ","Reemplaza un modificador aleatorio de un objeto raro con un modificador encriptado","แทนที่ ม็อดแบบสุ่ม 1 อย่าง ใน ไอเทมแรร์ ด้วย ม็อดผนึก 1 อย่าง","使用 1 個隱匿詞綴取代稀有物品上隨機 1 個詞綴","\r\n\r\n\r\n\r\nreplace_mod_with_veiled_mod</div></div>","","","","","","","","","","","",[]
4,"LabDefenceGravicius1","Swap a Divination Card with a new random one","Remplace une Carte divinatoire par une autre choisie au hasard","Tauscht eine Weissagungskarte gegen eine neue zufällige Karte","占いカード1枚をランダムな新しい占いカードに変化させる","점술 카드를 무작위로 변경","Troca uma Carta de Adivinhação por uma nova aleatória","Обменять гадальную карту на случайную новую","Intercambia una carta de adivinación por otra aleatoria","สลับ ไพ่พยากรณ์ 1 ใบ เป็นใบใหม่แบบสุ่ม 1 ใบ","隨機替換 1 張新命運卡","\r\n\r\n\r\n\r\nswap_divination_card BetrayalDivCardSwap1</div></div>","","","","","","","","","","","",[]
5,"LabDefenceGravicius2","Swap a Divination Card with a new random one","Remplace une Carte divinatoire par une autre choisie au hasard","Tauscht eine Weissagungskarte gegen eine neue zufällige Karte","占いカード1枚をランダムな新しい占いカードに変化させる","점술 카드를 무작위로 변경","Troca uma Carta de Adivinhação por uma nova aleatória","Обменять гадальную карту на случайную новую","Intercambia una carta de adivinación por otra aleatoria","สลับ ไพ่พยากรณ์ 1 ใบ เป็นใบใหม่แบบสุ่ม 1 ใบ","隨機替換 1 張新命運卡","\r\n\r\n\r\n\r\nswap_divination_card BetrayalDivCardSwap2</div></div>","","","","","","","","","","","",[]
6,"LabDefenceGravicius3","Swap a Divination Card with a new random one","Remplace une Carte divinatoire par une autre choisie au hasard","Tauscht eine Weissagungskarte gegen eine neue zufällige Karte","占いカード2枚をランダムな新しい占いカードに変化させる","점술 카드를 무작위로 변경","Troca uma Carta de Adivinhação por uma nova aleatória","Обменять гадальную карту на случайную новую","Intercambia una carta de adivinación por otra aleatoria","สลับ ไพ่พยากรณ์ 1 ใบ เป็นใบใหม่แบบสุ่ม 1 ใบ","隨機替換 1 張新命運卡","\r\n\r\n\r\n\r\nswap_divination_card BetrayalDivCardSwap3</div></div>","","","","","","","","","","","",[]
7,"LabDefenceGravicius4","Swap a Divination Card with a new random one","Remplace une Carte divinatoire par une autre choisie au hasard","Tauscht eine Weissagungskarte gegen eine neue zufällige Karte","占いカード1枚をランダムな新しい占いカードに変化させる","점술 카드를 무작위로 변경","Troca uma Carta de Adivinhação por uma nova aleatória","Обменять гадальную карту на случайную новую","Intercambia una carta de adivinación por otra aleatoria","สลับ ไพ่พยากรณ์ 1 ใบ เป็นใบใหม่แบบสุ่ม 1 ใบ","隨機替換 1 張新命運卡","\r\n\r\n\r\n\r\nswap_divination_card BetrayalDivCardSwap3</div></div>","","","","","","","","","","","",[]
8,"AssassinHillock1","Modify a Map's quality to 25%","Fait passer la Qualité d'une Carte à 25%","Verändert die Qualität einer Karte auf 25%","マップの品質を25%にする","지도의 퀄리티를 25%로 수정","Modifica a qualidade de um mapa para 25%","Улучшить качество карты до 25%","Modifica la calidad de un mapa al 25%","แก้ไข แผนที่ ให้มีค่าคุณภาพ 25%","調整地圖品質至 25%","\r\n\r\n\r\n\r\nset_quality map 25</div></div>","","","","","","","","","","","",[]
9,"AssassinHillock2","Modify a Map's quality to 30%","Fait passer la Qualité d'une Carte à 30%","Verändert die Qualität einer Karte auf 30%","マップの品質を30%にする","지도의 퀄리티를 30%로 수정","Modifica a qualidade de um mapa para 30%","Улучшить качество карты до 30%","Modifica la calidad de un mapa al 30%","แก้ไข แผนที่ ให้มีค่าคุณภาพ 30%","調整地圖品質至 30%","\r\n\r\n\r\n\r\nset_quality map 30</div></div>","","","","","","","","","","","",[]
10,"AssassinHillock3","Modify a Map's quality to 35%","Fait passer la Qualité d'une Carte à 35%","Verändert die Qualität einer Karte auf 35%","マップの品質を35%にする","지도의 퀄리티를 35%로 수정","Modifica a qualidade de um mapa para 35%","Улучшить качество карты до 35%","Modifica la calidad de un mapa al 35%","แก้ไข แผนที่ ให้มีค่าคุณภาพ 35%","調整地圖品質至 35%","\r\n\r\n\r\n\r\nset_quality map 35</div></div>","","","","","","","","","","","",[]
11,"AssassinHillock4","Modify a Map's quality to 35%","Fait passer la Qualité d'une Carte à 35%","Verändert die Qualität einer Karte auf 35%","マップの品質を35%にする","지도의 퀄리티를 35%로 수정","Modifica a qualidade de um mapa para 35%","Улучшить качество карты до 35%","Modifica la calidad de un mapa al 35%","แก้ไข แผนที่ ให้มีค่าคุณภาพ 35%","調整地圖品質至 35%","\r\n\r\n\r\n\r\nset_quality map 35</div></div>","","","","","","","","","","","",[]
12,"BaseDefenceHillock1","Modify an Armour Piece's quality to 24%","Fait passer la Qualité d'une armure à 24%","Verändert die Qualität eines Rüstungsstücks auf 24%","防具の品質を24%にする","방어구의 퀄리티를 24%로 수정","Modifica a qualidade de uma peça de armadura para 24%","Улучшить качество доспеха до 24%","Modifica la calidad de una pieza de armadura al 24%","แก้ไข เกราะ ให้มีค่าคุณภาพ 24%","調整護甲品質至 24%","\r\n\r\n\r\n\r\nset_quality armour 24</div></div>","","","","","","","","","","","",[]
13,"BaseDefenceHillock2","Modify an Armour Piece's quality to 26%","Fait passer la Qualité d'une armure à 26%","Verändert die Qualität eines Rüstungsstücks auf 26%","防具の品質を26%にする","방어구의 퀄리티를 26%로 수정","Modifica a qualidade de uma peça de armadura para 26%","Улучшить качество доспеха до 26%","Modifica la calidad de una pieza de armadura al 26%","แก้ไข เกราะ ให้มีค่าคุณภาพ 26%","調整護甲品質至 26%","\r\n\r\n\r\n\r\nset_quality armour 26</div></div>","","","","","","","","","","","",[]
14,"BaseDefenceHillock3","Modify an Armour Piece's quality to 28%","Fait passer la Qualité d'une armure à 28%","Verändert die Qualität eines Rüstungsstücks auf 28%","防具の品質を28%にする","방어구의 퀄리티를 28%로 수정","Modifica a qualidade de uma peça de armadura para 28%","Улучшить качество доспеха до 28%","Modifica la calidad de una pieza de armadura al 28%","แก้ไข เกราะ ให้มีค่าคุณภาพ 28%","調整護甲品質至 28%","\r\n\r\n\r\n\r\nset_quality armour 28</div></div>","","","","","","","","","","","",[]
15,"BaseDefenceHillock4","Modify an Armour Piece's quality to 30%","Fait passer la Qualité d'une armure à 30%","Verändert die Qualität eines Rüstungsstücks auf 30%","防具の品質を30%にする","방어구의 퀄리티를 30%로 수정","Modifica a qualidade de uma peça de armadura para 30%","Улучшить качество доспеха до 30%","Modifica la calidad de una pieza de armadura al 30%","แก้ไข เกราะ ให้มีค่าคุณภาพ 30%","調整護甲品質至 30%","\r\n\r\n\r\n\r\nset_quality armour 30</div></div>","","","","","","","","","","","",[]
16,"CartEscortHillock1","Modify a Weapon's quality to 24%","Fait passer la Qualité d'une arme à 24%","Verändert die Qualität einer Waffe auf 24%","武器の品質を24%にする","무기의 퀄리티를 24%로 수정","Modifica a qualidade de uma arma para 24%","Улучшить качество оружия до 24%","Modifica la calidad de un arma al 24%","แก้ไข อาวุธ ให้มีค่าคุณภาพ 24%","調整武器品質至 24%","\r\n\r\n\r\n\r\nset_quality weapon 24</div></div>","","","","","","","","","","","",[]
17,"CartEscortHillock2","Modify a Weapon's quality to 26%","Fait passer la Qualité d'une arme à 26%","Verändert die Qualität einer Waffe auf 26%","武器の品質を26%にする","무기의 퀄리티를 26%로 수정","Modifica a qualidade de uma arma para 26%","Улучшить качество оружия до 26%","Modifica la calidad de un arma al 26%","แก้ไข อาวุธ ให้มีค่าคุณภาพ 26%","調整武器品質至 26%","\r\n\r\n\r\n\r\nset_quality weapon 26</div></div>","","","","","","","","","","","",[]
18,"CartEscortHillock3","Modify a Weapon's quality to 28%","Fait passer la Qualité d'une arme à 28%","Verändert die Qualität einer Waffe auf 28%","武器の品質を28%にする","무기의 퀄리티를 28%로 수정","Modifica a qualidade de uma arma para 28%","Улучшить качество оружия до 28%","Modifica la calidad de un arma al 28%","แก้ไข อาวุธ ให้มีค่าคุณภาพ 28%","調整武器品質至 28%","\r\n\r\n\r\n\r\nset_quality weapon 28</div></div>","","","","","","","","","","","",[]
19,"CartEscortHillock4","Modify a Weapon's quality to 30%","Fait passer la Qualité d'une arme à 30%","Verändert die Qualität einer Waffe auf 30%","武器の品質を30%にする","무기의 퀄리티를 30%로 수정","Modifica a qualidade de uma arma para 30%","Улучшить качество оружия до 30%","Modifica la calidad de un arma al 30%","แก้ไข อาวุธ ให้มีค่าคุณภาพ 30%","調整武器品質至 30%","\r\n\r\n\r\n\r\nset_quality weapon 30</div></div>","","","","","","","","","","","",[]
20,"LabDefenceHillock1","Modify a Flask's quality to 22%","Fait passer la Qualité d'un Flacon à 22%","Verändert die Qualität eines Fläschchens auf 22%","フラスコの品質を22%にする","플라스크의 퀄리티를 22%로 수정","Modifica a qualidade de um frasco para 22%","Улучшить качество флакона до 22%","Modifica la calidad de un frasco al 22%","แก้ไข ขวดยา ให้มีค่าคุณภาพ 22%","調整藥劑品質至 22%","\r\n\r\n\r\n\r\nset_quality flask 22</div></div>","","","","","","","","","","","",[]
21,"LabDefenceHillock2","Modify a Flask's quality to 24%","Fait passer la Qualité d'un Flacon à 24%","Verändert die Qualität eines Fläschchens auf 24%","フラスコの品質を24%にする","플라스크의 퀄리티를 24%로 수정","Modifica a qualidade de um frasco para 24%","Улучшить качество флакона до 24%","Modifica la calidad de un frasco al 24%","แก้ไข ขวดยา ให้มีค่าคุณภาพ 24%","調整藥劑品質至 24%","\r\n\r\n\r\n\r\nset_quality flask 24</div></div>","","","","","","","","","","","",[]
22,"LabDefenceHillock3","Modify a Flask's quality to 26%","Fait passer la Qualité d'un Flacon à 26%","Verändert die Qualität eines Fläschchens auf 26%","フラスコの品質を26%にする","플라스크의 퀄리티를 26%로 수정","Modifica a qualidade de um frasco para 26%","Улучшить качество флакона до 26%","Modifica la calidad de un frasco al 26%","แก้ไข ขวดยา ให้มีค่าคุณภาพ 26%","調整藥劑品質至 26%","\r\n\r\n\r\n\r\nset_quality flask 26</div></div>","","","","","","","","","","","",[]
23,"LabDefenceHillock4","Modify a Flask's quality to 28%","Fait passer la Qualité d'un Flacon à 28%","Verändert die Qualität eines Fläschchens auf 28%","フラスコの品質を28%にする","플라스크의 퀄리티를 28%로 수정","Modifica a qualidade de um frasco para 28%","Улучшить качество флакона до 28%","Modifica la calidad de un frasco al 28%","แก้ไข ขวดยา ให้มีค่าคุณภาพ 28%","調整藥劑品質至 28%","\r\n\r\n\r\n\r\nset_quality flask 28</div></div>","","","","","","","","","","","",[]
24,"LabDefenceLeo1","","","","","","","","","","","","Modify a Flask's quality to 22%","Fait passer la qualité d'un Flacon à 22%","Verändert die Qualität eines Fläschchens auf 22%","フラスコの品質を22%に改変する","플라스크의 퀄리티를 22%로 수정","Modifica a qualidade de um frasco para 22%","Улучшить качество флакона до 22%","Modifica la calidad de un frasco al 22%","แก้ไข ขวดยา ให้มีค่าคุณภาพ 22%","調整藥劑品質至 22%","set_quality flask 22",[]
25,"LabDefenceLeo2","","","","","","","","","","","","Modify a Flask's quality to 24%","Fait passer la qualité d'un Flacon à 24%","Verändert die Qualität eines Fläschchens auf 24%","フラスコの品質を24%に改変する","플라스크의 퀄리티를 24%로 수정","Modifica a qualidade de um frasco para 24%","Улучшить качество флакона до 24%","Modifica la calidad de un frasco al 24%","แก้ไข ขวดยา ให้มีค่าคุณภาพ 24%","調整藥劑品質至 24%","set_quality flask 24",[]
26,"LabDefenceLeo3","","","","","","","","","","","","Modify a Flask's quality to 26%","Fait passer la qualité d'un Flacon à 26%","Verändert die Qualität eines Fläschchens auf 26%","フラスコの品質を26%に改変する","플라스크의 퀄리티를 26%로 수정","Modifica a qualidade de um frasco para 26%","Улучшить качество флакона до 26%","Modifica la calidad de un frasco al 26%","แก้ไข ขวดยา ให้มีค่าคุณภาพ 26%","調整藥劑品質至 26%","set_quality flask 26",[]
27,"LabDefenceLeo4","","","","","","","","","","","","Modify a Flask's quality to 28%","Fait passer la qualité d'un Flacon à 28%","Verändert die Qualität eines Fläschchens auf 28%","フラスコの品質を28%に改変する","플라스크의 퀄리티를 28%로 수정","Modifica a qualidade de um frasco para 28%","Улучшить качество флакона до 28%","Modifica la calidad de un frasco al 28%","แก้ไข ขวดยา ให้มีค่าคุณภาพ 28%","調整藥劑品質至 28%","set_quality flask 28",[]
28,"LabDefenceJorgin1","Transform a non-unique Amulet into a Tier 1 Talisman","Transforme une Amulette (non unique) en un Talisman de Palier 1","Verwandelt ein Amulett (einzigartiges ausgenommen) in einen Talisman des Levels 1","非ユニークアミュレットをティア1タリスマンに変化させる","비-고유 목걸이를 1등급 부적으로 변경","Transforma um amuleto não único em um talismã de nível 1","Превратить неуникальный амулет в талисман 1 уровня","Transforma un amuleto que no es único en un talismán de grado 1","แปรสภาพ สร้อยที่ไม่ใช่ ยูนิค ให้เป็น สร้อยเครื่องราง ระดับ 1","轉化 1 個非傳奇項鍊為階級 1 的魔符","transform_into_talisman 1","Transform a non-unique Amulet into a Tier 1 Talisman","Transforme une Amulette (non unique) en un Talisman de Palier 1","Verwandelt ein Amulett (einzigartiges ausgenommen) in einen Talisman des Levels 1","非ユニークアミュレットをティア1タリスマンに変化させる","비-고유 목걸이를 1등급 부적으로 변경","Transforma um amuleto não único em um talismã de nível 1","Превратить неуникальный амулет в талисман 1 уровня","Transforma un amuleto que no es único en un talismán de grado 1","แปรสภาพ สร้อยที่ไม่ใช่ ยูนิค ให้เป็น สร้อยเครื่องราง ระดับ 1","轉化 1 個非傳奇項鍊為階級 1 的魔符","transform_into_talisman 1",[]
29,"LabDefenceJorgin2","Transform a non-unique Amulet into a Tier 2 Talisman","Transforme une Amulette (non unique) en un Talisman de Palier 2","Verwandelt ein Amulett (einzigartiges ausgenommen) in einen Talisman des Levels 2","非ユニークアミュレットをティア2タリスマンに変化させる","비-고유 목걸이를 2등급 부적으로 변경","Transforma um amuleto não único em um talismã de nível 2","Превратить неуникальный амулет в талисман 2 уровня","Transforma un amuleto que no es único en un talismán de grado 2","แปรสภาพ สร้อยที่ไม่ใช่ ยูนิค ให้เป็น สร้อยเครื่องราง ระดับ 2","轉化 1 個非傳奇項鍊為階級 2 的魔符","transform_into_talisman 2","Transform a non-unique Amulet into a Tier 2 Talisman","Transforme une Amulette (non unique) en un Talisman de Palier 2","Verwandelt ein Amulett (einzigartiges ausgenommen) in einen Talisman des Levels 2","非ユニークアミュレットをティア2タリスマンに変化させる","비-고유 목걸이를 2등급 부적으로 변경","Transforma um amuleto não único em um talismã de nível 2","Превратить неуникальный амулет в талисман 2 уровня","Transforma un amuleto que no es único en un talismán de grado 2","แปรสภาพ สร้อยที่ไม่ใช่ ยูนิค ให้เป็น สร้อยเครื่องราง ระดับ 2","轉化 1 個非傳奇項鍊為階級 2 的魔符","transform_into_talisman 2",[]
30,"LabDefenceJorgin3","Transform a non-unique Amulet into a Tier 3 Talisman","Transforme une Amulette (non unique) en un Talisman de Palier 3","Verwandelt ein Amulett (einzigartiges ausgenommen) in einen Talisman des Levels 3","非ユニークアミュレットをティア3タリスマンに変化させる","비-고유 목걸이를 3등급 부적으로 변경","Transforma um amuleto não único em um talismã de nível 3","Превратить неуникальный амулет в талисман 3 уровня","Transforma un amuleto que no es único en un talismán de grado 3","แปรสภาพ สร้อยที่ไม่ใช่ ยูนิค ให้เป็น สร้อยเครื่องราง ระดับ 3","轉化 1 個非傳奇項鍊為階級 3 的魔符","transform_into_talisman 3","Transform a non-unique Amulet into a Tier 3 Talisman","Transforme une Amulette (non unique) en un Talisman de Palier 3","Verwandelt ein Amulett (einzigartiges ausgenommen) in einen Talisman des Levels 3","非ユニークアミュレットをティア3タリスマンに変化させる","비-고유 목걸이를 3등급 부적으로 변경","Transforma um amuleto não único em um talismã de nível 3","Превратить неуникальный амулет в талисман 3 уровня","Transforma un amuleto que no es único en un talismán de grado 3","แปรสภาพ สร้อยที่ไม่ใช่ ยูนิค ให้เป็น สร้อยเครื่องราง ระดับ 3","轉化 1 個非傳奇項鍊為階級 3 的魔符","transform_into_talisman 3",[]
31,"LabDefenceJorgin4","Transform a non-unique Amulet into a Tier 3 Talisman","Transforme une Amulette (non unique) en un Talisman de Palier 3","Verwandelt ein Amulett (einzigartiges ausgenommen) in einen Talisman des Levels 3","非ユニークアミュレットをティア3タリスマンに変化させる","비-고유 목걸이를 3등급 부적으로 변경","Transforma um amuleto não único em um talismã de nível 3","Превратить неуникальный амулет в талисман 3 уровня","Transforma un amuleto que no es único en un talismán de grado 3","แปรสภาพ สร้อยที่ไม่ใช่ ยูนิค ให้เป็น สร้อยเครื่องราง ระดับ 4","轉化 1 個非傳奇項鍊為階級 3 的魔符","transform_into_talisman 3","Transform a non-unique Amulet into a Tier 3 Talisman","Transforme une Amulette (non unique) en un Talisman de Palier 3","Verwandelt ein Amulett (einzigartiges ausgenommen) in einen Talisman des Levels 3","非ユニークアミュレットをティア3タリスマンに変化させる","비-고유 목걸이를 3등급 부적으로 변경","Transforma um amuleto não único em um talismã de nível 3","Превратить неуникальный амулет в талисман 3 уровня","Transforma un amuleto que no es único en un talismán de grado 3","แปรสภาพ สร้อยที่ไม่ใช่ ยูนิค ให้เป็น สร้อยเครื่องราง ระดับ 4","轉化 1 個非傳奇項鍊為階級 3 的魔符","transform_into_talisman 3",[]
32,"LabDefenceTora1","Add 20m experience to a Gem","Ajoute 20 millions d'expérience à une Gemme","Fügt einer Gemme 20m Erfahrungspunkte hinzu","ジェムに20m経験値追加する","젬에 경험치 20,000,000 추가","Adiciona 20 m de experiência a uma gema","Добавить 20 миллионов опыта камню","Agrega 20 m de experiencia a una gema","เพิ่ม ค่าประสบการณ์ 20 ล้าน ให้กับ หิน","增加 2000 萬經驗至一顆寶石","add_gem_experience 20000000","Add 10m experience to a Gem","Ajoute 10 millions d'expérience à une Gemme","Fügt einer Gemme 10m Erfahrungspunkte hinzu","ジェムに10m経験値追加する","젬에 경험치 10,000,000 추가","Adiciona 10 m de experiência a uma gema","Добавить 10 миллионов опыта камню","Agrega 10 m de experiencia a una gema","เพิ่ม ค่าประสบการณ์ 10 ล้าน ให้กับ หิน","增加 1000 萬經驗至一顆寶石","add_gem_experience 10000000",[]
33,"LabDefenceTora2","Add 70m experience to a Gem","Ajoute 70 millions d'expérience à une Gemme","Fügt einer Gemme 70m Erfahrungspunkte hinzu","ジェムに70m経験値追加する","젬에 경험치 70,000,000 추가","Adiciona 70 m de experiência a uma gema","Добавить 70 миллионов опыта камню","Agrega 70 m de experiencia a una gema","เพิ่ม ค่าประสบการณ์ 70 ล้าน ให้กับ หิน","增加 7000 萬經驗至一顆寶石","add_gem_experience 70000000","Add 35m experience to a Gem","Ajoute 35 millions d'expérience à une Gemme","Fügt einer Gemme 35m Erfahrungspunkte hinzu","ジェムに35m経験値追加する","젬에 경험치 35,000,000 추가","Adiciona 35 m de experiência a uma gema","Добавить 35 миллионов опыта камню","Agrega 35 m de experiencia a una gema","เพิ่ม ค่าประสบการณ์ 35 ล้าน ให้กับ หิน","增加 3500 萬經驗至一顆寶石","add_gem_experience 35000000",[]
34,"LabDefenceTora3","Add 200m experience to a Gem","Ajoute 200 millions d'expérience à une Gemme","Fügt einer Gemme 200m Erfahrungspunkte hinzu","ジェムに200m経験値追加する","젬에 경험치 200,000,000 추가","Adiciona 200 m de experiência a uma gema","Добавить 200 миллионов опыта камню","Agrega 200 m de experiencia a una gema","เพิ่ม ค่าประสบการณ์ 200 ล้าน ให้กับ หิน","增加 2 億經驗至一顆寶石","add_gem_experience 200000000","Add 70m experience to a Gem","Ajoute 70 millions d'expérience à une Gemme","Fügt einer Gemme 70m Erfahrungspunkte hinzu","ジェムに70m経験値追加する","젬에 경험치 70,000,000 추가","Adiciona 70 m de experiência a uma gema","Добавить 70 миллионов опыта камню","Agrega 70 m de experiencia a una gema","เพิ่ม ค่าประสบการณ์ 70 ล้าน ให้กับ หิน","增加 7000 萬經驗至一顆寶石","add_gem_experience 70000000",[]
35,"LabDefenceTora4","Add 200m experience to a Gem","Ajoute 200 millions d'expérience à une Gemme","Fügt einer Gemme 200m Erfahrungspunkte hinzu","ジェムに200m経験値追加する","젬에 경험치 200,000,000 추가","Adiciona 200 m de experiência a uma gema","Добавить 200 миллионов опыта камню","Agrega 200 m de experiencia a una gema","เพิ่ม ค่าประสบการณ์ 200 ล้าน ให้กับ หิน","增加 2 億經驗至一顆寶石","add_gem_experience 200000000","Add 150m experience to a Gem","Ajoute 150 millions d'expérience à une Gemme","Fügt einer Gemme 150m Erfahrungspunkte hinzu","ジェムに150m経験値追加する","젬에 경험치 150,000,000 추가","Adiciona 150 m de experiência a uma gema","Добавить 150 миллионов опыта камню","Agrega 150 m de experiencia a una gema","เพิ่ม ค่าประสบการณ์ 150 ล้าน ให้กับ หิน","增加 1 億 5000 萬經驗至一顆寶石","add_gem_experience 150000000",[]
36,"LabDefenceVorici1","Modify an item to have 1 White Socket","Modifie un objet afin qu'il ait 1 Châsse blanche","Verändert einen Gegenstand, um 1 weiße Fassung anzunehmen","アイテムのソケット1個を白にする","아이템이 하얀 홈을 1개 보유하도록 수정","Modifica um item para ter 1 encaixe branco","Изменить предмет, перекрасив 1 гнездо в белый цвет","Modifica un objeto para que tenga 1 engarce blanco","แก้ไขไอเทมให้มี รูสีขาว 1 รู","調整物品使其具有 1 個白色插槽","roll_white_sockets 0","Reforge the links between sockets on an item 10 times, using the outcome with the greatest number of linked sockets","Remodèle à 10 reprises les liaisons entre les châsses d'un objet et sélectionne le résultat ayant le plus grand nombre de châsses reliées entre elles","Verändert die Anzahl der verbundenen Fassungen eines Gegenstands 10 Mal und wählt das Ergebnis mit der höchsten Anzahl an verbundenen Fassungen","アイテムのソケット間のリンクを10回リフォージし、リンクされたソケットが最高数の結果を採用する","아이템의 홈 연결부 10회 재련. 연결된 홈 개수가 가장 많은 결과 적용","Reforja as conexões entre os encaixes de um item dez vezes, mantendo o resultado com a maior quantidade de encaixes conectados","Перековать количество связей между гнёздами на предмете 10 раз. Итоговым становится результат с наибольшим количеством связей между гнёздами","Reforja los vínculos entre engarces de un objeto 10 veces y se queda con el resultado que tenga el mayor número de engarces vinculados","สุ่มเชื่อมรู บนไอเทมขึ้นมาใหม่ 10 ครั้ง และใช้ผลลัพธ์ที่ให้ จำนวนเชื่อม มากที่สุด","重鑄物品上的插槽連結 10 次，採最多相連插槽數量的結果","modify_sockets_N_times 10 links",[]
37,"LabDefenceVorici2","Modify an item to have 1-2 White Sockets","Modifie un objet afin qu'il ait 1 ou 2 Châsses blanches","Verändert einen Gegenstand, um 1-2 weiße Fassungen anzunehmen","アイテムのソケット1-2個を白にする","아이템이 하얀 홈을 1-2개 보유하도록 수정","Modifica um item para ter 1 ou 2 encaixes brancos","Изменить предмет, перекрасив 1-2 гнезда в белый цвет","Modifica un objeto para que tenga 1-2 engarces blancos","แก้ไขไอเทมให้มี รูสีขาว 1-2 รู","調整物品使其具有 1-2 個白色插槽","roll_white_sockets 1","Reforge the links between sockets on an item 15 times, using the outcome with the greatest number of linked sockets","Remodèle à 15 reprises les liaisons entre les châsses d'un objet et sélectionne le résultat ayant le plus grand nombre de châsses reliées entre elles","Verändert die Anzahl der verbundenen Fassungen eines Gegenstands 15 Mal und wählt das Ergebnis mit der höchsten Anzahl an verbundenen Fassungen","アイテムのソケット間のリンクを15回リフォージし、リンクされたソケットが最高数の結果を採用する","아이템의 홈 연결부 15회 재련. 연결된 홈 개수가 가장 많은 결과 적용","Reforja as conexões entre os encaixes de um item 15 vezes, mantendo o resultado com a maior quantidade de encaixes conectados","Перековать количество связей между гнёздами на предмете 15 раз. Итоговым становится результат с наибольшим количеством связей между гнёздами","Reforja los vínculos entre engarces de un objeto 15 veces y se queda con el resultado que tenga el mayor número de engarces vinculados","สุ่มเชื่อมรู บนไอเทมขึ้นมาใหม่ 15 ครั้ง และใช้ผลลัพธ์ที่ให้ จำนวนเชื่อม มากที่สุด","重鑄物品上的插槽連結 15 次，採最多相連插槽數量的結果","modify_sockets_N_times 15 links",[]
38,"LabDefenceVorici3","Modify an item to have 1-3 White Sockets","Modifie un objet afin qu'il ait de 1 à 3 Châsses blanches","Verändert einen Gegenstand, um 1-3 weiße Fassungen anzunehmen","アイテムのソケット1-3個を白にする","아이템이 하얀 홈을 1-3개 보유하도록 수정","Modifica um item para ter de 1 a 3 encaixes brancos","Изменить предмет, перекрасив 1-3 гнезда в белый цвет","Modifica un objeto para que tenga 1-3 engarces blancos","แก้ไขไอเทมให้มี รูสีขาว 1-3 รู","調整物品使其具有 1-3 個白色插槽","roll_white_sockets 2","Reforge the links between sockets on an item 20 times, using the outcome with the greatest number of linked sockets","Remodèle à 20 reprises les liaisons entre les châsses d'un objet et sélectionne le résultat ayant le plus grand nombre de châsses reliées entre elles","Verändert die Anzahl der verbundenen Fassungen eines Gegenstands 20 Mal und wählt das Ergebnis mit der höchsten Anzahl an verbundenen Fassungen","アイテムのソケット間のリンクを20回リフォージし、リンクされたソケットが最高数の結果を採用する","아이템의 홈 연결부 20회 재련. 연결된 홈 개수가 가장 많은 결과 적용","Reforja as conexões entre os encaixes de um item 20 vezes, mantendo o resultado com a maior quantidade de encaixes conectados","Перековать количество связей между гнёздами на предмете 20 раз. Итоговым становится результат с наибольшим количеством связей между гнёздами","Reforja los vínculos entre engarces de un objeto 20 veces y se queda con el resultado que tenga el mayor número de engarces vinculados","สุ่มเชื่อมรู บนไอเทมขึ้นมาใหม่ 20 ครั้ง และใช้ผลลัพธ์ที่ให้ จำนวนเชื่อม มากที่สุด","重鑄物品上的插槽連結 20 次，採最多相連插槽數量的結果","modify_sockets_N_times 20 links",[]
39,"LabDefenceVorici4","Modify an item to have 1-6 White Sockets","Modifie un objet afin qu'il ait de 1 à 6 Châsses blanches","Verändert einen Gegenstand, um 1-6 weiße Fassungen anzunehmen","アイテムのソケット1-6個を白にする","아이템이 하얀 홈을 1-6개 보유하도록 수정","Modifica um item para ter de 1 a 6 encaixes brancos","Изменить предмет, перекрасив 1-6 гнёзд в белый цвет","Modifica un objeto para que tenga 1-6 engarces blancos","แก้ไขไอเทมให้มี รูสีขาว 1-6 รู","調整物品使其具有 1-6 個白色插槽","roll_white_sockets 5","Reforge the links between sockets on an item 30 times, using the outcome with the greatest number of linked sockets","Remodèle à 30 reprises les liaisons entre les châsses d'un objet et sélectionne le résultat ayant le plus grand nombre de châsses reliées entre elles","Verändert die Anzahl der verbundenen Fassungen eines Gegenstands 30 Mal und wählt das Ergebnis mit der höchsten Anzahl an verbundenen Fassungen","アイテムのソケット間のリンクを30回リフォージし、リンクされたソケットが最高数の結果を採用する","아이템의 홈 연결부 30회 재련. 연결된 홈 개수가 가장 많은 결과 적용","Reforja as conexões entre os encaixes de um item 30 vezes, mantendo o resultado com a maior quantidade de encaixes conectados","Перековать количество связей между гнёздами на предмете 30 раз. Итоговым становится результат с наибольшим количеством связей между гнёздами","Reforja los vínculos entre engarces de un objeto 30 veces y se queda con el resultado que tenga el mayor número de engarces vinculados","สุ่มเชื่อมรู บนไอเทมขึ้นมาใหม่ 30 ครั้ง และใช้ผลลัพธ์ที่ให้ จำนวนเชื่อม มากที่สุด","重鑄物品上的插槽連結 30 次，採最多相連插槽數量的結果","modify_sockets_N_times 30 links",[]
40,"CartEscortVorici1","Reforge the colours of sockets on an item 50 times, using the outcome with the greatest number of less-common socket colours","Remodèle à 50 reprises les couleurs des châsses d'un objet et sélectionne le résultat ayant le plus grand nombre de châsses moins communes","Verändert die Farben der Fassungen eines Gegenstands 50 Mal und wählt das Ergebnis mit der höchsten Anzahl an weniger geläufigen Fassungsfarben ","アイテムのソケットの色を50回リフォージし、出にくいソケットの色が最大の結果を採用する","아이템의 홈 색상 50회 재련. 덜 흔한 홈 색상 개수가 가장 많은 결과 적용","Reforja as cores dos encaixes de um item 50 vezes, mantendo o resultado com a maior quantidade de cores incomuns","Перековать цвета гнёзд на предмете 50 раз. Итоговым становится результат с наибольшим количеством менее свойственных цветов гнёзд","Reforja los colores de los engarces de un objeto 50 veces y se queda con el resultado que tenga el mayor número de engarces con colores menos comunes ","สุ่มเปลี่ยนสีรู บนไอเทมขึ้นมาใหม่ 50 ครั้ง และใช้ผลลัพธ์ที่ให้ จำนวนสีรูที่ออกยาก มากที่สุด","重鑄物品上的插槽顏色 50 次，採最多稀有插槽顏色數量的結果","modify_sockets_N_times 50 colours","Reforge the colours of sockets on an item 10 times, using the outcome with the greatest number of less-common socket colours","Remodèle à 10 reprises les couleurs des châsses d'un objet et sélectionne le résultat ayant le plus grand nombre de châsses moins communes","Verändert die Farben der Fassungen eines Gegenstands 10 Mal und wählt das Ergebnis mit der höchsten Anzahl an weniger geläufigen Fassungsfarben ","アイテムのソケットの色を10回リフォージし、出にくいソケットの色が最大の結果を採用する","아이템의 홈 색상 10회 재련. 덜 흔한 홈 색상 개수가 가장 많은 결과 적용","Reforja as cores dos encaixes de um item dez vezes, mantendo o resultado com a maior quantidade de cores incomuns","Перековать цвета гнёзд на предмете 10 раз. Итоговым становится результат с наибольшим количеством менее свойственных цветов гнёзд","Reforja los colores de los engarces de un objeto 10 veces y se queda con el resultado que tenga el mayor número de engarces con colores menos comunes ","สุ่มเปลี่ยนสีรู บนไอเทมขึ้นมาใหม่ 10 ครั้ง และใช้ผลลัพธ์ที่ให้ จำนวนสีรูที่ออกยาก มากที่สุด","重鑄物品上的插槽顏色 10 次，採最多稀有插槽顏色數量的結果","modify_sockets_N_times 10 colours",[]
41,"CartEscortVorici2","Reforge the number of sockets on an item 50 times, using the outcome with the greatest number of sockets","Remodèle à 50 reprises le nombre de châsses d'un objet et sélectionne le résultat ayant le plus grand nombre de châsses.","Verändert die Anzahl der Fassungen eines Gegenstands 50-mal und behält das Ergebnis mit der höchsten Anzahl an Fassungen bei.","アイテムのソケットの数を50回リフォージし、ソケットの数が最大の結果を採用する","아이템의 홈 개수 50회 재련. 홈 개수가 가장 많은 결과 적용","Reforja o número de encaixes de um item 50 vezes, mantendo o resultado com a maior quantidade de encaixes","Перековать количество гнёзд на предмете 50 раз. Итоговым становится результат с наибольшим количеством гнёзд","Reforja el número de engarces de un objeto 50 veces y se queda con el resultado que tenga el mayor número de engarces","สุ่มเจาะรู บนไอเทมขึ้นมาใหม่ 50 ครั้ง และใช้ผลลัพธ์ที่ให้ จำนวนรู มากที่สุด","重鑄物品上的插槽數量 50 次，採最多插槽數量的結果","modify_sockets_N_times 50 sockets","Reforge the colours of sockets on an item 20 times, using the outcome with the greatest number of less-common socket colours","Remodèle à 20 reprises les couleurs des châsses d'un objet et sélectionne le résultat ayant le plus grand nombre de châsses moins communes","Verändert die Farben der Fassungen eines Gegenstands 20 Mal und wählt das Ergebnis mit der höchsten Anzahl an weniger geläufigen Fassungsfarben ","アイテムのソケットの色を20回リフォージし、出にくいソケットの色が最大の結果を採用する","아이템의 홈 색상 20회 재련. 덜 흔한 홈 색상 개수가 가장 많은 결과 적용","Reforja as cores dos encaixes de um item 20 vezes, mantendo o resultado com a maior quantidade de cores incomuns","Перековать цвета гнёзд на предмете 20 раз. Итоговым становится результат с наибольшим количеством менее свойственных цветов гнёзд","Reforja los colores de los engarces de un objeto 20 veces y se queda con el resultado que tenga el mayor número de engarces con colores menos comunes ","สุ่มเปลี่ยนสีรู บนไอเทมขึ้นมาใหม่ 20 ครั้ง และใช้ผลลัพธ์ที่ให้ จำนวนสีรูที่ออกยาก มากที่สุด","重鑄物品上的插槽顏色 20 次，採最多稀有插槽顏色數量的結果","modify_sockets_N_times 20 colours",[]
42,"CartEscortVorici3","Reforge the links between sockets on an item 50 times, using the outcome with the greatest number of linked sockets","Remodèle à 50 reprises les liaisons entre les châsses d'un objet et sélectionne le résultat ayant le plus grand nombre de châsses reliées entre elles","Verändert die Anzahl der verbundenen Fassungen eines Gegenstands 50-mal und behält das Ergebnis mit der höchsten Anzahl an verbundenen Fassungen bei.","アイテムのソケット間のリンクの数を50回リフォージし、リンクの数が最大の結果を採用する","아이템의 홈 연결부 50회 재련. 연결된 홈 개수가 가장 많은 결과 적용","Reforja as conexões entre os encaixes de um item 50 vezes, mantendo o resultado com a maior quantidade de encaixes conectados","Перековать количество связей между гнёздами на предмете 50 раз. Итоговым становится результат с наибольшим количеством связей между гнёздами","Reforja los vínculos entre engarces de un objeto 50 veces y se queda con el resultado que tenga el mayor número de engarces vinculados","สุ่มเชื่อมรู บนไอเทมขึ้นมาใหม่ 50 ครั้ง และใช้ผลลัพธ์ที่ให้ จำนวนเชื่อม มากที่สุด","重鑄物品上的插槽連結 50 次，採最多相連插槽數量的結果","modify_sockets_N_times 50 links","Reforge the colours of sockets on an item 30 times, using the outcome with the greatest number of less-common socket colours","Remodèle à 30 reprises les couleurs des châsses d'un objet et sélectionne le résultat ayant le plus grand nombre de châsses moins communes","Verändert die Farben der Fassungen eines Gegenstands 30 Mal und wählt das Ergebnis mit der höchsten Anzahl an weniger geläufigen Fassungsfarben ","アイテムのソケットの色を30回リフォージし、出にくいソケットの色が最大の結果を採用する","아이템의 홈 색상 30회 재련. 덜 흔한 홈 색상 개수가 가장 많은 결과 적용","Reforja as cores dos encaixes de um item 30 vezes, mantendo o resultado com a maior quantidade de cores incomuns","Перековать цвета гнёзд на предмете 30 раз. Итоговым становится результат с наибольшим количеством менее свойственных цветов гнёзд","Reforja los colores de los engarces de un objeto 30 veces y se queda con el resultado que tenga el mayor número de engarces con colores menos comunes ","สุ่มเปลี่ยนสีรู บนไอเทมขึ้นมาใหม่ 30 ครั้ง และใช้ผลลัพธ์ที่ให้ จำนวนสีรูที่ออกยาก มากที่สุด","重鑄物品上的插槽顏色 30 次，採最多稀有插槽顏色數量的結果","modify_sockets_N_times 30 colours",[]
43,"CartEscortVorici4","Reforge the links between sockets on an item 50 times, using the outcome with the greatest number of linked sockets","Remodèle à 50 reprises les liaisons entre les châsses d'un objet et sélectionne le résultat ayant le plus grand nombre de châsses reliées entre elles","Verändert die Anzahl der verbundenen Fassungen eines Gegenstands 50-mal und behält das Ergebnis mit der höchsten Anzahl an verbundenen Fassungen bei.","アイテムのソケット間のリンクの数を50回リフォージし、リンクの数が最大の結果を採用する","아이템의 홈 연결부 50회 재련. 연결된 홈 개수가 가장 많은 결과 적용","Reforja as conexões entre os encaixes de um item 50 vezes, mantendo o resultado com a maior quantidade de encaixes conectados","Перековать количество связей между гнёздами на предмете 50 раз. Итоговым становится результат с наибольшим количеством связей между гнёздами","Reforja los vínculos entre engarces de un objeto 50 veces y se queda con el resultado que tenga el mayor número de engarces vinculados","สุ่มเชื่อมรู บนไอเทมขึ้นมาใหม่ 50 ครั้ง และใช้ผลลัพธ์ที่ให้ จำนวนเชื่อม มากที่สุด","重鑄物品上的插槽連結 50 次，採最多相連插槽數量的結果","modify_sockets_N_times 50 links","Reforge the colours of sockets on an item 40 times, using the outcome with the greatest number of less-common socket colours","Remodèle à 40 reprises les couleurs des châsses d'un objet et sélectionne le résultat ayant le plus grand nombre de châsses moins communes","Verändert die Farben der Fassungen eines Gegenstands 40 Mal und wählt das Ergebnis mit der höchsten Anzahl an weniger geläufigen Fassungsfarben ","アイテムのソケットの色を40回リフォージし、出にくいソケットの色が最大の結果を採用する","아이템의 홈 색상 40회 재련. 덜 흔한 홈 색상 개수가 가장 많은 결과 적용","Reforja as cores dos encaixes de um item 40 vezes, mantendo o resultado com a maior quantidade de cores incomuns","Перековать цвета гнёзд на предмете 40 раз. Итоговым становится результат с наибольшим количеством менее свойственных цветов гнёзд","Reforja los colores de los engarces de un objeto 40 veces y se queda con el resultado que tenga el mayor número de engarces con colores menos comunes ","สุ่มเปลี่ยนสีรู บนไอเทมขึ้นมาใหม่ 40 ครั้ง และใช้ผลลัพธ์ที่ให้ จำนวนสีรูที่ออกยาก มากที่สุด","重鑄物品上的插槽顏色 40 次，採最多稀有插槽顏色數量的結果","modify_sockets_N_times 40 colours",[]
44,"BaseDefenceVorici1","","Remodèle à 100 reprises les couleurs des châsses d'un objet et sélectionne le résultat ayant le plus grand nombre de châsses moins communes","Verändert die Farben der Fassungen eines Gegenstands 100 Mal und wählt das Ergebnis mit der höchsten Anzahl an weniger geläufigen Fassungsfarben.","アイテムのソケットの色を100回リフォージし、出にくいソケットの色が最大の結果を採用する","아이템의 홈 색상 100회 재련. 덜 흔한 홈 색상 개수가 가장 많은 결과 적용","Reforja as cores dos encaixes de um item cem vezes, mantendo o resultado com a maior quantidade de cores incomuns","Перековать цвета гнёзд на предмете 100 раз. Итоговым становится результат с наибольшим количеством менее свойственных цветов гнёзд","Reforja los colores de los engarces de un objeto 100 veces y se queda con el resultado que tenga el mayor número de engarces con colores menos comunes ","สุ่มเปลี่ยนสีรู บนไอเทมขึ้นมาใหม่ 100 ครั้ง และใช้ผลลัพธ์ที่ให้ จำนวนสีรูที่ออกยาก มากที่สุด","重鑄物品上的插槽顏色 100 次，使用最多稀有插槽顏色數量的結果","","Reforge the number of sockets on an item 10 times, using the outcome with the greatest number of sockets","Remodèle à 10 reprises le nombre de châsses d'un objet et sélectionne le résultat ayant le plus grand nombre de châsses.","Verändert die Anzahl der Fassungen eines Gegenstands 10 Mal und wählt das Ergebnis mit der höchsten Anzahl an Fassungen","アイテムのソケットの数を10回リフォージし、ソケットの数が最大の結果を採用する","아이템의 홈 개수 10회 재련. 홈 개수가 가장 많은 결과 적용","Reforja o número de encaixes de um item 10 vezes, mantendo o resultado com a maior quantidade de encaixes","Перековать количество гнёзд на предмете 10 раз. Итоговым становится результат с наибольшим количеством гнёзд","Reforja el número de engarces de un objeto 10 veces y se queda con el resultado que tenga el mayor número de engarces","สุ่มเจาะรู บนไอเทมขึ้นมาใหม่ 10 ครั้ง และใช้ผลลัพธ์ที่ให้ จำนวนรู มากที่สุด","重鑄物品上的插槽數量 10 次，採最多插槽數量的結果","modify_sockets_N_times 10 sockets",[]
45,"BaseDefenceVorici2","","Remodèle à 100 reprises le nombre de châsses d'un objet et sélectionne le résultat ayant le plus grand nombre de châsses.","Verändert die Anzahl der Fassungen eines Gegenstands 100 Mal und wählt das Ergebnis mit der höchsten Anzahl an Fassungen.","アイテムのソケットの数を100回リフォージし、ソケットの数が最大の結果を採用する","아이템의 홈 개수 100회 재련. 홈 개수가 가장 많은 결과 적용","Reforja o número de encaixes de um item cem vezes, mantendo o resultado com a maior quantidade de encaixes","Перековать количество гнёзд на предмете 100 раз. Итоговым становится результат с наибольшим количеством гнёзд","Reforja el número de engarces de un objeto 100 veces y se queda con el resultado que tenga el mayor número de engarces","สุ่มเจาะรู บนไอเทมขึ้นมาใหม่ 100 ครั้ง และใช้ผลลัพธ์ที่ให้ จำนวนรู มากที่สุด","重鑄物品上插槽的數量 100 次，使用最多插槽數量的結果。","","Reforge the number of sockets on an item 20 times, using the outcome with the greatest number of sockets","Remodèle à 20 reprises le nombre de châsses d'un objet et sélectionne le résultat ayant le plus grand nombre de châsses.","Verändert die Anzahl der Fassungen eines Gegenstands 20 Mal und wählt das Ergebnis mit der höchsten Anzahl an Fassungen","アイテムのソケットの数を20回リフォージし、ソケットの数が最大の結果を採用する","아이템의 홈 개수 20회 재련. 홈 개수가 가장 많은 결과 적용","Reforja o número de encaixes de um item 20 vezes, mantendo o resultado com a maior quantidade de encaixes","Перековать количество гнёзд на предмете 20 раз. Итоговым становится результат с наибольшим количеством гнёзд","Reforja el número de engarces de un objeto 20 veces y se queda con el resultado que tenga el mayor número de engarces","สุ่มเจาะรู บนไอเทมขึ้นมาใหม่ 20 ครั้ง และใช้ผลลัพธ์ที่ให้ จำนวนรู มากที่สุด","重鑄物品上的插槽數量 20 次，採最多插槽數量的結果","modify_sockets_N_times 20 sockets",[]
46,"BaseDefenceVorici3","","Remodèle à 100 reprises les liaisons entre les châsses d'un objet et sélectionne le résultat ayant le plus grand nombre de châsses reliées entre elles","Verändert die Anzahl der verbundenen Fassungen eines Gegenstands 100 Mal und wählt das Ergebnis mit der höchsten Anzahl an verbundenen Fassungen.","アイテムのソケット間のリンクの数を100回リフォージし、リンクの数が最大の結果を採用する","아이템의 홈 연결부 100회 재련. 연결된 홈 개수가 가장 많은 결과 적용","Reforja as conexões entre os encaixes de um item cem vezes, mantendo o resultado com a maior quantidade de encaixes conectados","Перековать количество связей между гнёздами на предмете 100 раз. Итоговым становится результат с наибольшим количеством связей между гнёздами","Reforja los vínculos entre engarces de un objeto 100 veces y se queda con el resultado que tenga el mayor número de engarces vinculados","สุ่มเชื่อมรู บนไอเทมขึ้นมาใหม่ 100 ครั้ง และใช้ผลลัพธ์ที่ให้ จำนวนเชื่อม มากที่สุด","重鑄物品上相連插槽的數量 100 次，使用最多相連插槽數量的結果。","","Reforge the number of sockets on an item 30 times, using the outcome with the greatest number of sockets","Remodèle à 30 reprises le nombre de châsses d'un objet et sélectionne le résultat ayant le plus grand nombre de châsses.","Verändert die Anzahl der Fassungen eines Gegenstands 30 Mal und wählt das Ergebnis mit der höchsten Anzahl an Fassungen","アイテムのソケットの数を30回リフォージし、ソケットの数が最大の結果を採用する","아이템의 홈 개수 30회 재련. 홈 개수가 가장 많은 결과 적용","Reforja o número de encaixes de um item 30 vezes, mantendo o resultado com a maior quantidade de encaixes","Перековать количество гнёзд на предмете 30 раз. Итоговым становится результат с наибольшим количеством гнёзд","Reforja el número de engarces de un objeto 30 veces y se queda con el resultado que tenga el mayor número de engarces","สุ่มเจาะรู บนไอเทมขึ้นมาใหม่ 30 ครั้ง และใช้ผลลัพธ์ที่ให้ จำนวนรู มากที่สุด","重鑄物品上的插槽數量 30 次，採最多插槽數量的結果","modify_sockets_N_times 30 sockets",[]
47,"BaseDefenceVorici4","","","","","","","","","","","","Reforge the number of sockets on an item 40 times, using the outcome with the greatest number of sockets","Remodèle à 40 reprises le nombre de châsses d'un objet et sélectionne le résultat ayant le plus grand nombre de châsses.","Verändert die Anzahl der Fassungen eines Gegenstands 40 Mal und wählt das Ergebnis mit der höchsten Anzahl an Fassungen","アイテムのソケットの数を40回リフォージし、ソケットの数が最大の結果を採用する","아이템의 홈 개수 40회 재련. 홈 개수가 가장 많은 결과 적용","Reforja o número de encaixes de um item 40 vezes, mantendo o resultado com a maior quantidade de encaixes","Перековать количество гнёзд на предмете 40 раз. Итоговым становится результат с наибольшим количеством гнёзд","Reforja el número de engarces de un objeto 40 veces y se queda con el resultado que tenga el mayor número de engarces","สุ่มเจาะรู บนไอเทมขึ้นมาใหม่ 40 ครั้ง และใช้ผลลัพธ์ที่ให้ จำนวนรู มากที่สุด","重鑄物品上的插槽數量 40 次，採最多插槽數量的結果","modify_sockets_N_times 40 sockets",[]
48,"LabDefenceRin1","","","","","","","","","","","","Modify a Map's quality to 22%","Fait passer la Qualité d'une Carte à 22%","Verändert die Qualität einer Karte auf 22%","マップの品質を22%に改変する","지도의 퀄리티를 22%로 수정","Modifica a qualidade de um mapa para 22%","Улучшить качество карты до 22%","Modifica la calidad de un mapa al 22%","แก้ไข แผนที่ ให้มีค่าคุณภาพ 22%","調整地圖品質至 22%","set_quality map 22",[]
49,"LabDefenceRin2","","","","","","","","","","","","Modify a Map's quality to 24%","Fait passer la Qualité d'une Carte à 24%","Verändert die Qualität einer Karte auf 24%","マップの品質を24%に改変する","지도의 퀄리티를 24%로 수정","Modifica a qualidade de um mapa para 24%","Улучшить качество карты до 24%","Modifica la calidad de un mapa al 24%","แก้ไข แผนที่ ให้มีค่าคุณภาพ 24%","調整地圖品質至 24%","set_quality map 24",[]
50,"LabDefenceRin3","","","","","","","","","","","","Modify a Map's quality to 26%","Fait passer la Qualité d'une Carte à 26%","Verändert die Qualität einer Karte auf 26%","マップの品質を26%に改変する","지도의 퀄리티를 26%로 수정","Modifica a qualidade de um mapa para 26%","Улучшить качество карты до 26%","Modifica la calidad de un mapa al 26%","แก้ไข แผนที่ ให้มีค่าคุณภาพ 26%","調整地圖品質至 26%","set_quality map 26",[]
51,"LabDefenceRin4","","","","","","","","","","","","Modify a Map's quality to 28%","Fait passer la Qualité d'une Carte à 28%","Verändert die Qualität einer Karte auf 28%","マップの品質を28%に改変する","지도의 퀄리티를 28%로 수정","Modifica a qualidade de um mapa para 28%","Улучшить качество карты до 28%","Modifica la calidad de un mapa al 28%","แก้ไข แผนที่ ให้มีค่าคุณภาพ 28%","調整地圖品質至 28%","set_quality map 28",[]
