"rownum","string_0","string_8","string_8 (French)","string_8 (German)","string_8 (Japanese)","string_8 (Korean)","string_8 (Portuguese)","string_8 (Russian)","string_8 (Spanish)","string_8 (Thai)","string_8 (Traditional Chinese)","string_16","string_16 (French)","string_16 (German)","string_16 (Japanese)","string_16 (Korean)","string_16 (Portuguese)","string_16 (Russian)","string_16 (Spanish)","string_16 (Thai)","string_16 (Traditional Chinese)","string_24","string_32"
0,"Ranger1","Long Range","Longue portée","Distanzangriffe","長射程","원거리","Longo Alcance","Урон издалека","Larga distancia","ระยะไกล","遙遠射程","Let arrows fly from afar. Kill them before they arrive. ","Tirez des flèches de loin. Tuez-les avant qu'ils n'arrivent.","Feuert Pfeile aus der Ferne. Töte sie, bevor sie Euch erreichen.","遠くから矢を飛ばせ。奴らが来る前に倒せ。","화살을 멀리서 발사합니다. 적이 도착하기 전에 처치합니다.","Atire flechas de longe. Mate-os antes que eles se aproximem.","Пусть стрелы летят издалека. Убей врагов прежде, чем они приблизятся.","Deja que las flechas vuelen desde lejos. Mátalos antes de que lleguen. ","แผลงศรมาแต่ไกล ฆ่าให้ตายก่อนที่พวกมันได้เข้าใกล้","從遠處發射箭矢。在敵人觸及你之前就扼殺它們。","Art/Videos/CharacterCreation/RangerLongRange.bk2","Art/Textures/Interface/2D/2DArt/UIImages/InGame/CharacterCreation/IconFeatureRanger1.dds"
1,"Ranger2","Agility","Agilité","Agilität","敏捷性","민첩함","Agilidade","Проворство","Agilidad","คล่องตัว","靈敏","Shoot on the move. Jump over your enemies. Leap away from danger.","Tirez tout en vous déplaçant. Sautez par-dessus vos ennemis. Éloignez-vous du danger en bondissant.","Schießt aus der Bewegung. Springt über eure Gegner hinweg. Weicht der Gefahr mit einem Sprung aus.","移動中に放て。敵を飛び越えろ。危険からは飛び去れ。","이동 중 사격하고, 적을 뛰어넘고, 도약하여 위험으로부터 멀어집니다.","Atire andando. Pule por cima dos seus inimigos. Fuja do perigo.","Стреляй на ходу. Перепрыгивай через врагов. Уклоняйся от опасности.","Dispara en movimiento. Salta sobre tus enemigos. Salta para alejarte del peligro.","ยิงไปเคลื่อนที่ไป กระโดดข้ามศัตรู กระโจนหนีจากภยันตราย","邊移動邊射擊。從敵人頭上跳過。從危險的處境中一躍而走。","Art/Videos/CharacterCreation/RangerAgility.bk2","Art/Textures/Interface/2D/2DArt/UIImages/InGame/CharacterCreation/IconFeatureRanger2.dds"
2,"Ranger3","Crowd Control","Contrôle de foule","Gegnerkontrolle","行動阻害","군중 제어","Controlador","Контроль","Control de masas","หยุดยั้ง","群體控制","Slow your enemies. Freeze them in place. Don't let them reach you.","Ralentissez vos ennemis. Gelez-les sur place. Ne les laissez pas vous atteindre.","Verlangsamt Eure Feinde. Friert sie an Ort und Stelle ein. Lasst sie nicht an Euch herankommen.","敵を遅くしろ。凍結せて動きを止めろ。奴らを近づけるな。","적을 감속시키고 제자리에 동결시킵니다. 적이 가까이 오지 못하게 합니다.","Desacelere seus inimigos. Congele-os onde estiverem. Não deixe que eles se aproximem.","Замедляй своих врагов. Заморозь их на месте. Не дай им добраться до тебя.","Ralentiza a tus enemigos. Congélalos para que no puedan moverse. No dejes que te alcancen.","ทำให้ศัตรูเชื่องช้า แช่แข็งพวกมันให้แน่นิ่ง อย่าให้พวกมันเข้าถึงตัวได้","緩速敵人。讓它們冰凍在原地。不讓它們碰到你。","Art/Videos/CharacterCreation/Ranger_Crowd.bk2","Art/Textures/Interface/2D/2DArt/UIImages/InGame/CharacterCreation/IconFeatureRanger3.dds"
3,"Huntress1","Hit and Run","Escarmouche","Zuschlagen und Zurückziehen","一撃離脱","치고 빠지기","Bater e Correr","Тактика набега","Ataque y retirada","โจมตีแล้วหนี","打帶跑","Close in for the kill, then cover your retreat with a hail of spears. Don't let your enemies catch you.","Rapprochez-vous pour tuer, puis couvrez votre retraite avec une pluie de lances. Ne laissez pas vos ennemis vous attraper.","Nähert Euch, um zu töten, und deckt Euren Rückzug mit einem Hagel von Speeren. Lasst Euch nicht von Euren Feinden erwischen.","近づき殺し、槍の雨で退路を作れ。敵に捕まるな。","거리를 좁혀 적을 처치하고 창을 비처럼 퍼부어 퇴각로를 확보합니다. 적에게 잡히지 마십시오.","Aproxime-se para o abate, depois cubra sua retirada com uma chuva de lanças. Não seja capturada por seus inimigos.","Сократи дистанцию для убийства, а затем прикрой отступление градом копий. Не дай врагам поймать тебя.","Acércate para matarlos y luego cubre tu retirada con una andanada de lanzas. No dejes que tus enemigos te atrapen.","เข้าใกล้ไปห้ำหั่น แล้วทิ้งฝนหอกเอาไว้หลบหนี อย่าให้ศัตรูจับตัวได้","閃至毫釐之間擊殺敵人，接著刺出一陣槍刃風暴來掩護自己撤退。別讓你的敵人抓到你。","Art/Videos/CharacterCreation/HuntressHitAndRun.bk2","Art/Textures/Interface/2D/2DArt/UIImages/InGame/CharacterCreation/IconFeatureHuntress1.dds"
4,"Huntress2","Savage Attacks","Attaques féroces","Wilde Angriffe","獰猛な攻撃","야만적인 공격","Ataques Selvagens","Жестокие атаки","Ataques salvajes","จู่โจมเหี้ยมโหด","暴虐攻擊","Blind them, bleed them, maim them. Prevail at any cost.","Aveuglez-les, faites-les saigner, mutilez-les. Triomphez coûte que coûte.","Blendet sie, lasst sie bluten, verstümmelt sie. Setzt euch um jeden Preis durch.","目を潰し、血を流させ、傷を残せ。なんとしてでも生き残れ。","적을 실명시키고, 출혈시키고, 힘줄을 절단합니다. 무슨 수가 있어도 승리합니다.","Cegue-os, faça-os sangrar, mutile-os. Vença a qualquer custo.","Ослепляй их, изувечивай, заставь истекать кровью. Одержи верх любой ценой.","Ciégalos, desángralos y lísialos. Vence a cualquier precio.","ทำให้พวกมันตาบอด เลือดไหล ขาหัก เอาชนะด้วยทุกวิถีทาง","致盲、流血，並癱瘓他們。不惜一切代價取得勝利。","Art/Videos/CharacterCreation/HuntressSavageAttacks.bk2","Art/Textures/Interface/2D/2DArt/UIImages/InGame/CharacterCreation/IconFeatureHuntress2.dds"
5,"Huntress3","Primal Fury","Fureur primitive","Urzeitliche Wut","原初の怒り","원시적 광분","Fúria Primitiva","Первобытная ярость","Furia primitiva","โทสะแต่ปฐมกาล","原始狂怒","Harness the ferocity of the wilds. Tame beasts and whip up storms.","Exploitez la férocité de la nature. Domptez des bêtes et déclenchez des tempêtes.","Nutzt die Grausamkeit der Wildnis. Zähmt Bestien und entfesselt Stürme.","自然の怒りを我が物とせよ。獣を手懐け、嵐を起こせ。","대자연의 힘을 자유자재로 다룹니다. 야수를 길들이고 폭풍을 일으킵니다.","Domine a ferocidade das selvas. Domestique feras e conjure tempestades.","Подчини себе свирепые ветра. Укрощай зверей и поднимай бурю.","Domina la ferocidad de la naturaleza. Doma bestias y desata tormentas.","ใช้ความป่าเถื่อนจากป่าเขา จับสัตว์ร้ายเป็นสัตว์เลี้ยง ก่อพายุมาพัดให้สิ้น","駕馭荒野的兇猛力量。讓你能夠馴服野獸，激起風暴。","Art/Videos/CharacterCreation/HuntressPrimalFury.bk2","Art/Textures/Interface/2D/2DArt/UIImages/InGame/CharacterCreation/IconFeatureHuntress3.dds"
6,"Warrior1","Heavy Slams","Fracas massifs","Schwere Hiebe","ヘビースラム","묵직한 강타","Pancadas","Мощные удары","Embates potentes","ทุบหนักหน่วง","沉重猛擊","Hit hard. Slam your mace on the ground. Crack the earth.","Frapper fort. Fracassez le sol avec votre masse. Faites trembler la terre.","Schlagt hart zu. Knallt Euren Streitkolben auf den Boden. Lasst die Erde beben.","強く打て。メイスを地面に叩きつけろ。大地を砕け。","강하게 타격합니다. 철퇴로 지면을 내리칩니다. 대지를 가릅니다.","Bata forte. Atinja o solo com sua maça. Abra uma fenda na terra.","Бей сильно. Ударяй булавой о землю. Раскалывай твердь.","Golpea fuerte. Estrella tu maza contra el suelo. Agrieta la tierra.","ปะทะรุนแรง ทุบกระบองลงพื้น สะเทือนแผ่นดิน","全力一擊。將你的錘子砸向地面。擊碎大地。","Art/Videos/CharacterCreation/WarriorHeavySlams.bk2","Art/Textures/Interface/2D/2DArt/UIImages/InGame/CharacterCreation/IconFeatureWarrior1.dds"
7,"Warrior2","Stuns and Knockback","Étourdit et Repousse","Betäuben und Zurückstoßen","スタンとノックバック","기절 및 밀어내기","Atordoamentos e Empurrões","Оглушения и отбрасывания","Aturdir y empujar","สตันและผลักออกไป","暈眩和擊退","Stun your enemies. Push them back. Knock them to the ground.","Étourdissez vos ennemis. Repoussez-les. Mettez-les à terre.","Betäubt Eure Feinde. Stoßt sie zurück. Bringt sie zu Fall.","敵をスタンさせろ。敵を押し出せ。地面に叩き付けろ。","적을 기절시키고 뒤로 밀어냅니다. 적을 지면으로 쓰러뜨립니다.","Atordoe seus inimigos. Empurre-os. Derrube-os no chão.","Оглушай своих врагов. Отталкивай их. Сбивай их на землю.","Aturde a tus enemigos. Hazlos retroceder. Tíralos al suelo.","สตันศัตรู ผลักพวกมันออกไป ทุบมันให้ล้มลงพื้น","擊暈你的敵人。將其擊退。接著打倒在地。","Art/Videos/CharacterCreation/WarriorStuns.bk2","Art/Textures/Interface/2D/2DArt/UIImages/InGame/CharacterCreation/IconFeatureWarrior3.dds"
8,"Warrior3","Defences","Défenses","Verteidigungen","防御","방어력","Defesas","Защита","Defensas","ป้องกัน","防禦","Shrug off small hits with heavy armour. Block big attacks with your shield. Use your large life pool to absorb the rest.","Ignorez les petits coups avec votre armure lourde. Bloquez les grosses attaques avec votre bouclier. Utilisez votre grande réserve de vie pour absorber le reste.","Lasst kleine Treffer an Eurer schweren Rüstung abprallen. Blockt große Angriffe mit Eurem Schild. Nutzt Eure großen Lebensreserven, um den Rest zu absorbieren.","重装甲で小さい打撃を軽くあしらえ。盾で大きな攻撃をブロックしろ。膨大なライフプールで残りを吸収しろ。","묵직한 방어구로 약한 공격을 흘려버립니다. 방패로 강한 공격을 막습니다. 막대한 생명력으로 나머지 공격을 흡수합니다.","Absorva os pequenos acertos com a armadura pesada. Bloqueie grandes ataques com seu escudo. Use sua imensa quantidade de vida para absorver o resto.","Отражай небольшие удары тяжёлой броней. Блокируй сильные атаки щитом. Используй свой большой запас здоровья, чтобы поглотить остальное.","Ignora los golpes pequeños con tu armadura pesada. Bloquea los ataques grandes con tu escudo. Usa tu gran cantidad de vida para absorber el resto.","ทนทานการปะทะเบาๆ ด้วยเกราะหนัก บล็อคการโจมตีหนักๆ ด้วยโล่ แล้วรับความเสียหายที่เหลือด้วยพลังชีวิตมากมาย","用重甲硬扛任何羸弱的攻擊。用盾牌格擋強大的攻擊。用你的大量生命值吸收掉剩下的傷害。","Art/Videos/CharacterCreation/WarriorDefence.bk2","Art/Textures/Interface/2D/2DArt/UIImages/InGame/CharacterCreation/IconFeatureWarrior2.dds"
9,"Sorceress1","Fire Spells","Sorts de feu","Feuerzauber","火スペル","화염 주문","Magias de Fogo","Чары огня","Hechizos de fuego","เวทไฟ","火焰法術","Create large explosions. Set your enemies on fire. Watch them burn.","Créez de grandes explosions. Mettez le feu à vos ennemis. Regardez-les brûler.","Erzeugt große Explosionen. Setzt eure Gegner in Brand. Seht zu, wie sie verbrennen.","巨大な爆発を起こせ。敵に火をつけろ。奴らが燃えるのを見届けろ。","대규모 폭발을 일으킵니다. 적을 불태우고 불타는 모습을 바라봅니다.","Crie grandes explosões. Incendeie seus inimigos. Veja-os queimar.","Создавай большие взрывы. Поджигай своих врагов. Наблюдай, как они горят.","Crea grandes explosiones. Prende fuego a tus enemigos. Mira cómo arden.","เรียกระเบิดขนาดใหญ่ จุดไฟให้ศัตรูลุกโชน ดูพวกมันมอดไหม้","製造大範圍爆炸，使敵人著火，看著敵人被活活燒死。","Art/Videos/CharacterCreation/SorceressFire.bk2","Art/Textures/Interface/2D/2DArt/UIImages/InGame/CharacterCreation/IconFeatureSorceress1.dds"
10,"Sorceress2","Cold Spells","Sorts de froid","Kältezauber","冷気スペル","냉기 주문","Magias de Gelo","Чары холода","Hechizos de hielo","เวทน้ำแข็ง","冰冷法術","Slow your enemies down. Freeze them in place. Control their movement.","Ralentissez vos ennemis. Gelez-les sur place. Contrôlez leurs mouvements.","Verlangsamt Eure Gegner. Friert sie an Ort und Stelle ein. Kontrolliert ihre Bewegung.","敵を遅くしろ。凍結せて動きを止めろ。奴らの動きを操作しろ。","적을 감속시키고 제자리에 동결시킵니다. 적의 움직임을 제한합니다.","Desacelere seus inimigos. Congele-os onde estiverem. Controle seus movimentos.","Замедляй врагов. Заморозь их на месте. Управляй их движением.","Ralentiza a tus enemigos. Congélalos para que no puedan moverse. Controla su movimiento.","ทำให้ศัตรูเชื่องช้า แช่แข็งพวกมันให้แน่นิ่ง คุมการเคลื่อนที่ของพวกมัน","使敵人緩速。將其冰凍在原地。控制敵人的行動。","Art/Videos/CharacterCreation/SorceressCold.bk2","Art/Textures/Interface/2D/2DArt/UIImages/InGame/CharacterCreation/IconFeatureSorceress2.dds"
11,"Sorceress3","Lightning Spells","Sorts de foudre","Blitzzauber","雷スペル","번개 주문","Magias de Raio","Чары молнии","Hechizos de rayo","เวทสายฟ้า","閃電法術","Bounce lightning around your foes. Shock them for even higher damage.","Faites rebondir la foudre entre vos ennemis. Électrocutez-les pour infliger des dégâts encore plus élevés.","Lasst Blitze um eure Feinde herum einschlagen. Schockt sie für noch mehr Schaden.","敵の周りに雷を巡らせろ。感電させ大ダメージを与えろ。","적 주위에 번개를 튕깁니다. 충격을 줘서 더 큰 피해를 줍니다.","Atinja seus inimigos com relâmpagos. Eletrize-os para causar ainda mais dano.","Метай молнии в своих врагов. Поражай их шоком, чтобы нанести ещё больший урон.","Haz que el rayo rebote entre tus enemigos. Electrocútalos para infligirles aún más daño.","ชิ่งสายฟ้าไปตามศัตรู ช็อคเพื่อสร้างความเสียหายสูงยิ่งไปกว่าเดิม","引導在敵人間來回彈跳的閃電。使敵人感電以造成更高的傷害。","Art/Videos/CharacterCreation/SorceressLightning.bk2","Art/Textures/Interface/2D/2DArt/UIImages/InGame/CharacterCreation/IconFeatureSorceress3.dds"
12,"Witch1","Minions","Créatures","Kreaturen","ミニオン","소환수","Lacaios","Приспешники","Esbirros","มิเนียน","召喚物","Send forth armies of the dead. Command them to do your bidding.","Envoyez des armées de morts. Ordonnez-leur de vous obéir.","Schickt Armeen der Toten los. Befehlt ihnen, euren Willen zu erfüllen.","死者の軍隊を前進させろ！彼らを命令に従わせろ。","망자의 군대를 앞세웁니다. 이들을 지배해서 마음대로 부립니다.","Envie o exército dos mortos. Force-os a executar suas ordens.","Управляй армией мертвецов. Прикажи им исполнить твою волю.","Envía ejércitos de muertos al campo de batalla. Dales órdenes para que cumplan tu voluntad.","ส่งคนตายไปเป็นทัพ สั่งการได้ดังใจอยาก","派出亡靈大軍。指揮它們為你效勞。","Art/Videos/CharacterCreation/Witch_Necro.bk2","Art/Textures/Interface/2D/2DArt/UIImages/InGame/CharacterCreation/IconFeatureWitch1.dds"
13,"Witch2","Chaos Magic","Magie du chaos","Chaosmagie","混沌魔法","카오스 마법","Magias de Caos","Магия хаоса","Magia de caos","มนต์เคออส","混沌魔法","Let loose plague and withering afflictions. A slow but painful death.","Semez la peste et les afflictions flétrissantes. Une mort lente et douloureuse.","Lasst die Pest und verheerende Seuchen los. Ein langsamer, aber schmerzhafter Tod.","疫病と病苦を解き放て。ゆっくりとした、しかし痛みを伴う死を。","역병과 고사시키는 질환을 방출합니다. 느리지만 고통스러운 죽음을 선사합니다.","Libere pragas e aflições definhantes. Uma morte lenta mas dolorosa.","Выпусти чуму и иссушающие недуги. Медленная, но мучительная смерть.","Libera una plaga y enfermedades marchitantes. Una muerte lenta y dolorosa.","ปล่อยโรคระบาดโรคร้ายให้เหี่ยวเฉา ตายช้าทว่าทรมาน","釋放瘟疫和凋零的折磨。帶來緩慢而痛苦的死亡。","Art/Videos/CharacterCreation/Witch_Chaos.bk2","Art/Textures/Interface/2D/2DArt/UIImages/InGame/CharacterCreation/IconFeatureWitch2.dds"
14,"Witch3","Osteomancy","Ostéomancie","Osteomantie","骨魔術","뼈점술","Osteomancia","Остеомантия","Osteomancia","ศาสตร์กระดูก","操骨術","Spikes of bone grow at your command. A fast and deadly magic.","Des pointes d'os poussent selon votre volonté. Une magie rapide et mortelle.","Auf Euer Geheiß hin wachsen Knochenstachel. Eine schnelle und tödliche Magie.","骨の釘を意のままに成長させろ。速い、致命の魔法。","명령에 따라 뼈 가시가 자랍니다. 빠르고 치명적인 마법입니다.","Estacas ósseas crescem onde você quiser. Uma magia rápida e mortal.","Шипы из костей вырастают по твоему приказу. Быстрая и смертоносная магия.","Invoca estacas de hueso que crecen a tus órdenes. Una magia rápida y letal.","เสกหนามกระดูกให้งอกได้ทุกเมื่อ เป็นมนต์ว่องไวและอันตรายยิ่ง","骸骨尖刺在你的命令下長出。迅速且致命的魔法。","Art/Videos/CharacterCreation/Witch_Bone.bk2","Art/Textures/Interface/2D/2DArt/UIImages/InGame/CharacterCreation/IconFeatureWitch3.dds"
15,"Monk1","Quick Strikes","Frappes rapides","Schnelle Schläge","速攻","빠른 타격","Golpes Rápidos","Быстрые удары","Golpes rápidos","ฟาดฉับไว","迅擊","Overwhelm them with a ceaseless flurry of blows. Don't let up.","Submergez-les avec un flot incessant de coups. N'arrêtez jamais.","Überwältigt sie mit einem unaufhörlichen Schlaghagel. Lasst nicht nach.","絶え間ない連打で彼らを圧倒する。気を緩めるな。","난타로 적을 압도합니다. 한시도 누그러지지 않습니다.","Cubra-os com uma sequência incessante de golpes. Não pare.","Обрушь на них непрерывный шквал ударов. Не сдавайся.","Abrúmalos con una lluvia incesante de golpes y no les des tregua.","จู่โจมพวกมันไม่รู้จบจนราบคาบ อย่าได้รามือ","以接連不斷的攻擊鎮壓他們。別停下。","Art/Videos/CharacterCreation/Monk_Quick.bk2","Art/Textures/Interface/2D/2DArt/UIImages/InGame/CharacterCreation/IconFeatureMonk1.dds"
16,"Monk2","Mobility","Mobilité","Mobilität","機動力","기동성","Mobilidade","Подвижность","Movilidad","พลิ้วไหว","機動性","Weave through hordes. Dodge out of danger. Close in for the kill.","Faufilez-vous à travers les hordes. Esquivez le danger. Puis approchez-vous pour tuer.","Schlängelt Euch durch die Horden. Entgeht der Gefahr. Setzt zum entscheidenden Schlag an.","群れの間をくぐり抜けろ。危険を回避しろ。間合いを詰めて仕留めろ。","적 사이사이를 날렵하게 누빕니다. 위험이 닥치면 회피합니다. 적에게 접근하여 처치를 노립니다.","Desvie pelas hordas. Esquive-se do perigo. Se aproxime para matar.","Пробирайся сквозь орды. Уклоняйся от опасности. Подходи, чтобы убить.","Deslízate entre las hordas, esquiva el peligro y acércate para dar la estocada final.","ฝ่าฝูงศัตรู หลบอันตราย รุดเข้าสังหาร","在敵群中穿梭。閃避危險。靠近以擊殺。","Art/Videos/CharacterCreation/Monk_Mobility.bk2","Art/Textures/Interface/2D/2DArt/UIImages/InGame/CharacterCreation/IconFeatureMonk2.dds"
17,"Monk3","Combos","Enchaînements","Kombinationen","コンボ","연계","Combos","Комбо-удары","Combos","คอมโบ","連擊","Build up power before unleashing devastating finishers.","Accumulez de la puissance avant de déclencher des attaques finales dévastatrices.","Baut Eure Kraft auf, bevor Ihr verheerende Schläge austeilt.","壊滅的なとどめの一撃を放つ前に、力を溜めろ。","힘을 축적했다가 파괴적인 마무리 공격을 날립니다.","Acumule poder antes de liberar finalizadores devastadores.","Наращивай силу, прежде чем наносить сокрушительные завершающие удары.","Acumula poder para liberar remates devastadores.","สะสมพลังแล้วปล่อยกระบวนท่าปลิดชีพ","在釋放毀滅性的終結技之前累積力量。","Art/Videos/CharacterCreation/Monk_Combo.bk2","Art/Textures/Interface/2D/2DArt/UIImages/InGame/CharacterCreation/IconFeatureMonk3.dds"
18,"Mercenary1","Ammunition","Munitions","Munition","弾薬","탄약","Munição","Боеприпасы","Munición","กระสุน","彈藥","Switch between varied crossbow ammunition. Adapt to enemy behaviour. Exploit their weaknesses.","Choisissez parmi différentes munitions d'arbalète. Adaptez-vous au comportement des ennemis. Exploitez leurs faiblesses.","Wechselt zwischen verschiedener Armbrustmunition. Passt Euch dem Verhalten der Gegner an. Nutzt ihre Schwächen aus.","多彩なクロスボウの弾薬を切り替えろ。敵の行動に適応し、彼らの弱点を突け。","석궁 탄약을 교체합니다. 적의 행동에 대응하고, 적의 약점을 이용합니다.","Alterne entre munições variadas de besta. Se adapte ao comportamento dos inimigos. Explore suas fraquezas.","Меняй различные боеприпасы для самострела. Подстраивайся под поведение противника. Используй их слабости.","Cambia entre diferentes municiones de ballesta. Adáptate al comportamiento de tus enemigos. Utiliza sus debilidades.","เลือกใช้กระสุนหน้าไม้ ปรับตัวตามท่าทีศัตรู ใช้จุดอ่อนของพวกมันให้เป็นผล","在不同的十字弓彈藥之間切換。適應不同敵人的習慣。放大並利用他們的弱點。","Art/Videos/CharacterCreation/MercAmmunition.bk2","Art/Textures/Interface/2D/2DArt/UIImages/InGame/CharacterCreation/IconFeatureMercenary1.dds"
19,"Mercenary2","Elemental Rounds","Munitions élémentaires","Elementargeschosse","元素弾","원소 탄환","Cartuchos Elementais","Стихийные боезаряды","Saetas elementales","ลูกศรธาตุ","元素彈藥","Use cold to freeze them. Use fire rounds to set them aflame. Unleash cascading lightning bolts.","Utilisez le froid pour les geler, des munitions de feu pour les enflammer et décochez des carreaux de foudre en cascade.","Friert sie mit Kälte ein. Entzündet sie mit Feuerbolzen. Verschießt kaskadenartige Blitze.","冷気を用いて凍らせろ。火弾を使い発火しろ。連続して雷弾を放て。","냉기를 이용해 적을 동결시킵니다. 화염 탄환을 사용해 불태웁니다. 쏟아지는 번개 볼트를 날립니다.","Use gelo para congelá-los. Use disparos de fogo para incendiá-los. Lance raios em cascata.","Используй холод, чтобы заморозить их. Используй огненные снаряды, чтобы поджечь их. Выпусти каскады молний.","Usa el hielo para congelarlos, saetas de fuego para incendiarlos y saetas de rayo en cascada para desatar todo tu poder.","แช่แข็งพวกมันด้วยน้ำแข็ง จุดไฟพวกมันด้วยลูกศรไฟ ปลดปล่อยสายฟ้าออกมาเป็นระลอก","使用寒冰凍結他們。使用火焰彈藥讓他們著火。釋放大量傾瀉的雷彈。","Art/Videos/CharacterCreation/MercElementalRounds.bk2","Art/Textures/Interface/2D/2DArt/UIImages/InGame/CharacterCreation/IconFeatureMercenary2.dds"
20,"Mercenary3","Versatile Range","Portée polyvalente","Universelle Reichweite","可変性射程","융통성 있는 원거리","Alcance Versátil","Урон издалека","Alcance versátil","หลากหลายระยะ","萬用射程","Adapt to enemy behaviour. Pick them off from afar. Destroy any that get close.","Adaptez-vous au comportement des ennemis. Eliminez-les à distance. Abattez ceux qui s'approchent.","Passt Euch dem Verhalten des Gegners an. Schaltet sie aus der Ferne aus. Zerstört alle, die sich nähern.","敵の行動に適応しろ。遠距離から狙い撃て。近づくものは破壊しろ。","적 행동에 대응합니다. 멀리서 적을 공격하며, 가까이 오는 적이 있으면 처단합니다.","Se adapte ao comportamento dos inimigos. Elimine-os de longe. Destrua qualquer um que se aproxime.","Подстраивайся под поведение противника. Отстреливай их издалека. Уничтожай всех, кто приблизится.","Adáptate al comportamiento de tus enemigos. Liquídalos desde lejos y destruye a los que se acerquen.","ปรับตัวตามท่าที่ศัตรู สอยพวกมันจากระยะไกล ทำลายผู้ที่เข้าใกล้","適應不同敵人的習慣。從遠處將他們解決。摧毀任何靠近的敵人。","Art/Videos/CharacterCreation/MercLongRange.bk2","Art/Textures/Interface/2D/2DArt/UIImages/InGame/CharacterCreation/IconFeatureMercenary3.dds"
