"rownum","Id","bool_8","bool_9","QuestFlagEnter","QuestFlagComplete","bool_42","Icon","bool_51","Description","Description (French)","Description (German)","Description (Japanese)","Description (Korean)","Description (Portuguese)","Description (Russian)","Description (Spanish)","Description (Thai)","Description (Traditional Chinese)","[string]_60","[string]_60 (French)","[string]_60 (German)","[string]_60 (Japanese)","[string]_60 (Korean)","[string]_60 (Portuguese)","[string]_60 (Russian)","[string]_60 (Spanish)","[string]_60 (Thai)","[string]_60 (Traditional Chinese)","Rooms","string_92","bool_100"
0,"Explore","","",223,222,"","","","","","","","","","","","","","[""Escape Trial"",""Escape Trial"",""Escape Trial"",""Escape Trial""]","[""Épreuve de l'Évasion"",""Épreuve de l'Évasion"",""Épreuve de l'Évasion"",""Épreuve de l'Évasion""]","[""Flucht-Prüfung"",""Flucht-Prüfung"",""Flucht-Prüfung"",""Flucht-Prüfung""]","[""脱出の試練"",""脱出の試練"",""脱出の試練"",""脱出の試練""]","[""탈출 시련"",""탈출 시련"",""탈출 시련"",""탈출 시련""]","[""Provação da Fuga"",""Provação da Fuga"",""Provação da Fuga"",""Provação da Fuga""]","[""Испытание побега"",""Испытание побега"",""Испытание побега"",""Испытание побега""]","[""Prueba de escape"",""Prueba de escape"",""Prueba de escape"",""Prueba de escape""]","[""บททดสอบหลบหนี"",""บททดสอบหลบหนี"",""บททดสอบหลบหนี"",""บททดสอบหลบหนี""]","[""逃脫試煉"",""逃脫試煉"",""逃脫試煉"",""逃脫試煉""]",[],"",""
1,"TimerArena","","",291,292,"","","","","","","","","","","","","","[""Hourglass Trial"",""Hourglass Trial"",""Hourglass Trial"",""Hourglass Trial""]","[""Épreuve du Sablier"",""Épreuve du Sablier"",""Épreuve du Sablier"",""Épreuve du Sablier""]","[""Sanduhr-Prüfung"",""Sanduhr-Prüfung"",""Sanduhr-Prüfung"",""Sanduhr-Prüfung""]","[""砂時計の試練"",""砂時計の試練"",""砂時計の試練"",""砂時計の試練""]","[""모래시계 시련"",""모래시계 시련"",""모래시계 시련"",""모래시계 시련""]","[""Provação da Ampulheta"",""Provação da Ampulheta"",""Provação da Ampulheta"",""Provação da Ampulheta""]","[""Испытание песочных часов"",""Испытание песочных часов"",""Испытание песочных часов"",""Испытание песочных часов""]","[""Prueba del reloj de arena"",""Prueba del reloj de arena"",""Prueba del reloj de arena"",""Prueba del reloj de arena""]","[""บททดสอบนาฬิกาทราย"",""บททดสอบนาฬิกาทราย"",""บททดสอบนาฬิกาทราย"",""บททดสอบนาฬิกาทราย""]","[""沙漏試煉"",""沙漏試煉"",""沙漏試煉"",""沙漏試煉""]",[],"",""
2,"PortalArena","","",293,294,"","","","","","","","","","","","","","[""Ritual Trial"",""Ritual Trial"",""Ritual Trial"",""Ritual Trial""]","[""Épreuve du Rituel"",""Épreuve du Rituel"",""Épreuve du Rituel"",""Épreuve du Rituel""]","[""Ritual-Prüfung"",""Ritual-Prüfung"",""Ritual-Prüfung"",""Ritual-Prüfung""]","[""儀式の試練"",""儀式の試練"",""儀式の試練"",""儀式の試練""]","[""의식 시련"",""의식 시련"",""의식 시련"",""의식 시련""]","[""Provação do Ritual"",""Provação do Ritual"",""Provação do Ritual"",""Provação do Ritual""]","[""Испытание ритуала"",""Испытание ритуала"",""Испытание ритуала"",""Испытание ритуала""]","[""Prueba de ritual"",""Prueba de ritual"",""Prueba de ritual"",""Prueba de ritual""]","[""บททดสอบพิธีกรรม"",""บททดสอบพิธีกรรม"",""บททดสอบพิธีกรรม"",""บททดสอบพิธีกรรม""]","[""祭祀試煉"",""祭祀試煉"",""祭祀試煉"",""祭祀試煉""]",[],"",""
3,"Lair","","",295,296,"","","","","","","","","","","","","","[""Chalice Trial"",""Chalice Trial"",""Chalice Trial"",""Chalice Trial""]","[""Épreuve du Calice"",""Épreuve du Calice"",""Épreuve du Calice"",""Épreuve du Calice""]","[""Kelch-Prüfung"",""Kelch-Prüfung"",""Kelch-Prüfung"",""Kelch-Prüfung""]","[""聖杯の試練"",""聖杯の試練"",""聖杯の試練"",""聖杯の試練""]","[""성배 시련"",""성배 시련"",""성배 시련"",""성배 시련""]","[""Provação do Cálice"",""Provação do Cálice"",""Provação do Cálice"",""Provação do Cálice""]","[""Испытание чаши"",""Испытание чаши"",""Испытание чаши"",""Испытание чаши""]","[""Prueba del cáliz"",""Prueba del cáliz"",""Prueba del cáliz"",""Prueba del cáliz""]","[""บททดสอบถ้วยจอก"",""บททดสอบถ้วยจอก"",""บททดสอบถ้วยจอก"",""บททดสอบถ้วยจอก""]","[""聖杯試煉"",""聖杯試煉"",""聖杯試煉"",""聖杯試煉""]",[],"",""
4,"Maze","","",227,222,"","","","","","","","","","","","","","[""Sacred Chronicles"",""Sacred Chronicles"",""Sacred Chronicles"",""Sacred Chronicles""]","[""Chroniques sacrées"",""Chroniques sacrées"",""Chroniques sacrées"",""Chroniques sacrées""]","[""Heilige Chroniken"",""Heilige Chroniken"",""Heilige Chroniken"",""Heilige Chroniken""]","[""聖なる記録"",""聖なる記録"",""聖なる記録"",""聖なる記録""]","[""신성한 연대기"",""신성한 연대기"",""신성한 연대기"",""신성한 연대기""]","[""Crônicas Sagradas"",""Crônicas Sagradas"",""Crônicas Sagradas"",""Crônicas Sagradas""]","[""Священные хроники"",""Священные хроники"",""Священные хроники"",""Священные хроники""]","[""Crónicas sagradas"",""Crónicas sagradas"",""Crónicas sagradas"",""Crónicas sagradas""]","[""บันทึกเหตุศักดิ์สิทธิ์"",""บันทึกเหตุศักดิ์สิทธิ์"",""บันทึกเหตุศักดิ์สิทธิ์"",""บันทึกเหตุศักดิ์สิทธิ์""]","[""神化史記"",""神化史記"",""神化史記"",""神化史記""]",[],"",""
5,"Gauntlet","","",227,222,"","","","","","","","","","","","","","[""Gauntlet Trial"",""Gauntlet Trial"",""Gauntlet Trial"",""Gauntlet Trial""]","[""Épreuve du Gantelet"",""Épreuve du Gantelet"",""Épreuve du Gantelet"",""Épreuve du Gantelet""]","[""Spießrutenlauf-Prüfung"",""Spießrutenlauf-Prüfung"",""Spießrutenlauf-Prüfung"",""Spießrutenlauf-Prüfung""]","[""挑戦の試練"",""挑戦の試練"",""挑戦の試練"",""挑戦の試練""]","[""건틀릿 시련"",""건틀릿 시련"",""건틀릿 시련"",""건틀릿 시련""]","[""Provação da Arena"",""Provação da Arena"",""Provação da Arena"",""Provação da Arena""]","[""Испытание рукавицы"",""Испытание рукавицы"",""Испытание рукавицы"",""Испытание рукавицы""]","[""Prueba de desafío"",""Prueba de desafío"",""Prueba de desafío"",""Prueba de desafío""]","[""บททดสอบฝ่าอันตราย"",""บททดสอบฝ่าอันตราย"",""บททดสอบฝ่าอันตราย"",""บททดสอบฝ่าอันตราย""]","[""鐵人試煉"",""鐵人試煉"",""鐵人試煉"",""鐵人試煉""]",[],"",""
6,"Miniboss","",1,229,228,"","",1,"","","","","","","","","","","[""Scriptorium"",""Reliquary"",""Sanctum Bellum"",""Mausoleum""]","[""Scriptorium"",""Reliquaire"",""Sanctum Bellum"",""Mausolée""]","[""Skriptorium"",""Reliquienkammer"",""Sanktum-Raum des Kriegsrats"",""Mausoleum""]","[""写字室"",""聖廟"",""サンクタムの戦争"",""霊廟""]","[""필사실"",""성유물 보관실"",""전쟁의 성역"",""능묘""]","[""Casa Capitular"",""Relicário"",""Guerra Santa"",""Mausoléu""]","[""Скрипторий"",""Реликварий"",""Санктум Беллум"",""Некрополь""]","[""Sala del escriba"",""Relicario"",""Sala de guerra"",""Mausoleo""]","[""ห้องร่างอักษร"",""ห้องวัตถุโบราณ"",""ห้องการศึก"",""ห้องฝังศพ""]","[""墓影書坊"",""聖物間"",""聖域戰火"",""靜縊陵墓""]",[],"",""
7,"Vault","","",223,222,"","","","","","","","","","","","","","[""Repository"",""Treasury"",""Forsaken Arcae"",""Templar Coffers""]","[""Dépôt"",""Trésor"",""Coffre-forts délaissés"",""Coffres des Templiers""]","[""Repositorium"",""Schatzkammer"",""Verlassene Arkaden"",""Templer-Schatztruhen""]","[""貯蔵所"",""宝庫"",""見捨てられたアーケイ"",""テンプラーの金庫""]","[""저장소"",""보물 창고"",""버림받은 귀중품 보관소"",""템플러 궤짝""]","[""Repositório"",""Tesouraria"",""Arca dos Abandonados"",""Cofres dos Templários""]","[""Хранилище"",""Сокровищница"",""Арки Отрекшихся"",""Сундуки жрецов""]","[""Depósito"",""Tesorería"",""Arcas olvidadas"",""Cofres templarios""]","[""ห้องเก็บของ"",""ห้องเก็บทรัพย์"",""ห้องเก็บสมบัติที่ถูกทอดทิ้ง"",""ห้องเก็บกำปั่นเทมพลาร์""]","[""展覽室"",""藏寶"",""被遺忘的文案"",""聖宗寶盒""]",[],"",""
8,"Puzzle","","",227,226,"","","","","","","","","","","","","","[""Puzzle"",""Conundrum"",""Enigma"",""Quandary""]","[""Puzzle"",""Casse-tête"",""Énigme"",""Dilemme""]","[""Rätsel"",""Mysterium"",""Enigma"",""Zwickmühle""]","[""パズル"",""難問"",""謎"",""ジレンマ""]","[""퍼즐"",""난제"",""수수께끼"",""진퇴양난""]","[""Quebra-cabeça"",""Charada"",""Enigma"",""Dilema""]","[""Головоломка"",""Загадка"",""Тайна"",""Затруднение""]","[""Puzle"",""Rompecabezas"",""Enigma"",""Dilema""]","[""ปริศนาชวนคิด"",""ปริศนาท้าทาย"",""ปริศนาลึกลับ"",""ปริศนาแสนฉงน""]","[""謎題"",""難題"",""謎物"",""未知""]",[],"",""
9,"Boss","","",231,232,1,"",1,"","","","","","","","","","","[""Collapsing Cavern"",""Ceremonial Chamber"",""Sand Pit"",""Outside of Time""]","[""Caverne menaçante"",""Chambre cérémonielle"",""Fosse de sable"",""Hors du temps""]","[""Einstürzende Höhle"",""Zeremonienkammer"",""Sandgrube"",""Jenseits der Zeit""]","[""崩壊する洞窟"",""式典の間"",""砂場"",""時の外側""]","[""무너지는 동굴"",""의식실"",""모래 구덩이"",""시간의 밖""]","[""Caverna em Colapso"",""Câmara Cerimonial"",""Fosso de Areia"",""Fora do Tempo""]","[""Обваливающаяся пещера"",""Церемониальный зал"",""Песчаная яма"",""Вне времени""]","[""Caverna derrumbada"",""Cámara ceremonial"",""Foso de arena"",""Fuera del tiempo""]","[""ถ้ำทรุดตัว"",""ห้องประกอบพิธี"",""หลุมทราย"",""นอกเหนือกาลเวลา""]","[""崩塌洞窟"",""儀式之廳"",""沙坑"",""時間之外""]",[],"",""
10,"Merchant",1,"","","","","Art/2DArt/UIImages/InGame/Sanctum/MerchantIcon","","Contains Merchant","Contient un Marchand","Enthält Händler","商人がいる","상인 등장","Contém Comerciante","Содержит торговца","Contiene un mercader","มี แม่ค้า","含有商人","[""Merchant"",""Merchant"",""Merchant"",""Merchant""]","[""Marchand"",""Marchand"",""Marchand"",""Marchand""]","[""Händler"",""Händler"",""Händler"",""Händler""]","[""商人"",""商人"",""商人"",""商人""]","[""상인"",""상인"",""상인"",""상인""]","[""Comerciante"",""Comerciante"",""Comerciante"",""Comerciante""]","[""Торговец"",""Торговец"",""Торговец"",""Торговец""]","[""Mercader"",""Mercader"",""Mercader"",""Mercader""]","[""แม่ค้า"",""แม่ค้า"",""แม่ค้า"",""แม่ค้า""]","[""商人"",""商人"",""商人"",""商人""]",[],"",""
11,"LegendHonor",1,"","","","","Art/2DArt/UIImages/InGame/Sanctum/MarakethStatueIcon","","Awards a Shrine to restore Honour","Récompense par un Autel permettant de restaurer de l'Honneur","Enthält einen Schrein, der Ehre wiederherstellt","名誉を回復するための祭壇を授ける","명예를 회복하는 성소 등장","Recompensa com um altar que restaura Honra","Дарует алтарь для восстановления чести","Otorga un santuario que restaura tu honor","ให้ แท่นบูชา ที่มีไว้มอบเกียรติ","內含一座可恢復榮譽的聖壇","[""Honour Tabana"",""Honour Tabana"",""Honour Tabana"",""Honour Tabana""]","[""Honneur de Tabana"",""Honneur de Tabana"",""Honneur de Tabana"",""Honneur de Tabana""]","[""Ehrt Tabana"",""Ehrt Tabana"",""Ehrt Tabana"",""Ehrt Tabana""]","[""タバナの名誉"",""タバナの名誉"",""タバナの名誉"",""タバナの名誉""]","[""타바나 기리기"",""타바나 기리기"",""타바나 기리기"",""타바나 기리기""]","[""Honre Tabana"",""Honre Tabana"",""Honre Tabana"",""Honre Tabana""]","[""Почитание Табаны"",""Почитание Табаны"",""Почитание Табаны"",""Почитание Табаны""]","[""Honra a Tabana"",""Honra a Tabana"",""Honra a Tabana"",""Honra a Tabana""]","[""เชิดชูทาบาน่า"",""เชิดชูทาบาน่า"",""เชิดชูทาบาน่า"",""เชิดชูทาบาท่า""]","[""榮耀塔巴納"",""榮耀塔巴納"",""榮耀塔巴納"",""榮耀塔巴納""]",[],"",""
12,"LegendPledge",1,"","","","","Art/2DArt/UIImages/InGame/Sanctum/MarakethStatuePactIcon","","Awards a Pledge which can be accepted to change the Trial's Parameters","Récompense par un Serment qui peut être accepté pour changer les Paramètres de l'Épreuve","Enthält einen Schwur, der die Parameter der Prüfung verändert","試練のパラメーターを変更するために交わすことができる誓約を授ける","수락 시 시련의 수치를 변경해 주는 맹약 등장","Recompensa com um Compromisso que pode ser aceito para mudar os parâmetros da Provação","Дарует обет, который можно принять для изменения условий Испытания","Otorga una promesa que puedes aceptar para cambiar los parámetros de la prueba","ให้ คำมั่น ที่ยอมรับได้เพื่อปรับเปลี่ยนเงื่อนไขของบททดสอบ","內含一個誓約，接受後可改變試煉的參數","[""Pledge to Kochai"",""Pledge to Kochai"",""Pledge to Kochai"",""Pledge to Kochai""]","[""Serment de Kochai"",""Serment de Kochai"",""Serment de Kochai"",""Serment de Kochai""]","[""Schwur auf Kochai"",""Schwur auf Kochai"",""Schwur auf Kochai""]","[""コチャイへの誓い"",""コチャイへの誓い"",""コチャイへの誓い"",""コチャイへの誓い""]","[""코차이에 대한 서약"",""코차이에 대한 서약"",""코차이에 대한 서약"",""코차이에 대한 서약""]","[""Comprometa-se com Kochai"",""Comprometa-se com Kochai"",""Comprometa-se com Kochai"",""Comprometa-se com Kochai""]","[""Обет верности Кохаи"",""Обет верности Кохаи"",""Обет верности Кохаи"",""Обет верности Кохаи""]","[""Promesa a Kochai"",""Promesa a Kochai"",""Promesa a Kochai"",""Promesa a Kochai""]","[""ให้คำมั่นต่อโคไช"",""ให้คำมั่นต่อโคไช"",""ให้คำมั่นต่อโคไช"",""ให้คำมั่นต่อโคไช""]","[""向科柴起誓"",""向科柴起誓"",""向科柴起誓"",""向科柴起誓""]",[],"",""
13,"LegendWater",1,"","","","","Art/2DArt/UIImages/InGame/Sanctum/CurrencyRewardIcon","","Awards a Shrine to restore Honour and gain Sacred Water","Récompense par un Autel permettant de restaurer de l'Honneur et de gagner des Eaux sacrées","Enthält einen Schrein, der Ehre wiederherstellt und Heiliges Wasser gewährt","名誉を回復し、神聖な水が獲得できる祭壇を授ける","명예를 회복하고 신성한 물을 주는 성소 등장","Recompensa com um altar que restaura Honra e ganha Água Sagrada","Дарует алтарь для восстановления чести и получения святой воды","Otorga un santuario que restaura tu honor y te proporciona agua sagrada","ให้ แท่นบูชา ที่มีไว้มอบเกียรติและวารีศักดิ์สิทธิ์","內含一座可恢復榮譽與獲得神聖之水的聖壇","[""Honour Halani"",""Honour Halani"",""Honour Halani"",""Honour Halani""]","[""Honneur d'Halani"",""Honneur d'Halani"",""Honneur d'Halani"",""Honneur d'Halani""]","[""Ehrt Halani"",""Ehrt Halani"",""Ehrt Halani"",""Ehrt Halani""]","[""ハラニの名誉"",""ハラニの名誉"",""ハラニの名誉"",""ハラニの名誉""]","[""할라니 기리기"",""할라니 기리기"",""할라니 기리기"",""할라니 기리기""]","[""Honre Halani"",""Honre Halani"",""Honre Halani"",""Honre Halani""]","[""Почитание Халани"",""Почитание Халани"",""Почитание Халани"",""Почитание Халани""]","[""Honra a Halani"",""Honra a Halani"",""Honra a Halani"",""Honra a Halani""]","[""เชิดชูฮาลานี"",""เชิดชูฮาลานี"",""เชิดชูฮาลานี"",""เชิดชูฮาลานี""]","[""榮耀哈拉妮"",""榮耀哈拉妮"",""榮耀哈拉妮"",""榮耀哈拉妮""]",[],"",1
14,"LegendCurse",1,"","","","","Art/2DArt/UIImages/InGame/Sanctum/MarakethStatueCurseIcon","","Awards a Shrine that greatly restores Honour and burdens you with an Affliction","Récompense par un Autel qui restaure considérablement de l'Honneur et vous accable d'une Affliction","Enthält einen Schrein, der viel Ehre wiederherstellt und Euch mit einer Bürde versieht","名誉を大幅に回復し、不幸を負わせる祭壇を授ける","명예를 대폭 회복하고 고난을 부여하는 성소 등장","Recompensa com um altar que restaura muita Honra e te impõe uma Aflição","Дарует алтарь, восстанавливающий много чести и накладывающий на вас проклятие","Otorga un santuario que restaura enormemente tu honor y te aplica una desventaja","ให้ แท่นบูชา ที่มีไว้มอบเกียรติเป็นอย่างยิ่งและทำให้คุณได้รับทัณฑ์","內含一座可以大幅恢復榮譽的聖壇，並賦予你一個禁咒效果","[""Honour Ahkeli"",""Honour Ahkeli"",""Honour Ahkeli"",""Honour Ahkeli""]","[""Honneur d'Ahkeli"",""Honneur d'Ahkeli"",""Honneur d'Ahkeli"",""Honneur d'Ahkeli""]","[""Ehrt Ahkeli"",""Ehrt Ahkeli"",""Ehrt Ahkeli"",""Ehrt Ahkeli""]","[""アーケリの名誉"",""アーケリの名誉"",""アーケリの名誉"",""アーケリの名誉""]","[""아켈리 기리기"",""아켈리 기리기"",""아켈리 기리기"",""아켈리 기리기""]","[""Honre Ahkeli"",""Honre Ahkeli"",""Honre Ahkeli"",""Honre Ahkeli""]","[""Почитание Ахкели"",""Почитание Ахкели"",""Почитание Ахкели"",""Почитание Ахкели""]","[""Honra a Ahkeli"",""Honra a Ahkeli"",""Honra a Ahkeli"",""Honra a Ahkeli""]","[""เชิดชูอาเคลี"",""เชิดชูอาเคลี"",""เชิดชูอาเคลี"",""เชิดชูอาเคลี""]","[""榮耀阿卡莉"",""榮耀阿卡莉"",""榮耀阿卡莉"",""榮耀阿卡莉""]",[],"",""
15,"LegendBoon",1,"","","","","Art/2DArt/UIImages/InGame/Sanctum/MarakethStatueBoonIcon","","Awards a Shrine that restores Honour and grants you a Boon","Récompense par un Autel qui restaure de l'Honneur et vous octroie un Bienfait","Enthält einen Schrein, der Ehre wiederherstellt und Euch einen Segen gewährt","名誉を回復し、恩恵を付与する祭壇を授ける","명예를 회복하고 은혜를 부여하는 성소 등장","Recompensa com um altar que restaura Honra e te concede uma Dádiva","Дарует алтарь, восстанавливающий честь и дарующий благословение","Otorga un santuario que restaura tu honor y te aplica una ventaja","ให้ แท่นบูชา ที่มีไว้มอบเกียรติและพรให้กับคุณ","內含一座可恢復榮譽並賦予你一個恩惠的聖壇","[""Honour Orbala"",""Honour Orbala"",""Honour Orbala"",""Honour Orbala""]","[""Honneur d'Orbala"",""Honneur d'Orbala"",""Honneur d'Orbala"",""Honneur d'Orbala""]","[""Ehrt Orbala"",""Ehrt Orbala"",""Ehrt Orbala"",""Ehrt Orbala""]","[""オルバラの名誉"",""オルバラの名誉"",""オルバラの名誉"",""オルバラの名誉""]","[""오발라 기리기"",""오발라 기리기"",""오발라 기리기"",""오발라 기리기""]","[""Honre Orbala"",""Honre Orbala"",""Honre Orbala"",""Honre Orbala""]","[""Почитание Орбалы"",""Почитание Орбалы"",""Почитание Орбалы"",""Почитание Орбалы""]","[""Honra a Orbala"",""Honra a Orbala"",""Honra a Orbala"",""Honra a Orbala""]","[""เชิดชูออร์บาล่า"",""เชิดชูออร์บาล่า"",""เชิดชูออร์บาล่า"",""เชิดชูออร์บาล่า""]","[""榮耀奧爾巴拉"",""榮耀奧爾巴拉"",""榮耀奧爾巴拉"",""榮耀奧爾巴拉""]",[],"",""
16,"LegendRandom",1,"","","","","Art/2DArt/UIImages/InGame/Sanctum/MarakethStatueSpecialIcon","","Awards a Shrine that bestows the fickle Blessings of the Wind","Récompense par un Autel qui accorde les Bénédictions imprévisibles du Vent","Enthält einen Schrein, der den Segen der Winde gewährt","気まぐれな風の祝福を授ける祭壇を授ける","변화무쌍한 바람의 축복을 부여하는 성소 등장","Recompensa com um altar que te concede a instável Bênção dos Ventos","Дарует алтарь, одаряющий непостоянными благословениями ветра","Otorga un santuario que te concede la variable Bendiciones del viento","ให้ แท่นบูชา ที่มอบคำภาวนาแห่งสายลมที่ไม่แน่นอน","內含一座賜予不定的風之祝福的神殿","[""Honour Galai"",""Honour Galai"",""Honour Galai"",""Honour Galai""]","[""Honneur de Galai"",""Honneur de Galai"",""Honneur de Galai"",""Honneur de Galai""]","[""Ehrt Galai"",""Ehrt Galai"",""Ehrt Galai"",""Ehrt Galai""]","[""ガライの名誉"",""ガライの名誉"",""ガライの名誉"",""ガライの名誉""]","[""갈라이 기리기"",""갈라이 기리기"",""갈라이 기리기"",""갈라이 기리기""]","[""Honre Galai"",""Honre Galai"",""Honre Galai"",""Honre Galai""]","[""Почитание Галаи"",""Почитание Галаи"",""Почитание Галаи"",""Почитание Галаи""]","[""Honra a Galai"",""Honra a Galai"",""Honra a Galai"",""Honra a Galai""]","[""เชิดชูกาไล"",""เชิดชูกาไล"",""เชิดชูกาไล"",""เชิดชูกาไล""]","[""榮耀加萊"",""榮耀加萊"",""榮耀加萊"",""榮耀加萊""]",[],"",""
17,"WaterMajor",1,"","","","","Art/2DArt/UIImages/InGame/Sanctum/MoreHealingFountainIcon","","Awards a Large Sacred Water Fountain","Récompense par une grande Fontaine d'Eaux sacrées","Enthält einen großen Brunnen mit Heiligem Wasser","大きな神聖な水の泉を授ける","대형 신성한 물 분수 등장","Recompensa com uma Grande Fonte de Água Sagrada","Дарует большой фонтан со святой водой","Otorga una fuente de agua sagrada grande","ให้ น้ำพุวารีศักดิ์สิทธิ์ขนาดใหญ่","內含大型神聖之水噴泉","[""Fountain"",""Fountain"",""Fountain"",""Fountain""]","[""Fontaine"",""Fontaine"",""Fontaine"",""Fontaine""]","[""Brunnen"",""Brunnen"",""Brunnen"",""Brunnen""]","[""泉"",""泉"",""泉"",""泉""]","[""분수"",""분수"",""분수"",""분수""]","[""Fonte"",""Fonte"",""Fonte"",""Fonte""]","[""Фонтан"",""Фонтан"",""Фонтан"",""Фонтан""]","[""Fuente"",""Fuente"",""Fuente"",""Fuente""]","[""น้ำพุ"",""น้ำพุ"",""น้ำพุ"",""น้ำพุ""]","[""噴泉"",""噴泉"",""噴泉"",""噴泉""]",[],"",""
18,"WaterMinor",1,"","","","","Art/2DArt/UIImages/InGame/Sanctum/HealingFountainIcon","","Awards a Sacred Water Fountain","Récompense par une Fontaine d'Eaux sacrées","Enthält einen Brunnen mit Heiligem Wasser","神聖な水の泉を授ける","신성한 물 분수 등장","Recompensa com uma Fonte de Água Sagrada","Дарует фонтан со святой водой","Otorga una fuente de agua sagrada","ให้ น้ำพุวารีศักดิ์สิทธิ์","內含神聖之水噴泉","[""Fountain"",""Fountain"",""Fountain"",""Fountain""]","[""Fontaine"",""Fontaine"",""Fontaine"",""Fontaine""]","[""Brunnen"",""Brunnen"",""Brunnen"",""Brunnen""]","[""泉"",""泉"",""泉"",""泉""]","[""분수"",""분수"",""분수"",""분수""]","[""Fonte"",""Fonte"",""Fonte"",""Fonte""]","[""Фонтан"",""Фонтан"",""Фонтан"",""Фонтан""]","[""Fuente"",""Fuente"",""Fuente"",""Fuente""]","[""น้ำพุ"",""น้ำพุ"",""น้ำพุ"",""น้ำพุ""]","[""噴泉"",""噴泉"",""噴泉"",""噴泉""]",[],"",""
19,"Final",1,"","","","","Art/2DArt/UIImages/InGame/Sanctum/GargoyleBossIcon","","","","Enthält Varakath, den Wächsernen","蝋のヴァラカスがいる","창백한 바라카스 등장","","","","","含有蠟個男人瓦羅卡","[""Candlelit Chapel"",""Candlelit Chapel"",""Candlelit Chapel"",""Candlelit Chapel""]","[""Chapelle éclairée à la bougie"",""Chapelle éclairée à la bougie"",""Chapelle éclairée à la bougie"",""Chapelle éclairée à la bougie""]","[""Kerzenbeleuchtete Kapelle"",""Kerzenbeleuchtete Kapelle"",""Kerzenbeleuchtete Kapelle""]","[""蝋燭の灯された聖堂"",""蝋燭の灯された聖堂"",""蝋燭の灯された聖堂"",""蝋燭の灯された聖堂""]","[""촛불 켜진 예배당"",""촛불 켜진 예배당"",""촛불 켜진 예배당"",""촛불 켜진 예배당""]","[""Capela à Luz de Velas"",""Capela à Luz de Velas"",""Capela à Luz de Velas"",""Capela à Luz de Velas""]","[""Часовня при свечах"",""Часовня при свечах"",""Часовня при свечах"",""Часовня при свечах""]","[""Capilla con velas"",""Capilla con velas"",""Capilla con velas"",""Capilla con velas""]","[""ห้องสวดมนต์อาบแสงเทียน"",""ห้องสวดมนต์อาบแสงเทียน"",""ห้องสวดมนต์อาบแสงเทียน"",""ห้องสวดมนต์อาบแสงเทียน""]","[""燭火禮拜堂"",""燭火禮拜堂"",""燭火禮拜堂"",""燭火禮拜堂""]",[],"",""
20,"BronzeKey",1,"","","","","Art/2DArt/UIImages/InGame/Sanctum/BronzeKeyIcon","","Awards Bronze Key","Récompense par une Clé en bronze","Enthält einen Bronzeschlüssel","銅の鍵を授ける","동 열쇠 등장","Recompensa com uma Chave de Bronze","Дарует бронзовый ключ","Otorga una llave de bronce","ให้ กุญแจทองแดง","給予銅鑰匙作為獎勵","[""Bronze Key"",""Bronze Key"",""Bronze Key"",""Bronze Key""]","[""Clé en bronze"",""Clé en bronze"",""Clé en bronze"",""Clé en bronze""]","[""Bronzeschlüssel"",""Bronzeschlüssel"",""Bronzeschlüssel"",""Bronzeschlüssel""]","[""銅の鍵"",""銅の鍵"",""銅の鍵"",""銅の鍵""]","[""동 열쇠"",""동 열쇠"",""동 열쇠"",""동 열쇠""]","[""Chave de Bronze"",""Chave de Bronze"",""Chave de Bronze"",""Chave de Bronze""]","[""Бронзовый ключ"",""Бронзовый ключ"",""Бронзовый ключ"",""Бронзовый ключ""]","[""Llave de bronce"",""Llave de bronce"",""Llave de bronce"",""Llave de bronce""]","[""กุญแจทองแดง"",""กุญแจทองแดง"",""กุญแจทองแดง"",""กุญแจทองแดง""]","[""銅鑰匙"",""銅鑰匙"",""銅鑰匙"",""銅鑰匙""]",[],"",""
21,"SilverKey",1,"","","","","Art/2DArt/UIImages/InGame/Sanctum/SilverKeyIcon","","Awards Silver Key","Récompense par une Clé en argent","Enthält einen Silberschlüssel","銀の鍵を授ける","은 열쇠 등장","Recompensa com uma Chave de Prata","Дарует серебряный ключ","Otorga una llave de plata","ให้ กุญแจเงิน","給予銀鑰匙作為獎勵","[""Silver Key"",""Silver Key"",""Silver Key"",""Silver Key""]","[""Clé en argent"",""Clé en argent"",""Clé en argent"",""Clé en argent""]","[""Silberschlüssel"",""Silberschlüssel Silberschlüssel"",""Silberschlüssel""]","[""銀の鍵"",""銀の鍵"",""銀の鍵"",""銀の鍵""]","[""은 열쇠"",""은 열쇠"",""은 열쇠"",""은 열쇠""]","[""Chave de Prata"",""Chave de Prata"",""Chave de Prata"",""Chave de Prata""]","[""Серебряный ключ"",""Серебряный ключ"",""Серебряный ключ"",""Серебряный ключ""]","[""Llave de plata"",""Llave de plata"",""Llave de plata"",""Llave de plata""]","[""กุญแจเงิน"",""กุญแจเงิน"",""กุญแจเงิน"",""กุญแจเงิน""]","[""銀鑰匙"",""銀鑰匙"",""銀鑰匙"",""銀鑰匙""]",[],"",""
22,"GoldKey",1,"","","","","Art/2DArt/UIImages/InGame/Sanctum/GoldKeyIcon","","Awards Gold Key","Récompense par une Clé en or","Enthält einen Goldschlüssel","金の鍵を授ける","금 열쇠 등장","Recompensa com uma Chave de Ouro","Дарует золотой ключ","Otorga una llave de oro","ให้ กุญแจทอง","給予金鑰匙作為獎勵","[""Gold Key"",""Gold Key"",""Gold Key"",""Gold Key""]","[""Clé en or"",""Clé en or"",""Clé en or"",""Clé en or""]","[""Goldschlüssel"",""Goldschlüssel"",""Goldschlüssel"",""Goldschlüssel""]","[""金の鍵"",""金の鍵"",""金の鍵"",""金の鍵""]","[""금 열쇠"",""금 열쇠"",""금 열쇠"",""금 열쇠""]","[""Chave de Ouro"",""Chave de Ouro"",""Chave de Ouro"",""Chave de Ouro""]","[""Золотой ключ"",""Золотой ключ"",""Золотой ключ"",""Золотой ключ""]","[""Llave de oro"",""Llave de oro"",""Llave de oro"",""Llave de oro""]","[""กุญแจทอง"",""กุญแจทอง"",""กุญแจทอง"",""กุญแจทอง""]","[""金鑰匙"",""金鑰匙"",""金鑰匙"",""金鑰匙""]",[],"",""
23,"BronzeKeyChest",1,"","","","","Art/2DArt/UIImages/InGame/Sanctum/BronzeChestIcon","","Awards a Bronze Cache. Requires a Bronze Key to Open","Récompense par une Cache en bronze. Une Clé en bronze est nécessaire pour l'ouvrir","Enhält eine Bronzetruhe. Erfordert einen Bronzeschlüssel zum Öffnen","銅のチェストを授ける。開くために銅の鍵が必要","동 은닉함 포함, 동 열쇠로 열 수 있음","Recompensa com um Baú de Bronze. Requer uma Chave de Bronze para abrir","Дарует бронзовый тайник. Для открытия нужен бронзовый ключ","Otorga un arcón de bronce. Requiere una llave de bronce para abrirse","ให้ คลังทองแดง ที่ต้องเปิดด้วยกุญแจทองแดง","內含一個青銅貯藏箱。需要銅鑰匙來開啟","[""Bronze Cache"",""Bronze Cache"",""Bronze Cache"",""Bronze Cache""]","[""Cache en bronze"",""Cache en bronze"",""Cache en bronze"",""Cache en bronze""]","[""Bronzetruhe"",""Bronzetruhe"",""Bronzetruhe"",""Bronzetruhe""]","[""銅の貯蔵箱"",""銅の貯蔵箱"",""銅の貯蔵箱"",""銅の貯蔵箱""]","[""동 은닉함"",""동 은닉함"",""동 은닉함"",""동 은닉함""]","[""Baú de Bronze"",""Baú de Bronze"",""Baú de Bronze"",""Baú de Bronze""]","[""Бронзовый тайник"",""Бронзовый тайник"",""Бронзовый тайник"",""Бронзовый тайник""]","[""Arcón de bronce"",""Arcón de bronce"",""Arcón de bronce"",""Arcón de bronce""]","[""คลังทองแดง"",""คลังทองแดง"",""คลังทองแดง"",""คลังทองแดง""]","[""銅密盒"",""銅密盒"",""銅密盒"",""銅密盒""]",[],"",""
24,"SilverKeyChest",1,"","","","","Art/2DArt/UIImages/InGame/Sanctum/SilverChestIcon","","Awards a Silver Cache. Requires a Silver Key to Open","Récompense par une Cache en argent. Une Clé en argent est nécessaire pour l'ouvrir","Enhält eine Silbertruhe. Erfordert einen Silberschlüssel zum Öffnen","銀のチェストを授ける。開くために銀の鍵が必要","은 은닉함 포함, 은 열쇠로 열 수 있음","Recompensa com um Baú de Prata. Requer uma Chave de Prata para abrir","Дарует серебряный тайник. Для открытия нужен серебряный ключ","Otorga un arcón de plata. Requiere una llave de plata para abrirse","ให้ คลังเงิน ที่ต้องเปิดด้วยกุญแจเงิน","內含一個白銀貯藏箱。需要銀鑰匙來開啟","[""Silver Cache"",""Silver Cache"",""Silver Cache"",""Silver Cache""]","[""Cache en argent"",""Cache en argent"",""Cache en argent"",""Cache en argent""]","[""Silbertruhe"",""Silbertruhe"",""Silbertruhe"",""Silbertruhe""]","[""銀の貯蔵箱"",""銀の貯蔵箱"",""銀の貯蔵箱"",""銀の貯蔵箱""]","[""은 은닉함"",""은 은닉함"",""은 은닉함"",""은 은닉함""]","[""Baú de Prata"",""Baú de Prata"",""Baú de Prata"",""Baú de Prata""]","[""Серебряный тайник"",""Серебряный тайник"",""Серебряный тайник"",""Серебряный тайник""]","[""Arcón de plata"",""Arcón de plata"",""Arcón de plata"",""Arcón de plata""]","[""คลังเงิน"",""คลังเงิน"",""คลังเงิน"",""คลังเงิน""]","[""銀密盒"",""銀密盒"",""銀密盒"",""銀密盒""]",[],"",""
25,"GoldKeyChest",1,"","","","","Art/2DArt/UIImages/InGame/Sanctum/GoldChestIcon","","Awards a Gold Cache. Requires a Gold Key to Open","Récompense par une Cache en or. Une Clé en or est nécessaire pour l'ouvrir","Enhält eine Goldtruhe. Erfordert einen Goldschlüssel zum Öffnen","金のチェストを授ける。開くために金の鍵が必要","금 은닉함 포함, 금 열쇠로 열 수 있음","Recompensa com um Baú de Ouro. Requer uma Chave de Ouro para abrir","Дарует золотой тайник. Для открытия нужен золотой ключ","Otorga un arcón de oro. Requiere una llave de oro para abrirse","ให้ คลังทอง ที่ต้องเปิดด้วยกุญแจทอง","內含一個黃金貯藏箱。需要金鑰匙來開啟","[""Golden Cache"",""Golden Cache"",""Golden Cache"",""Golden Cache""]","[""Cache en or"",""Cache en or"",""Cache en or"",""Cache en or""]","[""Goldtruhe"",""Goldtruhe"",""Goldtruhe"",""Goldtruhe""]","[""黄金の貯蔵箱"",""黄金の貯蔵箱"",""黄金の貯蔵箱"",""黄金の貯蔵箱""]","[""금 은닉함"",""금 은닉함"",""금 은닉함"",""금 은닉함""]","[""Baú de Ouro"",""Baú de Ouro"",""Baú de Ouro"",""Baú de Ouro""]","[""Золотой тайник"",""Золотой тайник"",""Золотой тайник"",""Золотой тайник""]","[""Arcón de oro"",""Arcón de oro"",""Arcón de oro"",""Arcón de oro""]","[""คลังทอง"",""คลังทอง"",""คลังทอง"",""คลังทอง""]","[""金密盒"",""金密盒"",""金密盒"",""金密盒""]",[],"",""
