"rownum","Id","bool_8","bool_9","bool_10","Mainhand_AnimationKey","Offhand_AnimationKey","bool_27","Stat","row_44","bool_52","row_53","[string]_61"
0,"Idle",1,"","","","","","","","","",[]
1,"Melee","","","","",3,"","","","","",[]
2,"MeleeWithStep","","","","","","","","","","",[]
3,"OffMelee","","","",1,"","","","","","",[]
4,"Run",1,"",1,"","","",16644,"","","",[]
5,"TakeHit","","","","","","","","","","",[]
6,"Death",1,"","","","","","","","","",[]
7,"Stomp","","","","","","","","","","",[]
8,"Impale","","","","","","","","","","",[]
9,"Cleave","","","","","","","","","","",[]
10,"Charge",1,1,"","","","","","","","",[]
11,"ChargeEnd","","","","","","","","","","",[]
12,"ChargeEndAlt","","","",11,"","","","","","",[]
13,"GroundSlam","",1,"","",104,"","","","","",[]
14,"LeapSlam","",1,"","",105,"","","","","",[]
15,"DoubleStrike","","","","",106,"","","","","",[]
16,"DoubleSlash","","","","","","","","","","",[]
17,"DoubleSlashOffhand","","","",18,"","","","","","",[]
18,"DoubleSlashMainhand","","","","",17,"","","","","",[]
19,"Sweep","","","","","","","","","","",[]
20,"SpellProjectile","","","","","","",16339,"","","",[]
21,"SpellProjectileUpward","","","","","","","","","","",[]
22,"SpellAreaOfEffect","","","","","","","","","","",[]
23,"SpellBuff","","","","","","","","","","",[]
24,"SpellProjectileFire","","","","","","","","","","",[]
25,"SpellProjectileCold","","","","","","","","","","",[]
26,"SpellProjectileLightning","","","","","","","","","","",[]
27,"SpellProjectileChaos","","","","","","","","","","",[]
28,"SpellProjectileUpwardFire","","","","","","","","","","",[]
29,"SpellProjectileUpwardCold","","","","","","","","","","",[]
30,"SpellProjectileUpwardLightning","","","","","","","","","","",[]
31,"SpellProjectileUpwardChaos","","","","","","","","","","",[]
32,"SpellAreaOfEffectFire","","","","","","","","","","",[]
33,"SpellAreaOfEffectCold","","","","","","","","","","",[]
34,"SpellAreaOfEffectLightning","","","","","","","","","","",[]
35,"SpellAreaOfEffectChaos","","","","","","","","","","",[]
36,"SpellBuffFire","","","","","","","","","","",[]
37,"SpellBuffCold","","","","","","","","","","",[]
38,"SpellBuffLightning","","","","","","","","","","",[]
39,"SpellBuffChaos","","","","","","","","","","",[]
40,"Throw","","","","",99,"","","","","",[]
41,"Flurry","",1,"","","","","","","","",[]
42,"LayTrap","","","","","","","","","","",[]
43,"Emerge","","","","","","","","","","",[]
44,"DualStrike","","","","","","","","","","",[]
45,"Snipe","","","","","","","","","","",[]
46,"Block","","","","","","","","","","",[]
47,"GlacialHammer","","","","",48,"","","","","",[]
48,"OffGlacialHammer","","","",47,"","","","","","",[]
49,"Emerge2","","","","","","","","","","",[]
50,"Emerge3","","","","","","","","","","",[]
51,"HeavyStrike","","","","",52,"","","","","",[]
52,"OffHeavyStrike","","","",51,"","","","","","",[]
53,"RainOfArrows","","","","","","","","","","",[]
54,"BlastRain","","","","","","","","","","",[]
55,"CloneShot","","","","","","","","","","",[]
56,"Backstab","","","","",57,"","","","","",[]
57,"OffBackstab","","","",56,"","","","","","",[]
58,"Frenzy","","","","",59,"","","","","",[]
59,"OffFrenzy","","","",58,"","","","","","",[]
60,"PowerShot","","","","",61,"","","","","",[]
61,"OffPowerShot","","","",60,"","","","","","",[]
62,"Taunt","","","","","","","","","","",[]
63,"ChangeToStance1","","","","","","","","","","",[]
64,"ChangeToStance2","","","","","","","","","","",[]
65,"ChangeToStance3","","","","","","","","","","",[]
66,"Revive","","","","","","","","","","",[]
67,"ShadowProjectiles","","","","","","","","","","",[]
68,"HookOut","",1,"","","","","","","","",[]
69,"HookIn","",1,"","","","","","","","",[]
70,"Dance",1,"","","","","","","","","",[]
71,"Channel",1,1,"","","","","","","","",[]
72,"AttackChannel",1,1,"","","","","","","","",[]
73,"Cyclone",1,1,"","","","","","","","",[]
74,"Hide","",1,"","","","","","","","",[]
75,"Hide2","",1,"","","","","","","","",[]
76,"Hide3","",1,"","","","","","","","",[]
77,"BarrageStart","",1,"","","","","","","","",[]
78,"BarrageFireMain","","","","",79,"","","","","",[]
79,"BarrageFireOff","","","",78,"","","","","","",[]
80,"LongOpen",1,"","","","","","","","","",[]
81,"Submerge","",1,"","","","","","","","",[]
82,"Puncture","","","","",83,"","","","","",[]
83,"OffPuncture","","","",82,"","","","","","",[]
84,"DodgeLeft","",1,"","","","","","","","",[]
85,"DodgeRight","",1,"","","","","","","","",[]
86,"DodgeForward","",1,"","","","","","","","",[]
87,"DodgeBack","",1,"","","","","","","","",[]
88,"SpellBuffFast","","","","","","","","","","",[]
89,"IncreasingPulses","","","","","","","","","","",[]
90,"Pant","","","","","","","","","","",[]
91,"CastFast","","","","","","","","","","",[]
92,"ChannelEnd","","","","","","","","","","",[]
93,"ChannelUnleash","","","","","","","","","","",[]
94,"ChannelAttackUnleash","","","","","","","","","","",[]
95,"SpectralThrow","","","","",96,"","","","","",[]
96,"SpectralThrowOff","","","",95,"","","","","","",[]
97,"Teleport","","","","","","","","","","",[]
98,"Knockdown","",1,"","","","","","","","",[]
99,"ThrowOff","","","",40,"","","","","","",[]
100,"IdleRelaxed",1,"","","","","","","","","",[]
101,"ChannelBow","",1,"","","","","","","","",[]
102,"ChannelBowEnd","","","","","","","","","","",[]
103,"RainOfSpores","","","","","","","","","","",[]
104,"GroundSlamOffhand","","","",13,"","","","","","",[]
105,"LeapSlamOffhand","","","",14,"","","","","","",[]
106,"DoubleStrikeOffhand","","","",15,"","","","","","",[]
107,"AttackChannelEnd","","","","","","","","","","",[]
108,"ChangeToStance4","","","","","","","","","","",[]
109,"ChainStrikeThrow","","","","","","","","","","",[]
110,"SliceAndDice","","","","","","","","","","",[]
111,"ChargeStart","","","","","","","","","","",[]
112,"CoilingAssault","","","","","","","","","","",[]
113,"AttackProjectileUpward","","","","","","","","","","",[]
114,"MetamorphosisSkill1","","","","","","","","","","",[]
115,"MetamorphosisSkill2","","","","","","","","","","",[]
116,"MetamorphosisSkill3","","","","","","","","","","",[]
117,"ChannelBowUpwards","",1,"","","","","","","","",[]
118,"ChannelBowUpwardsEnd","","","","","","","","","","",[]
119,"DeathFromDegen",1,"","",6,"","","","","","",[]
120,"DeathWhileMoving",1,"","",6,"","","","","","",[]
121,"DeathForward",1,"","",6,"","","","","","",[]
122,"DeathBackward",1,"","",6,"","","","","","",[]
123,"DeathLeft",1,"","",6,"","","","","","",[]
124,"DeathRight",1,"","",6,"","","","","","",[]
125,"TakeHitForward",1,"","",5,"","","","","","",[]
126,"TakeHitBackward",1,"","",5,"","","","","","",[]
127,"TakeHitLeft",1,"","",5,"","","","","","",[]
128,"TakeHitRight",1,"","",5,"","","","","","",[]
129,"Warcry","","","","","","","","","","",[]
130,"RunBackwards",1,"",1,4,"","","","","","",[]
131,"ChangeToStance5","","","","","","","","","","",[]
132,"RunLeft",1,"",1,4,"","","","","","",[]
133,"RunRight",1,"",1,4,"","","","","","",[]
134,"ShieldBash","","","",99,"","","","","","",[]
135,"ReviveFromDegen","","","",66,"","","","","","",[]
136,"ReviveWhileMoving","","","",66,"","","","","","",[]
137,"ReviveForward","","","",66,"","","","","","",[]
138,"ReviveBackward","","","",66,"","","","","","",[]
139,"ReviveLeft","","","",66,"","","","","","",[]
140,"ReviveRight","","","",66,"","","","","","",[]
141,"Fling","","","",40,"","","","","","",[]
142,"ChargeEndLeft","","","",11,"","","","","","",[]
143,"ChargeEndRight","","","",11,"","","","","","",[]
144,"ChargeEnd180","","","",11,"","","","","","",[]
145,"RingOfIce","","","","","","","","","","",[]
146,"RingOfIceStatueWindup","","","","","","","","","","",[]
147,"RingOfIceStatueAttack","","","","","","","","","","",[]
148,"CrucibleChannel",1,"","",71,151,"","","","","",[]
149,"CrucibleChannelEnd","","","",92,152,"","","","","",[]
150,"CrucibleChannelStart","","","",82,153,"","","","","",[]
151,"CrucibleChannelOff",1,"","",148,"","","","","","",[]
152,"CrucibleChannelEndOff","","","",149,"","","","","","",[]
153,"CrucibleChannelStartOff","","","",150,"","","","","","",[]
154,"CrucibleChannelShield",1,"","",151,"","","","","","",[]
155,"CrucibleChannelEndShield","","","",152,"","","","","","",[]
156,"CrucibleChannelStartShield","","","",153,"","","","","","",[]
157,"FixedRun",1,"",1,"","","","","","","",[]
158,"LookLeft","","","","","",1,"","","","",[]
159,"LookRight","","","","","",1,"","","","",[]
160,"ThroneIdle",1,"","","","","","","","","",[]
161,"BoatIdle",1,"","","","","","","","","",[]
162,"ChainStrikeThrowNonLooped","","","","","","","","","","",[]
163,"CommandMinionPoint","","","","","",1,"","","","",[]
164,"ConsumePet","","","","","","","","","","",[]
165,"KineticRain","","","",1,166,"","","","","",[]
166,"KineticRainOff","","","",3,"","","","","","",[]
167,"AnimatedMove",1,"","","","","","",168,"",169,[]
168,"AnimatedMoveStart","","","","","","","","","","",[]
169,"AnimatedMoveEnd","","","","","","","","","","",[]
170,"InteractSit",1,"","","","","","","","","",[]
171,"HolySlam","","","",13,"","","","","","",[]
172,"HolySlamOff","","","",104,"","","","","","",[]
173,"HolySweep","","","",19,"","","","","","",[]
174,"HolyShield","","","",99,"","","","","","",[]
175,"Discus","","","",99,"","","","","","",[]
176,"AbyssDive","","","","","","","","","","",[]
177,"RemidusDive","","","","","","","","","","",[]
178,"InteractMapToss","","","","","","","","","","",[]
