"rownum","SkillGem","Supports"
0,411,"[107,6,26,264,16,96,496,269,270]"
1,420,"[5,94,107,17,106,496,97,19,647]"
2,421,"[5,94,107,17,106,266,496,97,680]"
3,422,"[5,94,107,17,106,266,496,97,19]"
4,319,"[166,351,335,600,43,640,685,352,496]"
5,65,"[11,488,491,492,347,664]"
6,536,"[488,490,265,492,270,664]"
7,379,"[490,167,491,492,269,662]"
8,282,"[167,14,36,559,555,519,474,521,671]"
9,322,"[5,11,106,224,83,97]"
10,76,"[164,165,353,225,498,26,410,500,553]"
11,125,"[35,168,124,106,26,564,123,641,629]"
12,143,"[166,165,522,26,564,589,628,591,652]"
13,2,"[351,106,270,461,100,474,495,505,672]"
14,42,"[35,331,161,225,555,559,500,496,671]"
15,69,"[11,377,505,502,275,408,265,606,679]"
16,33,"[107,6,362,501,409,460,496,123,680]"
17,318,"[168,211,93,224,469,210,106,410,700]"
18,81,"[165,161,26,499,552,589,628,96,652]"
19,115,"[94,99,161,519,499,552,521,627,678]"
20,114,"[11,378,468,225,505,408,275,502,606]"
21,1,"[165,11,527,100,410,589,627,656,672]"
22,320,"[11,107,501,268,409,460,641,599,657]"
23,390,"[338,328,11,106,519,521,410,588,498]"
24,131,"[96,504,5,339,167,107,552,463,97]"
25,145,"[99,165,166,26,225,564,624,600,648]"
26,389,"[99,461,166,100,498,26,410,564,652]"
27,384,"[5,209,504,499,339,83,269,590,633]"
28,387,"[99,164,165,224,678,410,588,589,635]"
29,545,"[490,488,491,492,664,666]"
30,514,"[164,490,266,491,492,666]"
31,430,"[12,95,353,18,96,10,496,269,19]"
32,67,"[488,35,491,96,83,347]"
33,546,"[488,490,491,265,473,270]"
34,325,"[56,110,369,96,43,475,644,685,688]"
35,108,"[490,11,266,498,492,567]"
36,346,"[11,353,492,43,96,651]"
37,537,"[488,489,491,265,666,667]"
38,40,"[22,7,49,504,592,603,597,611,594]"
39,524,"[331,487,96,43,496,270,167,474,17]"
40,507,"[9,487,569,504,554,336,590,602,611]"
41,144,"[187,206,43,527,268,269,270,656,669]"
42,190,"[338,99,554,573,96,50,594,669,697]"
43,310,"[35,98,12,48,205,499,464,574,594]"
44,311,"[11,7,8,48,499,504,301,83,464]"
45,324,"[326,11,487,519,521,96,473,635,594]"
46,307,"[22,304,375,96,224,466,19,50,636]"
47,312,"[49,335,469,499,15,574,224,626,700]"
48,542,"[9,8,338,504,47,574,465,630,701]"
49,476,"[572,373,124,504,565,499,83,50,597]"
50,541,"[12,338,569,332,573,574,619,594,83]"
51,62,"[113,303,505,269,377,352,266,684,270]"
52,309,"[11,375,304,527,499,498,466,500,521]"
53,30,"[167,376,505,266,352,269,270,14,706]"
54,313,"[326,304,11,224,504,19,466,590,620]"
55,316,"[167,6,527,43,96,301,270,464,669]"
56,34,"[35,572,99,96,573,498,496,500,594]"
57,306,"[209,7,22,93,339,46,83,574,648]"
58,512,"[72,12,167,205,573,162,472,15,574]"
59,549,"[376,490,668,664,491,666]"
60,321,"[489,264,492,581,621,649]"
61,333,"[5,263,109,46,97,463,262,265,269]"
62,383,"[489,263,491,492,505,667]"
63,308,"[209,22,80,265,266,267,268,269,270]"
64,323,"[71,49,187,265,267,268,269,660,605]"
65,200,"[72,80,35,205,55,352,128,560,358]"
66,388,"[331,164,80,162,571,565,566,470,83]"
67,116,"[167,265,267,268,269,11,263,505,270]"
68,204,"[377,378,264,505,266,267,268,269,270]"
69,540,"[489,263,266,472,663,668]"
70,21,"[22,72,565,332,83,337,352,583,332]"
71,0,"[71,334,105,55,47,465,567,336,605]"
72,392,"[164,14,80,560,565,554,561,470,50]"
73,117,"[338,328,27,481,266,267,482,470,270]"
74,315,"[7,209,105,339,46,267,268,83,50]"
75,75,"[49,331,167,349,560,205,301,337,464]"
76,82,"[7,57,487,47,560,83,336,561,711]"
77,314,"[35,331,80,339,46,574,83,330,571]"
78,44,"[49,105,80,205,349,48,337,83,472]"
79,73,"[209,7,49,93,339,55,268,269,270]"
80,32,"[105,370,371,263,48,619,711,472,553]"
81,74,"[164,11,113,55,558,47,83,15,336]"
82,61,"[334,211,27,339,93,567,83,352,162]"
83,182,"[14,377,122,265,266,267,472,269,270]"
84,51,"[167,11,118,366,266,503,269,528,608]"
85,53,"[167,11,118,366,266,503,269,528,608]"
86,52,"[572,167,363,366,367,503,169,270,608]"
87,28,"[11,365,363,367,366,528,503,270,608]"
88,317,"[338,105,162,55,15,83,566,80,605]"
89,24,"[328,11,206,505,563,520,83,337,465]"
90,171,"[338,162,55,47,15,83,336,497,632]"
91,37,"[167,331,338,46,560,16,463,83,359]"
92,63,"[11,57,105,560,573,162,561,472,464]"
93,126,"[80,22,560,83,465,471,8,554,302]"
94,129,"[338,80,162,48,15,83,619,632,472]"
95,54,"[211,80,558,210,352,470,267,599,640]"
96,45,"[71,489,16,491,492,668]"
97,517,"[164,167,491,266,470,471]"
98,412,"[9,351,6,18,568,106,15,123,270]"
99,277,"[164,488,265,491,268,269]"
100,526,"[488,490,265,266,492,269]"
101,66,"[488,9,43,347,660,605]"
102,38,"[12,205,303,504,373,570,410,619,624]"
103,295,"[331,163,11,26,571,15,496,521,586]"
104,297,"[71,11,206,504,562,83,465,336,658]"
105,183,"[376,370,373,106,100,371,123,359,576]"
106,292,"[7,99,225,496,8,554,498,500,474]"
107,160,"[187,70,462,568,504,465,123,83,630]"
108,294,"[12,376,486,162,106,100,83,123,15]"
109,170,"[35,162,486,552,270,9,635,604,605]"
110,291,"[72,205,462,106,270,6,568,128,123]"
111,513,"[6,572,166,576,96,267,473,19,496]"
112,147,"[353,6,576,96,564,269,270,11,631]"
113,157,"[187,206,162,70,270,571,573,574,496]"
114,479,"[377,378,167,266,267,268,269,270,586]"
115,478,"[16,499,552,352,11,6,72,565,83]"
116,293,"[167,303,14,96,332,504,359,358,83]"
117,142,"[35,163,571,100,410,123,496,628,650]"
118,184,"[206,70,572,571,43,565,496,471,465]"
119,551,"[12,11,469,100,106,464,358,700,619]"
120,20,"[6,486,303,106,123,564,631,680,687]"
121,511,"[9,11,167,43,47,83,15,336,573]"
122,477,"[165,99,100,527,225,500,564,589,628]"
123,296,"[22,49,103,554,43,267,566,561,270]"
124,372,"[489,263,581,622,649,665]"
125,382,"[164,11,353,498,55,564,566,270,593]"
126,381,"[487,264,265,266,267,268,269,27,352]"
127,39,"[27,264,265,266,267,268,269,270,376]"
128,4,"[270,80,11,497,364,55,560,83,463]"
129,130,"[265,266,267,268,269,270,167,80,583]"
130,29,"[363,118,365,366,367,169,503,270,608]"
131,327,"[167,304,326,409,364,267,470,466,270]"
132,305,"[167,368,109,349,364,500,564,15,99]"
133,357,"[8,27,103,559,555,520,566,473,270]"
134,360,"[110,535,369,111,26,500,496,564,615]"
135,85,"[110,535,369,111,96,26,500,496,564]"
136,88,"[304,375,11,109,470,466,50,584,585]"
137,91,"[11,7,209,109,46,475,463,210,584]"
138,77,"[167,480,481,484,482,483,598,617,595]"
139,290,"[167,334,56,265,266,267,577,521,578]"
140,356,"[167,334,56,520,519,267,475,577,578]"
141,299,"[350,334,94,55,498,224,566,495,699]"
142,79,"[167,480,368,481,484,482,483,473,617]"
143,298,"[334,368,99,162,498,15,564,495,554]"
144,3,"[338,11,209,560,55,364,83,463,210]"
145,13,"[303,110,361,364,109,111,500,97,475]"
146,355,"[11,376,27,364,484,481,482,528,595]"
147,31,"[363,118,365,366,367,169,528,267,270]"
148,102,"[167,118,365,366,367,267,169,503,352]"
149,64,"[11,110,27,519,520,267,577,475,578]"
150,119,"[11,368,162,571,267,15,269,566,598]"
151,86,"[361,99,109,500,475,123,615,610,212]"
152,89,"[11,110,487,465,471,50,584,585,109]"
153,90,"[11,72,80,332,109,83,464,301,585]"
154,87,"[168,99,111,564,123,6,615,644,643]"
155,92,"[110,27,369,505,267,475,269,270,615]"
156,23,"[610,268,644,369,56,110,109,475,643]"
157,548,"[167,489,473,665,663,667]"
158,68,"[11,490,265,266,269,270]"
159,539,"[489,263,269,475,663,665]"
160,41,"[490,489,491,266,492,269]"
161,385,"[490,491,266,492,269,167]"
162,58,"[490,489,491,266,492,667]"
163,59,"[490,489,491,266,492,666]"
164,60,"[490,489,491,266,492,668]"
165,276,"[167,376,265,266,268,269]"
166,431,"[12,95,353,17,534,43,496,500,19]"
167,393,"[532,351,7,162,554,499,467,564,699]"
168,394,"[99,569,530,531,96,225,496,500,50]"
169,395,"[572,532,5,224,504,565,97,574,270]"
170,396,"[99,49,163,17,460,409,352,50,268]"
171,397,"[11,7,209,162,93,504,329,97,533]"
172,398,"[5,530,211,46,339,93,210,329,533]"
173,399,"[5,7,6,534,339,554,50,97,701]"
174,400,"[9,328,70,563,504,499,83,533,590]"
175,401,"[22,187,9,47,43,106,83,533,50]"
176,402,"[569,6,9,504,106,47,83,465,533]"
177,403,"[206,7,487,534,106,504,83,50,496]"
178,404,"[12,532,7,504,531,533,83,619,352]"
179,405,"[12,530,6,106,504,332,83,301,464]"
180,406,"[11,532,7,504,565,106,83,464,301]"
181,407,"[12,532,6,504,534,96,83,533,301]"
182,285,"[35,7,504,505,224,557,97,463,587]"
183,286,"[35,351,113,96,505,268,557,500,626]"
184,287,"[11,487,113,558,505,496,500,556,620]"
185,288,"[326,304,11,460,409,224,83,466,556]"
186,289,"[12,113,504,505,267,557,301,556,587]"
187,523,"[5,504,505,565,557,83,587,270,703]"
188,518,"[377,167,505,265,269,270]"
189,181,"[99,487,350,555,106,559,564,521,671]"
190,112,"[331,5,338,555,504,46,496,97,521]"
191,529,"[488,490,491,265,471,470]"
192,516,"[488,490,664,491,667,668]"
193,508,"[11,167,490,265,266,491,492,269,670]"
194,510,"[11,167,490,265,266,491,492,269,670]"
195,509,"[11,167,490,265,266,491,492,269,670]"
196,427,"[107,106,495,500,496,682,99,634,26]"
197,428,"[107,106,495,500,496,682,99,634,26]"
198,729,"[166,107,335,43,647,600,352,685,651]"
199,429,"[633,554,590,352,638,645,94,637,499]"
200,133,"[628,36,656,624,564,505,96,588,705]"
201,134,"[683,36,26,678,100,646,677,570,572]"
202,136,"[487,99,11,26,685,693,694,699,635]"
203,138,"[373,12,499,205,645,611,98,592,464]"
204,342,"[5,504,331,46,463,209,701,635,210]"
205,343,"[11,6,107,498,641,500,635,270,638]"
206,344,"[637,167,113,504,499,565,83,619]"
207,345,"[165,669,11,100,656,619,83,128,588]"
208,139,"[9,164,486,565,638,504,574,701,83]"
209,135,"[99,6,487,26,641,677,659,675,591]"
210,132,"[637,634,669,654,106,648,123,618,707]"
211,340,"[8,7,591,611,590,499,167,685,16]"
212,718,"[486,633,124,592,565,83,358,684,270]"
213,719,"[331,11,10,564,660,519,521,633,554]"
214,720,"[462,12,619,332,504,652,83,123,166]"
215,722,"[71,70,9,47,629,574,570,106,652]"
216,723,"[99,338,683,659,499,635,699,588,675]"
217,724,"[124,26,618,467,99,669,650,564,702]"
218,721,"[376,6,669,638,650,626,123,676,677]"
219,725,"[99,353,17,646,495,474,683,106,706]"
220,728,"[12,572,332,619,83,592,464,338,128]"
221,730,"[11,634,631,504,567,83,338,638,570]"
222,727,"[633,5,635,504,499,210,463,410,11]"
223,726,"[487,167,266,267,269,270]"
224,547,"[99,490,96,491,646,347]"
225,733,"[488,490,664,491,666,668]"
226,734,"[7,488,693,662,694,474]"
227,731,"[56,369,110,109,643,688,475,500,685]"
228,435,"[490,489,581,622,649,621]"
229,436,"[5,35,7,504,106,558,83,210,97]"
230,437,"[12,35,7,504,106,558,83,128,330]"
231,438,"[9,35,7,504,106,558,83,336,358]"
232,439,"[95,375,7,106,224,466,19,358,636]"
233,440,"[94,99,7,106,224,498,467,495,500]"
234,441,"[334,166,505,266,267,268,269,270,335]"
235,442,"[80,11,167,505,224,43,83,337,359]"
236,443,"[263,264,265,266,471,470,472,167,687]"
237,444,"[110,56,361,93,109,500,475,644,688]"
238,445,"[490,489,505,491,492,269]"
239,446,"[113,11,167,505,266,267,268,269,270]"
240,447,"[113,166,335,505,266,267,268,269,270]"
241,448,"[167,164,264,265,266,267,268,269,270]"
242,449,"[490,489,262,505,491,267,492,269,270]"
243,450,"[262,263,262,265,266,267,470,471,472]"
244,451,"[490,489,491,492,262,581,622,621,649]"
245,506,"[80,351,124,505,224,43,83,337,336]"
246,452,"[56,110,99,109,111,26,496,500,495]"
247,453,"[167,335,364,505,166,267,268,269,270]"
248,454,"[99,11,617,664,474,666]"
249,456,"[36,6,94,631,109,96,699,496,644]"
250,735,"[11,35,637,605,10,504,574,83,270]"
251,457,"[5,377,378,504,600,505,83,470,97]"
252,459,"[377,167,378,505,266,267,268,269,270]"
253,458,"[35,637,353,584,585,505,644,475,564]"
254,737,"[262,580,582,472,263,265]"
255,215,"[262,263,580,266,575,582]"
256,217,"[262,263,580,266,575,582]"
257,218,"[262,263,580,266,575,582]"
258,219,"[262,263,580,266,575,582]"
259,220,"[262,263,580,266,575,582]"
260,221,"[262,263,580,266,575,582]"
261,272,"[262,263,580,266,575,582]"
262,274,"[262,263,580,266,575,582]"
263,374,"[262,263,580,266,575,582]"
264,550,"[262,263,580,266,575,582]"
265,732,"[489,490,580,663,582,666]"
266,216,"[262,263,580,266,579,575]"
267,271,"[262,263,580,266,579,575]"
268,515,"[262,263,580,266,579,575]"
269,538,"[262,263,580,266,579,575]"
270,738,"[167,489,663,505,668,666]"
