"rownum","Id","BaseItemTypesKey","HASH16","HASH32","i32","bool","bool","i32","i32","rid","i32","i32","i32","i32","i32","i32","i32","i32","i32","i32","i32"
0,"Metadata/Pet/Kiwi/Basic",4659,2086311012,583742,0,1,"",0,3801088,0,0,0,0,4849664,0,0,-33554432,-16843010,-16843010,-16843010,16711422
1,"Metadata/Pet/Kiwi/Bronze",4660,-2085573226,536102,0,1,"",0,8257536,0,0,0,0,9306112,0,0,-33554432,-16843010,-16843010,-16843010,16711422
2,"Metadata/Pet/Kiwi/Silver",4661,1606067348,588590,0,1,"",0,12713984,0,0,0,0,13762560,0,0,-33554432,-16843010,-16843010,-16843010,16711422
3,"Metadata/Pet/Kiwi/Gold",4662,-2014188486,551883,0,1,"",0,16908288,0,0,0,0,17956864,0,0,-33554432,-16843010,-16843010,-16843010,16711422
4,"Metadata/Pet/Kiwi/Diamond",4663,1142770207,593410,0,1,"",0,21495808,0,0,0,0,22544384,0,0,-33554432,-16843010,-16843010,-16843010,16711422
5,"Metadata/Pet/Basilisk/Green",4636,1328673223,573174,0,1,"",0,26345472,0,0,0,0,27394048,0,0,-33554432,-16843010,-16843010,-16843010,16711422
6,"Metadata/Pet/Basilisk/Infernal",4637,-2105176920,527917,0,1,"",0,31588352,0,0,0,0,32636928,0,0,-33554432,-16843010,-16843010,-16843010,16711422
7,"Metadata/Pet/Basilisk/Spectral",4638,263865108,543918,0,1,"",0,36831232,0,0,0,0,37879808,0,0,-33554432,-16843010,-16843010,-16843010,16711422
8,"Metadata/Pet/Frog/Blue",4639,-485387575,553432,0,1,"",0,41025536,0,0,0,0,42074112,0,0,-33554432,-16843010,-16843010,-16843010,16711422
9,"Metadata/Pet/Frog/BlueCrown",4640,-520372982,548337,0,1,"",0,45875200,0,0,0,0,46923776,0,0,-33554432,-16843010,-16843010,-16843010,16711422
10,"Metadata/Pet/Frog/Green",4641,-1585650203,541849,0,1,"",0,50200576,0,0,0,0,51249152,0,0,-33554432,-16843010,-16843010,-16843010,16711422
11,"Metadata/Pet/Frog/GreenCrown",4642,688166190,572458,0,1,"",0,55181312,0,0,0,0,56229888,0,0,-33554432,-16843010,-16843010,-16843010,16711422
12,"Metadata/Pet/Frog/Red",4643,809810393,559517,0,1,"",0,59244544,0,0,0,0,60293120,0,0,-33554432,-16843010,-16843010,-16843010,16711422
13,"Metadata/Pet/Frog/RedCrown",4644,-358894497,548548,0,1,"",0,63963136,0,0,0,0,65011712,0,0,-33554432,-16843010,-16843010,-16843010,16711422
14,"Metadata/Pet/Frog/Mysterious",4645,1997451470,575424,0,1,"",0,68943872,0,0,0,0,69992448,0,0,-33554432,-16843010,-16843010,-16843010,16711422
15,"Metadata/Pet/Scorpion/Black",4646,2086048261,585299,0,1,"",0,73793536,0,0,0,0,74842112,0,0,-33554432,-16843010,-16843010,-16843010,16711422
16,"Metadata/Pet/Scorpion/Chrome",4647,1182749051,530180,0,1,"",0,78774272,0,0,0,0,79822848,0,0,-33554432,-16843010,-16843010,-16843010,16711422
17,"Metadata/Pet/Scorpion/Purple",4648,1801073437,546887,0,1,"",0,83755008,0,0,0,0,84803584,0,0,-33554432,-16843010,-16843010,-16843010,16711422
18,"Metadata/Pet/Scorpion/Red",4649,-223579443,557153,0,1,"",0,88342528,0,0,0,0,89391104,0,0,-33554432,-16843010,-16843010,-16843010,16711422
19,"Metadata/Pet/Scorpion/White",4650,-1966431217,536261,0,1,"",0,93192192,0,0,0,0,94240768,0,0,-33554432,-16843010,-16843010,-16843010,16711422
20,"Metadata/Pet/Scorpion/Yellow",4651,1248154023,531394,0,1,"",0,98172928,0,0,0,0,99221504,0,0,-33554432,-16843010,-16843010,-16843010,16711422
21,"Metadata/Pet/Weta/Basic",4655,-459832769,550568,0,1,"",0,102498304,0,0,0,0,103546880,0,0,-33554432,-16843010,-16843010,-16843010,16711422
22,"Metadata/Pet/Weta/Colossal",4656,1748972211,547468,0,1,"",0,107216896,0,0,0,0,108265472,0,0,-33554432,-16843010,-16843010,-16843010,16711422
23,"Metadata/Pet/Weta/Giant",4657,16544244,553224,0,1,"",0,111542272,0,0,0,0,112590848,0,0,-33554432,-16843010,-16843010,-16843010,16711422
24,"Metadata/Pet/Scorpion/fire_upgrade",4652,1710061699,531822,0,1,"",0,117309440,0,0,0,0,118358016,0,0,-33554432,-16843010,-16843010,-16843010,16711422
25,"Metadata/Pet/Scorpion/acid_upgrade",4653,-1929801442,531943,0,1,"",0,123076608,0,0,0,0,124125184,0,0,-33554432,-16843010,-16843010,-16843010,16711422
26,"Metadata/Pet/Scorpion/Light_upgrade",4654,-594798921,576059,0,1,"",0,128974848,0,0,0,0,130023424,0,0,-33554432,-16843010,-16843010,-16843010,16711422
27,"Metadata/Pet/Weta/Blood",4658,1307566886,569033,0,1,"",0,133300224,0,0,0,0,134348800,0,0,-33554432,-16843010,-16843010,-16843010,16711422
28,"Metadata/Pet/Kiwi/Albino",4664,1895853193,531849,0,1,"",0,137756672,0,0,0,0,138805248,0,0,-33554432,-16843010,-16843010,-16843010,16711422
29,"Metadata/Pet/BabyRhoa/babyrhoa",4665,-211261134,563802,0,1,"",0,142999552,0,0,0,0,144048128,0,0,-33554432,-16843010,-16843010,-16843010,16711422
30,"Metadata/Pet/BabyRhoa/babyrhoa_attach1",4666,1162036745,525130,0,1,"",0,149291008,0,0,0,0,150339584,0,0,-33554432,-16843010,-16843010,-16843010,16711422
31,"Metadata/Pet/BabyRhoa/babyrhoa_attach2",4667,-648322471,572162,0,1,"",0,155582464,0,0,0,0,156631040,0,0,-33554432,-16843010,-16843010,-16843010,16711422
32,"Metadata/Pet/BabyRhoa/babyrhoa_attach3",4668,-1430046965,564680,0,1,"",0,161873920,0,0,0,0,162922496,0,0,-33554432,-16843010,-16843010,-16843010,16711422
33,"Metadata/Pet/BabyRhoaFlying/babyrhoaflying",4669,-183211595,629921,0,1,"",0,168689664,0,0,0,0,169738240,0,0,-33554432,-16843010,-16843010,-16843010,16711422
34,"Metadata/Pet/Ferret/Ferret",4670,-1627038279,574140,0,1,"",0,173408256,0,0,0,0,174456832,0,0,-33554432,-16843010,-16843010,-16843010,16711422
35,"Metadata/Pet/Cat/Black",4671,-1416580385,530767,0,1,"",0,177602560,0,0,0,0,178651136,0,0,-33554432,-16843010,-16843010,-16843010,16711422
36,"Metadata/Pet/DemonHand/Basic",4672,1691856294,575857,0,1,"",0,182583296,0,0,0,0,183631872,0,0,-33554432,-16843010,-16843010,-16843010,16711422
37,"Metadata/Pet/Fox/infernal_fox/Infernal",4673,-2060816315,652655,0,1,"",0,188874752,0,0,0,0,189923328,0,0,-33554432,-16843010,-16843010,-16843010,16711422
38,"Metadata/Pet/Bat/Vampire_Bat/Lightning",4674,-1635191195,551149,0,1,"",0,195166208,0,0,0,0,196214784,0,0,-33554432,-16843010,-16843010,-16843010,16711422
39,"Metadata/Pet/Garena/Garena",4675,1000559177,551402,0,1,"",0,199884800,0,0,0,0,200933376,0,0,-33554432,-16843010,-16843010,-16843010,16711422
40,"Metadata/Pet/BellLizard/BellLizard",4676,1417188679,573759,0,1,"",0,205651968,0,0,0,0,206700544,0,0,-33554432,-16843010,-16843010,-16843010,16711422
41,"Metadata/Pet/Lion/Demon/DemonLion",4677,-1772228717,752078,0,1,"",0,211288064,0,0,0,0,212336640,0,0,-33554432,-16843010,-16843010,-16843010,16711422
42,"Metadata/Pet/Lion/Gem/GemLion",4678,-848574228,722311,0,1,"",0,216399872,0,0,0,0,217448448,0,0,-33554432,-16843010,-16843010,-16843010,16711422
43,"Metadata/Pet/Cobra/Cobra",4679,-325807316,556984,0,1,"",0,220856320,0,0,0,0,221904896,0,0,-33554432,-16843010,-16843010,-16843010,16711422
44,"Metadata/Pet/Cockroach/Cockroach",4680,80998440,587003,0,1,"",0,226361344,0,0,0,0,227409920,0,0,-33554432,-16843010,-16843010,-16843010,16711422
45,"Metadata/Pet/FormosanBear/FormosanBear",4681,903989278,720383,0,1,"",0,232652800,0,0,0,0,233701376,0,0,-33554432,-16843010,-16843010,-16843010,16711422
46,"Metadata/Pet/SpiderLizard/SpiderLizard",4682,1067122867,540456,0,1,"",0,238944256,0,0,0,0,239992832,0,0,-33554432,-16843010,-16843010,-16843010,16711422
47,"Metadata/Pet/BlueLandCrab/BlueLandCrab",4683,106004084,555045,0,1,"",0,245235712,0,0,0,0,246284288,0,0,-33554432,-16843010,-16843010,-16843010,16711422
48,"Metadata/Pet/CaneToad/CaneToad1/CaneToad1",4684,-1035234302,546377,0,1,"",0,251920384,0,0,0,0,252968960,0,0,-33554432,-16843010,-16843010,-16843010,16711422
49,"Metadata/Pet/CaneToad/CaneToad2/CaneToad2",4685,-1918041876,560449,0,1,"",0,258605056,0,0,0,0,259653632,0,0,-33554432,-16843010,-16843010,-16843010,16711422
50,"Metadata/Pet/CaneToad/CaneToad3/CaneToad3",4686,2041806806,525925,0,1,"",0,265289728,0,0,0,0,266338304,0,0,-33554432,-16843010,-16843010,-16843010,16711422
51,"Metadata/Pet/CaneToad/CaneToad4/CaneToad4",4687,1838585932,587226,0,1,"",0,271974400,0,0,0,0,273022976,0,0,-33554432,-16843010,-16843010,-16843010,16711422
52,"Metadata/Pet/CaneToad/CaneToad5/CaneToad5",4688,-1376809836,532859,0,1,"",0,278659072,0,0,0,0,279707648,0,0,-33554432,-16843010,-16843010,-16843010,16711422
53,"Metadata/Pet/CaneToad/CaneToad6/CaneToad6",4689,-1376662020,548877,0,1,"",0,285343744,0,0,0,0,286392320,0,0,-33554432,-16843010,-16843010,-16843010,16711422
54,"Metadata/Pet/Spider/spider",4690,2119162085,566954,0,1,"",0,290062336,0,0,0,0,291110912,0,0,-33554432,-16843010,-16843010,-16843010,16711422
55,"Metadata/Pet/FormosanDeer/FormosanDeer",4691,-2127929308,712974,0,1,"",0,296353792,0,0,0,0,297402368,0,0,-33554432,-16843010,-16843010,-16843010,16711422
56,"Metadata/Pet/FlySwarm/FlySwarm",4692,1093161574,660302,0,1,"",0,301596672,0,0,0,0,302645248,0,0,-33554432,-16843010,-16843010,-16843010,16711422
57,"Metadata/Pet/DropBear/DropBear",4695,1321914861,630567,0,1,"",0,306839552,0,0,0,0,307888128,0,0,-33554432,-16843010,-16843010,-16843010,16711422
58,"Metadata/Pet/BloodWorm/BloodWorm",4696,1503156081,528105,0,1,"",0,312344576,0,0,0,0,313393152,0,0,-33554432,-16843010,-16843010,-16843010,16711422
59,"Metadata/Pet/Rat_Black/Rat_Black",4697,1837838469,548110,0,1,"",0,317849600,0,0,0,0,318898176,0,0,-33554432,-16843010,-16843010,-16843010,16711422
60,"Metadata/Pet/RollingHead/RollingHead",4698,-2048091485,532303,0,1,"",0,323878912,0,0,0,0,324927488,0,0,-33554432,-16843010,-16843010,-16843010,16711422
61,"Metadata/Pet/FlySwarm/FlySwarmGreen",4693,2107757903,633070,0,1,"",0,329777152,0,0,0,0,330825728,0,0,-33554432,-16843010,-16843010,-16843010,16711422
62,"Metadata/Pet/FlySwarm/FlySwarmOrange",4694,-1323519248,590828,0,1,"",0,335806464,0,0,0,0,336855040,0,0,-33554432,-16843010,-16843010,-16843010,16711422
63,"Metadata/Pet/BabyBlackDeath/BabyBlackDeath",4699,-617942796,666590,0,1,"",0,342622208,0,0,0,0,343670784,0,0,-33554432,-16843010,-16843010,-16843010,16711422
64,"Metadata/Pet/Chicken/Chicken",4700,568450361,589016,0,1,"",0,347602944,0,0,0,0,348651520,0,0,-33554432,-16843010,-16843010,-16843010,16711422
65,"Metadata/Pet/WildTurkey/WildTurkey",4701,1133742393,641706,0,1,"",0,353370112,0,0,0,0,354418688,0,0,-33554432,-16843010,-16843010,-16843010,16711422
66,"Metadata/Pet/Hedgehog/Hedgehog",4702,2080801648,589686,0,1,"",0,358612992,0,0,0,0,359661568,0,0,-33554432,-16843010,-16843010,-16843010,16711422
67,"Metadata/Pet/Lemur/Lemur",4703,1889044674,587866,0,1,"",0,363069440,0,0,0,0,364118016,0,0,-33554432,-16843010,-16843010,-16843010,16711422
68,"Metadata/Pet/PeacockMale/PeacockMale",4704,1024272070,662475,0,1,"",0,369098752,0,0,0,0,370147328,0,0,-33554432,-16843010,-16843010,-16843010,16711422
69,"Metadata/Pet/PeacockFemale/PeacockFemale",4705,177636339,624997,0,1,"",0,375652352,0,0,0,0,376700928,0,0,-33554432,-16843010,-16843010,-16843010,16711422
70,"Metadata/Pet/Pukeko/Pukeko",4706,1856546580,575932,0,1,"",0,380370944,0,0,0,0,381419520,0,0,-33554432,-16843010,-16843010,-16843010,16711422
71,"Metadata/Pet/RockElemental/RockElemental",4707,531828749,528318,0,1,"",0,386924544,0,0,0,0,387973120,0,0,-33554432,-16843010,-16843010,-16843010,16711422
72,"Metadata/Pet/DesertTortoise/DesertTortoise",4708,1061254767,543022,0,1,"",0,393740288,0,0,0,0,394788864,0,0,-33554432,-16843010,-16843010,-16843010,16711422
73,"Metadata/Pet/Koala/KoalaBear",4709,-1369569374,633340,0,1,"",0,398721024,0,0,0,0,399769600,0,0,-33554432,-16843010,-16843010,-16843010,16711422
74,"Metadata/Pet/Basilisk/LargeInfernal",4710,-232283631,675894,0,1,"",0,404619264,0,0,0,0,405667840,0,0,-33554432,-16843010,-16843010,-16843010,16711422
75,"Metadata/Pet/BabyElephant/BabyElephant",4711,878110891,711933,0,1,"",0,410910720,0,0,0,0,411959296,0,0,-33554432,-16843010,-16843010,-16843010,16711422
76,"Metadata/Pet/Wallaby/Wallaby",4712,-1683374014,613355,0,1,"",0,415891456,0,0,0,0,416940032,0,0,-33554432,-16843010,-16843010,-16843010,16711422
77,"Metadata/Pet/Merveil/Merveil",4713,-1445383141,564674,0,1,"",0,420872192,0,0,0,0,421920768,0,0,-33554432,-16843010,-16843010,-16843010,16711422
78,"Metadata/Pet/Lynx/FrostLynx/FrostLynx",4714,-1535890414,624742,0,1,"",0,427032576,0,0,0,0,428081152,0,0,-33554432,-16843010,-16843010,-16843010,16711422
79,"Metadata/Pet/Centipede/Centipede",4715,-1893815030,533012,0,1,"",0,432537600,0,0,0,0,433586176,0,0,-33554432,-16843010,-16843010,-16843010,16711422
80,"Metadata/Pet/Parasite/Parasite",4716,960660280,572026,0,1,"",0,437780480,0,0,0,0,438829056,0,0,-33554432,-16843010,-16843010,-16843010,16711422
81,"Metadata/Pet/Wolf/Wolf",4717,1206981490,676995,0,1,"",0,441974784,0,0,0,0,443023360,0,0,-33554432,-16843010,-16843010,-16843010,16711422
82,"Metadata/Pet/GargoyleStone/GargoyleStone",4718,-830787059,588918,0,1,"",0,448528384,0,0,0,0,449576960,0,0,-33554432,-16843010,-16843010,-16843010,16711422
83,"Metadata/Pet/GargoyleBronze/GargoyleBronze",4719,1740134938,605602,0,1,"",0,455344128,0,0,0,0,456392704,0,0,-33554432,-16843010,-16843010,-16843010,16711422
84,"Metadata/Pet/GargoyleGold/GargoyleGold",4720,-17377126,730732,0,1,"",0,461635584,0,0,0,0,462684160,0,0,-33554432,-16843010,-16843010,-16843010,16711422
85,"Metadata/Pet/GargoyleAmaranthine/GargoyleAmaranthine",4721,1577973149,830352,65536,1,"",0,469762048,0,0,0,0,470810624,0,0,-33554432,-16843010,-16843010,-16843010,16711422
86,"Metadata/Pet/GargoyleAmaranthine/GargoyleAmaranthinePremium",4722,-629782635,826851,16777216,1,"",0,478806016,0,0,0,0,479854592,0,0,-33554432,-16843010,-16843010,-16843010,16711422
87,"Metadata/Pet/GargoyleAmaranthine/GargoyleAmaranthinePremiumExpired",4723,1234256136,788633,65536,1,"",0,488767488,0,0,0,0,489816064,0,0,-33554432,-16843010,-16843010,-16843010,16711422
88,"Metadata/Pet/BladeSentry/BladeSentry",4724,1753604362,625039,0,1,"",0,494796800,0,0,0,0,495845376,0,0,-33554432,-16843010,-16843010,-16843010,16711422
89,"Metadata/Pet/WhiteTiger/WhiteTiger",4725,-543087578,785287,0,1,"",0,500563968,0,0,0,0,501612544,0,0,-33554432,-16843010,-16843010,-16843010,16711422
90,"Metadata/Pet/Parrot/BrazilianParrot",4726,1278553151,548874,0,1,"",0,506462208,0,0,0,0,507510784,0,0,-33554432,-16843010,-16843010,-16843010,16711422
91,"Metadata/Pet/MonkeyNavali/MonkeyNavaliPet",4727,157390377,565064,0,1,"",0,513146880,0,0,0,0,514195456,0,0,-33554432,-16843010,-16843010,-16843010,16711422
92,"Metadata/Pet/Rabbit/Rabbit",4729,211109754,543727,0,1,"",0,517865472,0,0,0,0,518914048,0,0,-33554432,-16843010,-16843010,-16843010,16711422
93,"Metadata/Pet/Beetle/Beetle",4728,-638257687,535581,0,1,"",0,522584064,0,0,0,0,523632640,0,0,-33554432,-16843010,-16843010,-16843010,16711422
94,"Metadata/Pet/HeiTiki/Spawner",4730,2056783246,556822,0,1,"",0,527564800,0,0,0,0,528613376,0,0,-33554432,-16843010,-16843010,-16843010,16711422
95,"Metadata/Pet/GraspingHands/Spawner",4731,1466452343,531999,0,1,"",0,533331968,0,0,0,0,534380544,0,0,-33554432,-16843010,-16843010,-16843010,16711422
96,"Metadata/Pet/GamepediaBook/GamepediaBook",4732,582792321,562749,0,1,"",0,539885568,0,0,0,0,540934144,0,0,-33554432,-16843010,-16843010,-16843010,16711422
97,"Metadata/Pet/Frog/PurpleCrown",4733,-341046971,582377,0,1,"",0,544997376,0,0,0,0,546045952,0,0,-33554432,-16843010,-16843010,-16843010,16711422
98,"Metadata/Pet/FlySwarm/FlySwarmLightning",4734,349869067,557265,0,1,"",0,551419904,0,0,0,0,552468480,0,0,-33554432,-16843010,-16843010,-16843010,16711422
99,"Metadata/Pet/Tiger/Tiger",4735,-446978324,541623,65536,1,"",0,555876352,0,0,0,0,556924928,0,0,-33554432,-16843010,-16843010,-16843010,16711422
100,"Metadata/Pet/Scorpion/acid_upgrade_purple",4736,1698853405,530271,0,1,"",0,562561024,0,0,0,0,563609600,0,0,-33554432,-16843010,-16843010,-16843010,16711422
101,"Metadata/Pet/CaneToad/CaneToadGlass/CaneToadGlass",4737,1930340955,579925,65536,1,"",0,570294272,0,0,0,0,571342848,0,0,-33554432,-16843010,-16843010,-16843010,16711422
102,"Metadata/Pet/WhiteWolf/WhiteWolf",4738,1856269555,655959,0,1,"",0,575799296,0,0,0,0,576847872,0,0,-33554432,-16843010,-16843010,-16843010,16711422
103,"Metadata/Pet/Cat/Orange",4739,1557830505,575411,0,1,"",0,580124672,0,0,0,0,581173248,0,0,-33554432,-16843010,-16843010,-16843010,16711422
104,"Metadata/Pet/Devourling/Spawner",4740,-398225136,555347,0,1,"",0,585498624,0,0,0,0,586547200,0,0,-33554432,-16843010,-16843010,-16843010,16711422
105,"Metadata/Pet/Taotie/Taotie",4741,-525610344,537139,0,1,"",0,590217216,0,0,0,0,591265792,0,0,-33554432,-16843010,-16843010,-16843010,16711422
106,"Metadata/Pet/TaowuPet/Taowu",4742,-1522750493,790239,0,1,"",0,595066880,0,0,0,0,596115456,0,0,-33554432,-16843010,-16843010,-16843010,16711422
107,"Metadata/Pet/FlySwarm/FlySwarmLight",4743,118464978,567005,0,1,"",0,600965120,0,0,0,0,602013696,0,0,-33554432,-16843010,-16843010,-16843010,16711422
108,"Metadata/Pet/FlySwarm/FlySwarmDark",4744,-177259484,575819,0,1,"",0,606732288,0,0,0,0,607780864,0,0,-33554432,-16843010,-16843010,-16843010,16711422
109,"Metadata/Pet/HarbingerTiger/HarbingerTiger",4745,135419822,548796,0,1,"",0,613548032,0,0,0,0,614596608,0,0,-33554432,-16843010,-16843010,-16843010,16711422
110,"Metadata/Pet/Crow/Crow",4746,2083994821,540914,0,1,"",0,617742336,0,0,0,0,618790912,0,0,-33554432,-16843010,-16843010,-16843010,16711422
111,"Metadata/Pet/Dove/Dove",4747,-1888396772,578925,0,1,"",0,621936640,0,0,0,0,622985216,0,0,-33554432,-16843010,-16843010,-16843010,16711422
112,"Metadata/Pet/PolarBearCub/PolarBearCub",4748,777651135,536037,65536,1,"",0,628228096,0,0,0,0,629276672,0,0,-33554432,-16843010,-16843010,-16843010,16711422
113,"Metadata/Pet/Frog/Fire",4749,614829907,568310,0,1,"",0,632422400,0,0,0,0,633470976,0,0,-33554432,-16843010,-16843010,-16843010,16711422
114,"Metadata/Pet/Frog/Ice",4750,-1741436479,545266,0,1,"",0,636485632,0,0,0,0,637534208,0,0,-33554432,-16843010,-16843010,-16843010,16711422
115,"Metadata/Pet/Hundun/Hundun",4751,1675991458,588359,0,1,"",0,641204224,0,0,0,0,642252800,0,0,-33554432,-16843010,-16843010,-16843010,16711422
116,"Metadata/Pet/Cat/Julio",4752,1039286254,524828,0,1,"",0,645398528,0,0,0,0,646447104,0,0,-33554432,-16843010,-16843010,-16843010,16711422
117,"Metadata/Pet/Qiongqi/Qiongqi",4753,1651407510,792824,0,1,"",0,650379264,0,0,0,0,651427840,0,0,-33554432,-16843010,-16843010,-16843010,16711422
118,"Metadata/Pet/Tiger/IceTiger",4754,990943617,565905,0,1,"",0,655228928,0,0,0,0,656277504,0,0,-33554432,-16843010,-16843010,-16843010,16711422
119,"Metadata/Pet/Lion/Fire",4755,14923620,571271,0,1,"",0,659423232,0,0,0,0,660471808,0,0,-33554432,-16843010,-16843010,-16843010,16711422
120,"Metadata/Pet/Eyeball/Eyeball1",4756,-1204894032,556702,0,1,"",0,664535040,0,0,0,0,665583616,0,0,-33554432,-16843010,-16843010,-16843010,16711422
121,"Metadata/Pet/Eyeball/Eyeball2",4757,1134403120,581037,0,1,"",0,669646848,0,0,0,0,670695424,0,0,-33554432,-16843010,-16843010,-16843010,16711422
122,"Metadata/Pet/Eyeball/Eyeball3",4758,1515528802,555063,0,1,"",0,674758656,0,0,0,0,675807232,0,0,-33554432,-16843010,-16843010,-16843010,16711422
123,"Metadata/Pet/Eyeball/Eyeball4",4759,-852220236,584576,0,1,"",0,679870464,0,0,0,0,680919040,0,0,-33554432,-16843010,-16843010,-16843010,16711422
124,"Metadata/Pet/Eyeball/Eyeball5",4760,-1877756094,534353,0,1,"",0,684982272,0,0,0,0,686030848,0,0,-33554432,-16843010,-16843010,-16843010,16711422
125,"Metadata/Pet/HellionCub/HellionCub",4761,-972914652,542246,0,1,"",0,690749440,0,0,0,0,691798016,0,0,-33554432,-16843010,-16843010,-16843010,16711422
126,"Metadata/Pet/Cat/Celestial",4762,1398287328,555192,0,1,"",0,695468032,0,0,0,0,696516608,0,0,-33554432,-16843010,-16843010,-16843010,16711422
127,"Metadata/Pet/CoconutCrab/CoconutCrab",4763,-145564155,534871,0,1,"",0,701497344,0,0,0,0,702545920,0,0,-33554432,-16843010,-16843010,-16843010,16711422
128,"Metadata/Pet/Harpy/Harpy",4764,-1250807314,558236,0,1,"",0,705953792,0,0,0,0,707002368,0,0,-33554432,-16843010,-16843010,-16843010,16711422
129,"Metadata/Pet/SinAndInnocenceSwords/Sin2hSword",4765,1688782712,566224,0,1,"",0,713162752,0,0,0,0,714211328,0,0,-33554432,-16843010,-16843010,-16843010,16711422
130,"Metadata/Pet/SinAndInnocenceSwords/Innocence2hSword",4766,163801931,549512,0,1,"",0,721158144,0,0,0,0,722206720,0,0,-33554432,-16843010,-16843010,-16843010,16711422
131,"Metadata/Pet/SinAndInnocenceSwords/SinInnocence2hSword",4767,-1982790892,559813,0,1,"",0,729546752,0,0,0,0,730595328,0,0,-33554432,-16843010,-16843010,-16843010,16711422
132,"Metadata/Pet/Cherub/Sin",4768,-1596949538,580366,0,1,"",0,733872128,0,0,0,0,734920704,0,0,-33554432,-16843010,-16843010,-16843010,16711422
133,"Metadata/Pet/Cherub/Innocence",4769,-1000928662,577085,0,1,"",0,738983936,0,0,0,0,740032512,0,0,-33554432,-16843010,-16843010,-16843010,16711422
134,"Metadata/Pet/Beast/Beast",4770,486600888,585144,0,1,"",0,743440384,0,0,0,0,744488960,0,0,-33554432,-16843010,-16843010,-16843010,16711422
135,"Metadata/Pet/Goatman/Goatman",4771,308627029,545840,0,1,"",0,748421120,0,0,0,0,749469696,0,0,-33554432,-16843010,-16843010,-16843010,16711422
136,"Metadata/Pet/Monkey/Monkey",4772,-2040578038,575061,0,1,"",0,753139712,0,0,0,0,754188288,0,0,-33554432,-16843010,-16843010,-16843010,16711422
137,"Metadata/Pet/Raptor/Raptor",4773,1698595983,582065,0,1,"",0,757858304,0,0,0,0,758906880,0,0,-33554432,-16843010,-16843010,-16843010,16711422
138,"Metadata/Pet/Tumbleweed/Tumbleweed",4774,-2080417893,578660,0,1,"",0,763625472,0,0,0,0,764674048,0,0,-33554432,-16843010,-16843010,-16843010,16711422
139,"Metadata/Pet/Copter/Copter",4775,660553808,550671,0,1,"",0,768344064,0,0,0,0,769392640,0,0,-33554432,-16843010,-16843010,-16843010,16711422
140,"Metadata/Pet/Scorpion/Machine",4776,526116862,587941,0,1,"",0,773455872,0,0,0,0,774504448,0,0,-33554432,-16843010,-16843010,-16843010,16711422
141,"Metadata/Pet/Wolpertinger/TrillingWolpertinger",4777,-1620999270,531707,0,1,"",0,780795904,0,0,0,0,781844480,0,0,-33554432,-16843010,-16843010,-16843010,16711422
142,"Metadata/Pet/Wolpertinger/SqueakingWolpertinger",4778,1673959631,588553,0,1,"",0,788267008,0,0,0,0,789315584,0,0,-33554432,-16843010,-16843010,-16843010,16711422
143,"Metadata/Pet/Wolpertinger/GruntingWolpertinger",4779,-1070884214,547489,0,1,"",0,795607040,0,0,0,0,796655616,0,0,-33554432,-16843010,-16843010,-16843010,16711422
144,"Metadata/Pet/Lion/Gold",4780,-2024527875,565417,0,1,"",0,799801344,0,0,0,0,800849920,0,0,-33554432,-16843010,-16843010,-16843010,16711422
145,"Metadata/Pet/Raven/BloodGuard",4782,669476092,541467,0,1,"",0,804913152,0,0,0,0,805961728,0,0,-33554432,-16843010,-16843010,-16843010,16711422
146,"Metadata/Pet/Eagle/FaithGuard",4783,-789573270,573850,0,1,"",0,810024960,0,0,0,0,811073536,0,0,-33554432,-16843010,-16843010,-16843010,16711422
147,"Metadata/Pet/Raven/Oriath",4784,284889460,524687,0,1,"",0,814612480,0,0,0,0,815661056,0,0,-33554432,-16843010,-16843010,-16843010,16711422
148,"Metadata/Pet/Pigeon/Dark",4786,1049527056,572830,0,1,"",0,819068928,0,0,0,0,820117504,0,0,-33554432,-16843010,-16843010,-16843010,16711422
149,"Metadata/Pet/Pigeon/Light",4785,-704138850,550809,0,1,"",0,823656448,0,0,0,0,824705024,0,0,-33554432,-16843010,-16843010,-16843010,16711422
150,"Metadata/Pet/BallTrio/Fire",4787,1412657883,534248,0,1,"",0,828375040,0,0,0,0,829423616,0,0,-33554432,-16843010,-16843010,-16843010,16711422
151,"Metadata/Pet/BallTrio/Cold",4788,1951976917,571789,0,1,"",0,833093632,0,0,0,0,834142208,0,0,-33554432,-16843010,-16843010,-16843010,16711422
152,"Metadata/Pet/BallTrio/Lightning",4789,1055828270,563136,0,1,"",0,838467584,0,0,0,0,839516160,0,0,-33554432,-16843010,-16843010,-16843010,16711422
153,"Metadata/Pet/Hound/BloodGuard",4781,-544107367,543496,0,1,"",0,843579392,0,0,0,0,844627968,0,0,-33554432,-16843010,-16843010,-16843010,16711422
154,"Metadata/Pet/DreadForgeLion/DreadForgeLionPet",4790,156625065,582140,0,1,"",0,850788352,0,0,0,0,851836928,0,0,-33554432,-16843010,-16843010,-16843010,16711422
155,"Metadata/Pet/Canary/Canary",4791,2067705541,579067,0,1,"",0,855506944,0,0,0,0,856555520,0,0,-33554432,-16843010,-16843010,-16843010,16711422
156,"Metadata/Pet/GothicHorrorGhostChild/GothicHorrorGhostChild",4792,-2008743742,559239,0,1,"",0,864419840,0,0,0,0,865468416,0,0,-33554432,-16843010,-16843010,-16843010,16711422
157,"Metadata/Pet/Football/Football",4793,2136160759,542372,0,1,"",0,869662720,0,0,0,0,870711296,0,0,-33554432,-16843010,-16843010,-16843010,16711422
158,"Metadata/Pet/Dragon/Dragon",4794,-395586159,998906,65536,1,"",0,874381312,0,0,0,0,875429888,0,0,-33554432,-16843010,-16843010,-16843010,16711422
159,"Metadata/Pet/Dragon/DragonPremium",4795,-817562846,996454,16777216,1,"",0,880017408,0,0,0,0,881065984,0,0,-33554432,-16843010,-16843010,-16843010,16711422
160,"Metadata/Pet/Dragon/DragonPremiumExpired",4796,-1352338056,1006108,65536,1,"",0,886571008,0,0,0,0,887619584,0,0,-33554432,-16843010,-16843010,-16843010,16711422
161,"Metadata/Pet/BrineKingMinion/BrineKingMinion",4797,1189544016,542391,0,1,"",0,893648896,0,0,0,0,894697472,0,0,-33554432,-16843010,-16843010,-16843010,16711422
162,"Metadata/Pet/Taniwha/Taniwha",4798,-946170248,545250,0,1,"",0,898629632,0,0,0,0,899678208,0,0,-33554432,-16843010,-16843010,-16843010,16711422
163,"Metadata/Pet/CorsairPet/CorsairPet",4799,-324350080,533290,0,1,"",0,904396800,0,0,0,0,905445376,0,0,-33554432,-16843010,-16843010,-16843010,16711422
164,"Metadata/Pet/Mystic/Spawner",4800,1824302250,575510,0,1,"",0,909246464,0,0,0,0,910295040,0,0,-33554432,-16843010,-16843010,-16843010,16711422
165,"Metadata/Pet/MadcapHare/MadcapHare",4801,-246013886,577812,0,1,"",0,915013632,0,0,0,0,916062208,0,0,-33554432,-16843010,-16843010,-16843010,16711422
166,"Metadata/Pet/MadcapToad/MadcapToad",4802,664427128,556514,0,1,"",0,920780800,0,0,0,0,921829376,0,0,-33554432,-16843010,-16843010,-16843010,16711422
167,"Metadata/Pet/Dragonfly/Dragonfly",4803,2036740484,542946,0,1,"",0,926285824,0,0,0,0,927334400,0,0,-33554432,-16843010,-16843010,-16843010,16711422
168,"Metadata/Pet/HuntsmanToad/HuntsmanToad",4804,-200800173,588891,0,1,"",0,932577280,0,0,0,0,933625856,0,0,-33554432,-16843010,-16843010,-16843010,16711422
169,"Metadata/Pet/SoulstealerPet/SoulstealerPet",4805,1712384889,560489,0,1,"",0,939393024,0,0,0,0,940441600,0,0,-33554432,-16843010,-16843010,-16843010,16711422
170,"Metadata/Pet/DragonWhelp/DragonWhelp",4806,622213304,531886,0,1,"",0,945422336,0,0,0,0,946470912,0,0,-33554432,-16843010,-16843010,-16843010,16711422
171,"Metadata/Pet/TwoLeggedGoat/TwoLeggedGoat",4807,-16287812,559291,0,1,"",0,951975936,0,0,0,0,953024512,0,0,-33554432,-16843010,-16843010,-16843010,16711422
172,"Metadata/Pet/IceDragon/IceDragon",4808,-263391352,985028,65536,1,"",0,957480960,0,0,0,0,958529536,0,0,-33554432,-16843010,-16843010,-16843010,16711422
173,"Metadata/Pet/IceDragon/IceDragonPremium",4809,554265430,1002079,16777216,1,"",0,963903488,0,0,0,0,964952064,0,0,-33554432,-16843010,-16843010,-16843010,16711422
174,"Metadata/Pet/IceDragon/IceDragonPremiumExpired",4810,-1379433580,994899,65536,1,"",0,971243520,0,0,0,0,972292096,0,0,-33554432,-16843010,-16843010,-16843010,16711422
175,"Metadata/Pet/Viper/Viper",4811,2129557981,984883,0,1,"",0,975699968,0,0,0,0,976748544,0,0,-33554432,-16843010,-16843010,-16843010,16711422
176,"Metadata/Pet/NineTailedFox/NineTailedFox",4812,-1767208596,794566,65536,1,"",0,982253568,0,0,0,0,983302144,0,0,-33554432,-16843010,-16843010,-16843010,16711422
177,"Metadata/Pet/NineTailedFox/NineTailedFoxPremium",4813,-151178812,837433,16777216,1,"",0,989724672,0,0,0,0,990773248,0,0,-33554432,-16843010,-16843010,-16843010,16711422
178,"Metadata/Pet/NineTailedFox/NineTailedFoxPremiumExpired",4814,1986407786,809740,65536,1,"",0,998113280,0,0,0,0,999161856,0,0,-33554432,-16843010,-16843010,-16843010,16711422
179,"Metadata/Pet/CruciblePet/CruciblePet",4815,277319142,564577,0,1,"",0,1004142592,0,0,0,0,1005191168,0,0,-33554432,-16843010,-16843010,-16843010,16711422
180,"Metadata/Pet/CultDarkness/CultDarkness",4816,-950156785,525650,65536,1,"",0,1010434048,0,0,0,0,1011482624,0,0,-33554432,-16843010,-16843010,-16843010,16711422
181,"Metadata/Pet/WranglerHawk/WranglerHawk",4817,1323885224,830528,0,1,"",0,1016725504,0,0,0,0,1017774080,0,0,-33554432,-16843010,-16843010,-16843010,16711422
182,"Metadata/Pet/WranglerScorpion/WranglerScorpion",4818,-953227394,532560,0,1,"",0,1024065536,0,0,0,0,1025114112,0,0,-33554432,-16843010,-16843010,-16843010,16711422
183,"Metadata/Pet/WildPanther/WildPanther",4819,2130795854,533071,0,1,"",0,1030094848,0,0,0,0,1031143424,0,0,-33554432,-16843010,-16843010,-16843010,16711422
184,"Metadata/Pet/WildScorpion/WildScorpion",4820,1929709242,554431,0,1,"",0,1036386304,0,0,0,0,1037434880,0,0,-33554432,-16843010,-16843010,-16843010,16711422
185,"Metadata/Pet/Plated/Plated",4821,293217016,537474,0,1,"",0,1041104896,0,0,0,0,1042153472,0,0,-33554432,-16843010,-16843010,-16843010,16711422
186,"Metadata/Pet/WaterElemental/WaterElemental",4822,-121883957,576119,0,1,"",0,1047920640,0,0,0,0,1048969216,0,0,-33554432,-16843010,-16843010,-16843010,16711422
187,"Metadata/Pet/VanguardOwl/VanguardOwl",4823,-1445390289,569846,0,1,"",0,1053949952,0,0,0,0,1054998528,0,0,-33554432,-16843010,-16843010,-16843010,16711422
188,"Metadata/Pet/CyrWheelMonkey/CyrWheelMonkey",4824,-1223320572,797457,0,1,"",0,1060765696,0,0,0,0,1061814272,0,0,-33554432,-16843010,-16843010,-16843010,16711422
189,"Metadata/Pet/CircusParakeet/CircusParakeet",4825,-655757742,538299,0,1,"",0,1067581440,0,0,0,0,1068630016,0,0,-33554432,-16843010,-16843010,-16843010,16711422
190,"Metadata/Pet/CircusTroll/CircusTroll",4826,-1222936262,839201,0,1,"",0,1073610752,0,0,0,0,1074659328,0,0,-33554432,-16843010,-16843010,-16843010,16711422
191,"Metadata/Pet/JugglingPins/Spawner",4827,-11787715,580977,0,1,"",0,1079246848,0,0,0,0,1080295424,0,0,-33554432,-16843010,-16843010,-16843010,16711422
192,"Metadata/Pet/Sentinel/Sentinel",4828,-694159599,532878,0,1,"",0,1084489728,0,0,0,0,1085538304,0,0,-33554432,-16843010,-16843010,-16843010,16711422
193,"Metadata/Pet/Chiyou/Chiyou",4829,-732022420,847154,65536,1,"",0,1089208320,0,0,0,0,1090256896,0,0,-33554432,-16843010,-16843010,-16843010,16711422
194,"Metadata/Pet/Chiyou/ChiyouPremium",4830,746905066,848238,16777216,1,"",0,1094844416,0,0,0,0,1095892992,0,0,-33554432,-16843010,-16843010,-16843010,16711422
195,"Metadata/Pet/Chiyou/ChiyouPremiumExpired",4831,-1614733402,819303,65536,1,"",0,1101398016,0,0,0,0,1102446592,0,0,-33554432,-16843010,-16843010,-16843010,16711422
196,"Metadata/Pet/Chiyou/Gold_Chiyou",4832,496199666,817761,65536,1,"",0,1106771968,0,0,0,0,1107820544,0,0,-33554432,-16843010,-16843010,-16843010,16711422
197,"Metadata/Pet/Chiyou/Gold_ChiyouPremium",4833,1178729612,834253,16777216,1,"",0,1113063424,0,0,0,0,1114112000,0,0,-33554432,-16843010,-16843010,-16843010,16711422
198,"Metadata/Pet/Chiyou/Gold_ChiyouPremiumExpired",4834,197927142,797482,65536,1,"",0,1120272384,0,0,0,0,1121320960,0,0,-33554432,-16843010,-16843010,-16843010,16711422
199,"Metadata/Pet/HavenwoodDeer/HavenwoodDeer",4835,-971047426,670688,0,1,"",0,1126825984,0,0,0,0,1127874560,0,0,-33554432,-16843010,-16843010,-16843010,16711422
200,"Metadata/Pet/DemonicMoth/DemonicMoth",4836,1485819327,562480,0,1,"",0,1132855296,0,0,0,0,1133903872,0,0,-33554432,-16843010,-16843010,-16843010,16711422
201,"Metadata/Pet/DemonicArcticReindeer/DemonicArcticReindeer",4837,2139898659,539823,0,1,"",0,1141506048,0,0,0,0,1142554624,0,0,-33554432,-16843010,-16843010,-16843010,16711422
202,"Metadata/Pet/Cat/Halloween",4838,496599588,565181,0,1,"",0,1146224640,0,0,0,0,1147273216,0,0,-33554432,-16843010,-16843010,-16843010,16711422
203,"Metadata/Pet/BlackDragon/BlackDragon",4839,-430997843,1022178,65536,1,"",0,1152253952,0,0,0,0,1153302528,0,0,-33554432,-16843010,-16843010,-16843010,16711422
204,"Metadata/Pet/BlackDragon/BlackDragonPremium",4840,-1264448251,1030567,16777216,1,"",0,1159200768,0,0,0,0,1160249344,0,0,-33554432,-16843010,-16843010,-16843010,16711422
205,"Metadata/Pet/BlackDragon/BlackDragonPremiumExpired_",4841,812259314,993176,65536,1,"",0,1167196160,0,0,0,0,1168244736,0,0,-33554432,-16843010,-16843010,-16843010,16711422
206,"Metadata/Pet/WhiteDragon/WhiteDragon",4842,-794736589,1022098,65536,1,"",0,1173225472,0,0,0,0,1174274048,0,0,-33554432,-16843010,-16843010,-16843010,16711422
207,"Metadata/Pet/WhiteDragon/WhiteDragonPremium",4843,1288047364,1001410,16777216,1,"",0,1180172288,0,0,0,0,1181220864,0,0,-33554432,-16843010,-16843010,-16843010,16711422
208,"Metadata/Pet/WhiteDragon/WhiteDragonPremiumExpired",4844,-200277409,1046095,65536,1,"",0,1188036608,0,0,0,0,1189085184,0,0,-33554432,-16843010,-16843010,-16843010,16711422
209,"Metadata/Pet/BlackWhiteDragon/BlackWhiteDragon",4845,377708432,1001747,0,1,"",0,1195376640,0,0,0,0,1196425216,0,0,-33554432,-16843010,-16843010,-16843010,16711422
210,"Metadata/Pet/BlackWhiteDragon/BlackWhiteDragonPremium",4846,-1756953770,1020945,16777216,1,"",0,1203634176,0,0,0,0,1204682752,0,0,-33554432,-16843010,-16843010,-16843010,16711422
211,"Metadata/Pet/BlackWhiteDragon/BlackWhiteDragonPremiumExpired",4847,-1333986362,1002426,0,1,"",0,1212809216,0,0,0,0,1213857792,0,0,-33554432,-16843010,-16843010,-16843010,16711422
212,"Metadata/Pet/Rat_White/Rat_White",4848,-824218111,565470,0,1,"",0,1218314240,0,0,0,0,1219362816,0,0,-33554432,-16843010,-16843010,-16843010,16711422
213,"Metadata/Pet/Cat/EmpyreanCat",4850,351333625,587785,65536,1,"",0,1223294976,0,0,0,0,1224343552,0,0,-33554432,-16843010,-16843010,-16843010,16711422
214,"Metadata/Pet/CultDarkness/SunprismCatPremium/SunprismCatPremium",4851,-1036241127,587045,16777216,1,"",0,1232863232,0,0,0,0,1233911808,0,0,-33554432,-16843010,-16843010,-16843010,16711422
215,"Metadata/Pet/CultDarkness/SunprismCatPremium/SunprismCatPremiumExpired",4852,-1477200867,529390,65536,1,"",0,1243348992,0,0,0,0,1244397568,0,0,-33554432,-16843010,-16843010,-16843010,16711422
216,"Metadata/Pet/EyrieFalcon/EyrieFalcon",4849,-1713751234,565988,0,1,"",0,1249378304,0,0,0,0,1250426880,0,0,-33554432,-16843010,-16843010,-16843010,16711422
217,"Metadata/Pet/ElderDarkseer/ElderDarkseer",4853,-1200578420,530684,0,1,"",0,1255931904,0,0,0,0,1256980480,0,0,-33554432,-16843010,-16843010,-16843010,16711422
218,"Metadata/Pet/ScientistLabRat/ScientistLabRat",4854,1784057639,583025,0,1,"",0,1263009792,0,0,0,0,1264058368,0,0,-33554432,-16843010,-16843010,-16843010,16711422
219,"Metadata/Pet/ThaumaturgyDogs/ThaumaturgyScientistPet",4855,765636684,564718,0,1,"",0,1271136256,0,0,0,0,1272184832,0,0,-33554432,-16843010,-16843010,-16843010,16711422
220,"Metadata/Pet/ThaumaturgDarkAdvisor/ThaumaturgDarkAdvisor",4856,-634510487,588103,0,1,"",0,1279787008,0,0,0,0,1280835584,0,0,-33554432,-16843010,-16843010,-16843010,16711422
221,"Metadata/Pet/ThaumaturgyDogs/ThaumaturgyProjectPet",4857,-1289796070,587013,0,1,"",0,1287651328,0,0,0,0,1288699904,0,0,-33554432,-16843010,-16843010,-16843010,16711422
222,"Metadata/Pet/ClockworkFireGolem/ClockworkFireGolem",4858,1647268096,537391,0,1,"",0,1295515648,0,0,0,0,1296564224,0,0,-33554432,-16843010,-16843010,-16843010,16711422
223,"Metadata/Pet/ClockworkLightningGolem/ClockworkLightningGolem",4859,1548704370,525885,0,1,"",0,1304690688,0,0,0,0,1305739264,0,0,-33554432,-16843010,-16843010,-16843010,16711422
224,"Metadata/Pet/ClockworkIceGolem/ClockworkIceGolem",4860,1636953097,560536,0,1,"",0,1312292864,0,0,0,0,1313341440,0,0,-33554432,-16843010,-16843010,-16843010,16711422
225,"Metadata/Pet/ClockworkStoneGolem/ClockworkStoneGolem",4861,964530077,571104,0,1,"",0,1320419328,0,0,0,0,1321467904,0,0,-33554432,-16843010,-16843010,-16843010,16711422
226,"Metadata/Pet/ClockworkChaosGolem/ClockworkChaosGolem",4862,12711227,587258,0,1,"",0,1328545792,0,0,0,0,1329594368,0,0,-33554432,-16843010,-16843010,-16843010,16711422
227,"Metadata/Pet/AfterlifeCat/AfterlifeCat",4863,-1472630421,579922,0,1,"",0,1334837248,0,0,0,0,1335885824,0,0,-33554432,-16843010,-16843010,-16843010,16711422
228,"Metadata/Pet/VoidSmall/VoidSmall",4864,-340890537,559097,0,1,"",0,1340342272,0,0,0,0,1341390848,0,0,-33554432,-16843010,-16843010,-16843010,16711422
229,"Metadata/Pet/VoidLarge/VoidLarge",4865,2010804744,525778,0,1,"",0,1345847296,0,0,0,0,1346895872,0,0,-33554432,-16843010,-16843010,-16843010,16711422
230,"Metadata/Pet/UltimateChaosTiger/UltimateChaosTiger",4866,1593254384,556807,0,1,"",0,1353711616,0,0,0,0,1354760192,0,0,-33554432,-16843010,-16843010,-16843010,16711422
231,"Metadata/Pet/PandemoniumPegasus/PandemoniumPegasus",4867,-1815458397,712297,0,1,"",0,1361575936,0,0,0,0,1362624512,0,0,-33554432,-16843010,-16843010,-16843010,16711422
232,"Metadata/Pet/Butterfly/Angelic/Angelic_Moth",4868,1915204720,575063,0,1,"",0,1368522752,0,0,0,0,1369571328,0,0,-33554432,-16843010,-16843010,-16843010,16711422
233,"Metadata/Pet/StygianSteed/HellSteedPet",4869,1967660000,683688,0,1,"",0,1374814208,0,0,0,0,1375862784,0,0,-33554432,-16843010,-16843010,-16843010,16711422
234,"Metadata/Pet/PandemoniumSpider/PandemoniumSpider",4870,-1303593183,527725,0,1,"",0,1382416384,0,0,0,0,1383464960,0,0,-33554432,-16843010,-16843010,-16843010,16711422
235,"Metadata/Pet/GlimmerwoodBeetle/GlimmerwoodBeetle",4871,-888618158,526426,0,1,"",0,1390018560,0,0,0,0,1391067136,0,0,-33554432,-16843010,-16843010,-16843010,16711422
236,"Metadata/Pet/NecroticTiger/NecroticTiger",4872,-257959428,534883,0,1,"",0,1396572160,0,0,0,0,1397620736,0,0,-33554432,-16843010,-16843010,-16843010,16711422
237,"Metadata/Pet/StygianSteed/StygianSteedPet",4873,-1186892880,772849,0,1,"",0,1403256832,0,0,0,0,1404305408,0,0,-33554432,-16843010,-16843010,-16843010,16711422
238,"Metadata/Pet/TencentGirl/TencentGirl01",4874,1055490576,703737,65536,1,"",0,1409548288,0,0,0,0,1410596864,0,0,-33554432,-16843010,-16843010,-16843010,16711422
239,"Metadata/Pet/TencentGirl/TencentGirl02",4875,-536993051,720155,16777216,1,"",0,1415839744,0,0,0,0,1416888320,0,0,-33554432,-16843010,-16843010,-16843010,16711422
240,"Metadata/Pet/TencentGirl/TencentGirl03",4876,-2113645156,710552,65536,1,"",0,1422131200,0,0,0,0,1423179776,0,0,-33554432,-16843010,-16843010,-16843010,16711422
241,"Metadata/Pet/DaughterOfSinSpring/DaughterOfSinSpringPremium",4877,1991057839,546562,16777216,1,"",0,1431175168,0,0,0,0,1432223744,0,0,-33554432,-16843010,-16843010,-16843010,16711422
242,"Metadata/Pet/DaughterOfSinSpring/DaughterOfSinSpringPremiumExpired",4878,-2099547165,586040,65536,1,"",0,1441136640,0,0,0,0,1442185216,0,0,-33554432,-16843010,-16843010,-16843010,16711422
243,"Metadata/Pet/BabyElephant/celestial/Celestial_BabyElephant",4879,468417742,681765,0,1,"",0,1450049536,0,0,0,0,1451098112,0,0,-33554432,-16843010,-16843010,-16843010,16711422
244,"Metadata/Pet/Corgi/Corgi",4880,-2038175744,552579,0,1,"",0,1454505984,0,0,0,0,1455554560,0,0,-33554432,-16843010,-16843010,-16843010,16711422
245,"Metadata/Pet/PomeranianDog/PomeranianDog",4881,1389011169,586283,0,1,"",0,1461059584,0,0,0,0,1462108160,0,0,-33554432,-16843010,-16843010,-16843010,16711422
246,"Metadata/Pet/ThaumaturgyDogs/LabradorPet",4882,-1044766023,582403,0,1,"",0,1467613184,0,0,0,0,1468661760,0,0,-33554432,-16843010,-16843010,-16843010,16711422
247,"Metadata/Pet/Cat/TabbyCatPet",4883,1036086800,545745,0,1,"",0,1472593920,0,0,0,0,1473642496,0,0,-33554432,-16843010,-16843010,-16843010,16711422
248,"Metadata/Pet/Cat/AmberCatPet",4884,1072171521,538089,0,1,"",0,1477574656,0,0,0,0,1478623232,0,0,-33554432,-16843010,-16843010,-16843010,16711422
249,"Metadata/Pet/Cat/CinnamonCatPet",4885,-1736893879,557616,0,1,"",0,1482948608,0,0,0,0,1483997184,0,0,-33554432,-16843010,-16843010,-16843010,16711422
250,"Metadata/Pet/GoddessPet/GoddessPet",4886,1603540092,543720,65536,1,"",0,1488715776,0,0,0,0,1489764352,0,0,-33554432,-16843010,-16843010,-16843010,16711422
251,"Metadata/Pet/GoddessPet/GoddessPetPremium",4887,-1167674521,788737,16777216,1,"",0,1495400448,0,0,0,0,1496449024,0,0,-33554432,-16843010,-16843010,-16843010,16711422
252,"Metadata/Pet/GoddessPet/GoddessPetPremiumExpired",4888,-210602924,821030,65536,1,"",0,1503002624,0,0,0,0,1504051200,0,0,-33554432,-16843010,-16843010,-16843010,16711422
253,"Metadata/Pet/Cat/HeistCalicoCatPet",4889,740386059,543018,0,1,"",0,1508769792,0,0,0,0,1509818368,0,0,-33554432,-16843010,-16843010,-16843010,16711422
254,"Metadata/Pet/Twilight_SunriseOrreyPet/SunriseOrreryPet",4890,696502847,582588,0,1,"",0,1517158400,0,0,0,0,1518206976,0,0,-33554432,-16843010,-16843010,-16843010,16711422
255,"Metadata/Pet/Wolf/SunriseWolf",4891,2058814415,686456,0,1,"",0,1522270208,0,0,0,0,1523318784,0,0,-33554432,-16843010,-16843010,-16843010,16711422
256,"Metadata/Pet/Twilight_NightfallCloud/NightfallCloud",4892,134216682,588821,0,1,"",0,1530265600,0,0,0,0,1531314176,0,0,-33554432,-16843010,-16843010,-16843010,16711422
257,"Metadata/Pet/Dragon/TwilightNightfallDragon",4893,630517146,1034254,65536,1,"",0,1537212416,0,0,0,0,1538260992,0,0,-33554432,-16843010,-16843010,-16843010,16711422
258,"Metadata/Pet/Dragon/TwilightNightfallDragonPremium",4894,733710925,1024502,16777216,1,"",0,1545076736,0,0,0,0,1546125312,0,0,-33554432,-16843010,-16843010,-16843010,16711422
259,"Metadata/Pet/Dragon/TwilightNightfallDragonPremiumExpired",4895,-1653609474,1013393,65536,1,"",0,1553858560,0,0,0,0,1554907136,0,0,-33554432,-16843010,-16843010,-16843010,16711422
260,"Metadata/Pet/Duck/Mallard",4896,-86043153,585520,0,1,"",0,1558446080,0,0,0,0,1559494656,0,0,-33554432,-16843010,-16843010,-16843010,16711422
261,"Metadata/Pet/Duck/ParadiseMale",4897,1182769078,580041,0,1,"",0,1563688960,0,0,0,0,1564737536,0,0,-33554432,-16843010,-16843010,-16843010,16711422
262,"Metadata/Pet/Duck/ParadiseFemale",4898,-1706493140,549220,0,1,"",0,1569193984,0,0,0,0,1570242560,0,0,-33554432,-16843010,-16843010,-16843010,16711422
263,"Metadata/Pet/DancingSkeleton/DancingSkeleton",4899,1476960374,587902,0,1,"",0,1576271872,0,0,0,0,1577320448,0,0,-33554432,-16843010,-16843010,-16843010,16711422
264,"Metadata/Pet/SurvivorHound/SurvivorHound",4900,631730235,546204,0,1,"",0,1582825472,0,0,0,0,1583874048,0,0,-33554432,-16843010,-16843010,-16843010,16711422
265,"Metadata/Pet/SurvivorHound/SurvivorPackHound",4901,-827001907,540025,0,1,"",0,1589903360,0,0,0,0,1590951936,0,0,-33554432,-16843010,-16843010,-16843010,16711422
266,"Metadata/Pet/SurvivorHound/DemonicHound",4902,-18819600,535312,16777216,1,"",0,1596325888,0,0,0,0,1597374464,0,0,-33554432,-16843010,-16843010,-16843010,16711422
267,"Metadata/Pet/SurvivorHound/DemonicHoundExpired",4903,-435633553,533607,65536,1,"",0,1603665920,0,0,0,0,1604714496,0,0,-33554432,-16843010,-16843010,-16843010,16711422
268,"Metadata/Pet/FreyaCompanion/Freya",4904,1678734048,661231,65536,1,"",0,1609302016,0,0,0,0,1610350592,0,0,-33554432,-16843010,-16843010,-16843010,16711422
269,"Metadata/Pet/FreyaCompanion/FreyaPremium",4905,-870399649,658753,16777216,1,"",0,1615855616,0,0,0,0,1616904192,0,0,-33554432,-16843010,-16843010,-16843010,16711422
270,"Metadata/Pet/FreyaCompanion/FreyaPremiumExpired",4906,-658979206,663234,65536,1,"",0,1623326720,0,0,0,0,1624375296,0,0,-33554432,-16843010,-16843010,-16843010,16711422
271,"Metadata/Pet/FreyaCompanion/FreyaSummerPremium",4907,-242243902,677709,16777216,1,"",0,1630666752,0,0,0,0,1631715328,0,0,-33554432,-16843010,-16843010,-16843010,16711422
272,"Metadata/Pet/FreyaCompanion/FreyaSummerPremiumExpired",4908,1749418984,682926,65536,1,"",0,1638924288,0,0,0,0,1639972864,0,0,-33554432,-16843010,-16843010,-16843010,16711422
273,"Metadata/Pet/ArcticFoxPet/ArcticFoxPet",4909,771065007,567642,0,1,"",0,1645215744,0,0,0,0,1646264320,0,0,-33554432,-16843010,-16843010,-16843010,16711422
274,"Metadata/Pet/MiserySmall/MiserySmall",4910,1625193225,531415,0,1,"",0,1651245056,0,0,0,0,1652293632,0,0,-33554432,-16843010,-16843010,-16843010,16711422
275,"Metadata/Pet/GothicHorrorGhostChild/misery/MiseryHorrorGhostChild",4911,-1528562566,546969,0,1,"",0,1661075456,0,0,0,0,1662124032,0,0,-33554432,-16843010,-16843010,-16843010,16711422
276,"Metadata/Pet/Cockroach/CockroachWarlord",4912,-230561467,531204,0,1,"",0,1667497984,0,0,0,0,1668546560,0,0,-33554432,-16843010,-16843010,-16843010,16711422
277,"Metadata/Pet/SufferingSpiritPet/SufferingSpiritPet",4913,-1762593688,680600,0,1,"",0,1675362304,0,0,0,0,1676410880,0,0,-33554432,-16843010,-16843010,-16843010,16711422
278,"Metadata/Pet/Rabbit/TintOrangeRabbit",4914,317916285,530062,0,1,"",0,1681391616,0,0,0,0,1682440192,0,0,-33554432,-16843010,-16843010,-16843010,16711422
279,"Metadata/Pet/Rabbit/BlackWhiteRabbit",4915,136846212,529324,0,1,"",0,1687420928,0,0,0,0,1688469504,0,0,-33554432,-16843010,-16843010,-16843010,16711422
280,"Metadata/Pet/Rabbit/WoolyWhiteRabbit",4916,-1411211538,537868,0,1,"",0,1693450240,0,0,0,0,1694498816,0,0,-33554432,-16843010,-16843010,-16843010,16711422
281,"Metadata/Pet/RenegadeImp/RenegadeImp",4917,1658385947,562371,0,1,"",0,1699479552,0,0,0,0,1700528128,0,0,-33554432,-16843010,-16843010,-16843010,16711422
282,"Metadata/Pet/GraspingHands/BreachSpawner",4918,-217464464,537209,0,1,"",0,1706033152,0,0,0,0,1707081728,0,0,-33554432,-16843010,-16843010,-16843010,16711422
283,"Metadata/Pet/Cherub/AbyssCherub/AbyssCherub",4919,-564115856,563216,0,1,"",0,1712979968,0,0,0,0,1714028544,0,0,-33554432,-16843010,-16843010,-16843010,16711422
284,"Metadata/Pet/TwilightHorsePet/TwilightSteedPet",4920,1724231041,838468,65536,1,"",0,1720320000,0,0,0,0,1721368576,0,0,-33554432,-16843010,-16843010,-16843010,16711422
285,"Metadata/Pet/TwilightHorsePet/TwilightPegasus",4921,1391966147,976180,16777216,1,"",0,1727528960,0,0,0,0,1728577536,0,0,-33554432,-16843010,-16843010,-16843010,16711422
286,"Metadata/Pet/TwilightHorsePet/TwilightPegasusPremiumExpired",4922,-1915434031,935429,65536,1,"",0,1736572928,0,0,0,0,1737621504,0,0,-33554432,-16843010,-16843010,-16843010,16711422
287,"Metadata/Pet/VaalToucan/VaalToucan",4923,-1697072647,533281,0,1,"",0,1742340096,0,0,0,0,1743388672,0,0,-33554432,-16843010,-16843010,-16843010,16711422
288,"Metadata/Pet/LightBringerCat/LightbringerCat",4924,688176123,561919,0,1,"",0,1749417984,0,0,0,0,1750466560,0,0,-33554432,-16843010,-16843010,-16843010,16711422
289,"Metadata/Pet/GryffonPets/LightBringerGryffon",4925,-826574644,702071,0,1,"",0,1756495872,0,0,0,0,1757544448,0,0,-33554432,-16843010,-16843010,-16843010,16711422
290,"Metadata/Pet/DarkShardFalcon/DarkShardFalcon",4926,237938,565617,0,1,"",0,1763573760,0,0,0,0,1764622336,0,0,-33554432,-16843010,-16843010,-16843010,16711422
291,"Metadata/Pet/GryffonPets/DarkShardGryffon",4927,-1668436410,668363,0,1,"",0,1770258432,0,0,0,0,1771307008,0,0,-33554432,-16843010,-16843010,-16843010,16711422
292,"Metadata/Pet/Hasina/Hasina01",4928,783269251,693036,65536,1,"",0,1775239168,0,0,0,0,1776287744,0,0,-33554432,-16843010,-16843010,-16843010,16711422
293,"Metadata/Pet/Hasina/Hasina02",4929,-1255348929,675859,16777216,1,"",0,1780219904,0,0,0,0,1781268480,0,0,-33554432,-16843010,-16843010,-16843010,16711422
294,"Metadata/Pet/Hasina/Hasina03",4930,-891108313,659141,65536,1,"",0,1785200640,0,0,0,0,1786249216,0,0,-33554432,-16843010,-16843010,-16843010,16711422
295,"Metadata/Pet/HasinaSpring/HasinaSpringPremium",4931,1282019953,548379,16777216,1,"",0,1792409600,0,0,0,0,1793458176,0,0,-33554432,-16843010,-16843010,-16843010,16711422
296,"Metadata/Pet/HasinaSpring/HasinaSpringPremiumExpired",4932,1974369172,527930,65536,1,"",0,1800536064,0,0,0,0,1801584640,0,0,-33554432,-16843010,-16843010,-16843010,16711422
297,"Metadata/Pet/ThaumaturgyDachshund/ThaumaturgyDachshund",4933,-45225371,530216,0,1,"",0,1808924672,0,0,0,0,1809973248,0,0,-33554432,-16843010,-16843010,-16843010,16711422
298,"Metadata/Pet/Cat/SoulkeeperCat",4934,1927954227,544217,0,1,"",0,1814167552,0,0,0,0,1815216128,0,0,-33554432,-16843010,-16843010,-16843010,16711422
299,"Metadata/Pet/ScavengerBat/ScavengerBat",4935,1265171745,570953,0,1,"",0,1820459008,0,0,0,0,1821507584,0,0,-33554432,-16843010,-16843010,-16843010,16711422
300,"Metadata/Pet/ScavengerLargeRat/ScavengerLargeRat",4936,909656609,554009,0,1,"",0,1828061184,0,0,0,0,1829109760,0,0,-33554432,-16843010,-16843010,-16843010,16711422
301,"Metadata/Pet/OverseerSmallPet/OverseerSmallPet",4937,-332180505,573396,0,1,"",0,1835401216,0,0,0,0,1836449792,0,0,-33554432,-16843010,-16843010,-16843010,16711422
302,"Metadata/Pet/OverseerLargeOwl/OverseerLargeOwl",4938,-477258943,686284,0,1,"",0,1842741248,0,0,0,0,1843789824,0,0,-33554432,-16843010,-16843010,-16843010,16711422
303,"Metadata/Pet/ParagonPet/ParagonPet",4939,1157963444,547761,0,1,"",0,1848508416,0,0,0,0,1849556992,0,0,-33554432,-16843010,-16843010,-16843010,16711422
304,"Metadata/Pet/EthercraftTurtle/SavageEthercraftTurtle",4940,-734198822,579559,0,1,"",0,1856634880,0,0,0,0,1857683456,0,0,-33554432,-16843010,-16843010,-16843010,16711422
305,"Metadata/Pet/EthercraftTurtleEnraged/EnragedEthercraftTurtle",4941,1263349367,550202,0,1,"",0,1865809920,0,0,0,0,1866858496,0,0,-33554432,-16843010,-16843010,-16843010,16711422
306,"Metadata/Pet/EthercraftTurtleTranquil/TranquilEthercraftTurtle",4942,-2121733282,551638,0,1,"",0,1875247104,0,0,0,0,1876295680,0,0,-33554432,-16843010,-16843010,-16843010,16711422
307,"Metadata/Pet/EthercraftTurtleChaotic/ChaoticEthercraftTurtle",4943,-1382000438,587114,0,1,"",0,1884422144,0,0,0,0,1885470720,0,0,-33554432,-16843010,-16843010,-16843010,16711422
308,"Metadata/Pet/DragonSerpent/DragonSerpent",4944,-397178833,942204,65536,1,"",0,1890975744,0,0,0,0,1892024320,0,0,-33554432,-16843010,-16843010,-16843010,16711422
309,"Metadata/Pet/DragonSerpent/DragonSerpentPremium",4945,-1097359903,926582,16777216,1,"",0,1898446848,0,0,0,0,1899495424,0,0,-33554432,-16843010,-16843010,-16843010,16711422
310,"Metadata/Pet/DragonSerpent/DragonSerpentPremiumExpired",4946,-99717295,955743,65536,1,"",0,1906835456,0,0,0,0,1907884032,0,0,-33554432,-16843010,-16843010,-16843010,16711422
311,"Metadata/Pet/JingweiBabyCrane/JingweiBabyCrane",4947,-1629099666,554891,65536,1,"",0,1914175488,0,0,0,0,1915224064,0,0,-33554432,-16843010,-16843010,-16843010,16711422
312,"Metadata/Pet/JingweiCrane/JingweiCrane",4948,264279271,957223,16777216,1,"",0,1920466944,0,0,0,0,1921515520,0,0,-33554432,-16843010,-16843010,-16843010,16711422
313,"Metadata/Pet/JingweiCrane/JingweiCraneExpired",4949,1348147187,935848,65536,1,"",0,1927675904,0,0,0,0,1928724480,0,0,-33554432,-16843010,-16843010,-16843010,16711422
314,"Metadata/Pet/BuccaneerPet/BuccaneerPet",4951,-806571731,556737,0,1,"",0,1933967360,0,0,0,0,1935015936,0,0,-33554432,-16843010,-16843010,-16843010,16711422
315,"Metadata/Pet/IntrepidDeer/IntrepidDeer",4950,-378457794,579663,0,1,"",0,1940258816,0,0,0,0,1941307392,0,0,-33554432,-16843010,-16843010,-16843010,16711422
316,"Metadata/Pet/Seagull/AtlantisSirenSeagull",4953,1339325001,538013,0,1,"",0,1946943488,0,0,0,0,1947992064,0,0,-33554432,-16843010,-16843010,-16843010,16711422
317,"Metadata/Pet/AtlantisSirenPegasus/AtlantisSirenPegasus",4954,-558893639,797462,0,1,"",0,1955332096,0,0,0,0,1956380672,0,0,-33554432,-16843010,-16843010,-16843010,16711422
318,"Metadata/Pet/Frog/Deepwater",4955,1460654438,558697,0,1,"",0,1960181760,0,0,0,0,1961230336,0,0,-33554432,-16843010,-16843010,-16843010,16711422
319,"Metadata/Pet/FishMine/FishMine",4956,-1472581467,563359,0,1,"",0,1965424640,0,0,0,0,1966473216,0,0,-33554432,-16843010,-16843010,-16843010,16711422
320,"Metadata/Pet/HellscapePet/HellscapePet",4957,-137079098,696594,0,1,"",0,1971716096,0,0,0,0,1972764672,0,0,-33554432,-16843010,-16843010,-16843010,16711422
321,"Metadata/Pet/Skadi/Skadi",4958,-1921815068,712855,65536,1,"",0,1976172544,0,0,0,0,1977221120,0,0,-33554432,-16843010,-16843010,-16843010,16711422
322,"Metadata/Pet/Skadi/SkadiPremium",4959,-1400849633,661407,16777216,1,"",0,1981546496,0,0,0,0,1982595072,0,0,-33554432,-16843010,-16843010,-16843010,16711422
323,"Metadata/Pet/Skadi/SkadiPremiumExpired",4960,160065354,683712,65536,1,"",0,1987837952,0,0,0,0,1988886528,0,0,-33554432,-16843010,-16843010,-16843010,16711422
324,"Metadata/Pet/CelestialTurtle/CelestialTurtle",4964,-1803040565,547916,0,1,"",0,1994915840,0,0,0,0,1995964416,0,0,-33554432,-16843010,-16843010,-16843010,16711422
325,"Metadata/Pet/GryffonPets/DarkShardTencentGryffon",4961,1944219162,663032,65536,1,"",0,2002518016,0,0,0,0,2003566592,0,0,-33554432,-16843010,-16843010,-16843010,16711422
326,"Metadata/Pet/GryffonPets/DarkShardTencentGryffonPremium",4962,-778676319,689719,16777216,1,"",0,2011037696,0,0,0,0,2012086272,0,0,-33554432,-16843010,-16843010,-16843010,16711422
327,"Metadata/Pet/GryffonPets/DarkShardTencentGryffonPremiumExpired",4963,110993394,694639,65536,1,"",0,2020474880,0,0,0,0,2021523456,0,0,-33554432,-16843010,-16843010,-16843010,16711422
328,"Metadata/Pet/WyrmCall/WyrmCallPet",4952,613723347,1017927,0,1,"",0,2026110976,0,0,0,0,2027159552,0,0,-33554432,-16843010,-16843010,-16843010,16711422
329,"Metadata/Pet/Beetle/HeritageBeetle",4965,-86760852,579768,0,1,"",0,2031878144,0,0,0,0,2032926720,0,0,-33554432,-16843010,-16843010,-16843010,16711422
330,"Metadata/Pet/HummingBird/HeritageHummingBird",4966,1760391217,530652,0,1,"",0,2038956032,0,0,0,0,2040004608,0,0,-33554432,-16843010,-16843010,-16843010,16711422
331,"Metadata/Pet/HeritagePeacock/HeritagePeacock",4967,223614470,531282,0,1,"",0,2046033920,0,0,0,0,2047082496,0,0,-33554432,-16843010,-16843010,-16843010,16711422
332,"Metadata/Pet/Centipede/DivergenceCentipede",4968,-239323114,575914,0,1,"",0,2052849664,0,0,0,0,2053898240,0,0,-33554432,-16843010,-16843010,-16843010,16711422
333,"Metadata/Pet/DivergenceAnglerFish/DivergenceAnglerFish",4969,469700062,661025,0,1,"",0,2061238272,0,0,0,0,2062286848,0,0,-33554432,-16843010,-16843010,-16843010,16711422
334,"Metadata/Pet/SkadiWolfPup/SkadiWolfPup",4970,762848640,526584,65536,1,"",0,2067529728,0,0,0,0,2068578304,0,0,-33554432,-16843010,-16843010,-16843010,16711422
335,"Metadata/Pet/SkadiWolfSpirit/SkadiWolfSpirit",4971,1886500371,575074,16777216,1,"",0,2074607616,0,0,0,0,2075656192,0,0,-33554432,-16843010,-16843010,-16843010,16711422
336,"Metadata/Pet/SkadiWolfSpirit/SkadiWolfSpiritExpired",4972,-764902140,546668,65536,1,"",0,2082603008,0,0,0,0,2083651584,0,0,-33554432,-16843010,-16843010,-16843010,16711422
337,"Metadata/Pet/GodOfThunderBabyTiger/GodOfThunderBabyTiger",4973,-793887349,584997,65536,1,"",0,2091253760,0,0,0,0,2092302336,0,0,-33554432,-16843010,-16843010,-16843010,16711422
338,"Metadata/Pet/Tiger/GodofThunderPet",4974,-1752029332,569598,16777216,1,"",0,2097020928,0,0,0,0,2098069504,0,0,-33554432,-16843010,-16843010,-16843010,16711422
339,"Metadata/Pet/Tiger/GodofThunderPremiumExpiredPet",4975,1593330702,529142,65536,1,"",0,2104623104,0,0,0,0,2105671680,0,0,-33554432,-16843010,-16843010,-16843010,16711422
340,"Metadata/Pet/Tiger/HarmoniousTigerPet",4979,-1101606877,552565,0,1,"",0,2110783488,0,0,0,0,2111832064,0,0,-33554432,-16843010,-16843010,-16843010,16711422
341,"Metadata/Pet/HummingBird/HummingBird",4980,353736649,557788,0,1,"",0,2116812800,0,0,0,0,2117861376,0,0,-33554432,-16843010,-16843010,-16843010,16711422
342,"Metadata/Pet/FennecFox/FennecFox",4981,1351506644,526938,0,1,"",0,2122317824,0,0,0,0,2123366400,0,0,-33554432,-16843010,-16843010,-16843010,16711422
343,"Metadata/Pet/GiantHornet/GiantHornet",4982,1323692563,572662,0,1,"",0,2128347136,0,0,0,0,2129395712,0,0,-33554432,-16843010,-16843010,-16843010,16711422
344,"Metadata/Pet/Wolverine/Wolverine",4983,1373980882,530743,0,1,"",0,2133852160,0,0,0,0,2134900736,0,0,-33554432,-16843010,-16843010,-16843010,16711422
345,"Metadata/Pet/PoodleMoth/PoodleMoth",4984,1438685720,577496,0,1,"",0,2139619328,0,0,0,0,2140667904,0,0,-33554432,-16843010,-16843010,-16843010,16711422
346,"Metadata/Pet/FaridunLizardPet/FaridunLizardPet",4985,1371332229,560953,0,1,"",0,2146959360,0,0,0,0,-2146959360,0,0,-33554432,-16843010,-16843010,-16843010,16711422
347,"Metadata/Pet/FangtoothMoray/FangtoothMoray",4986,388925269,561275,0,1,"",0,-2141192192,0,0,0,0,-2140143616,0,0,-33554432,-16843010,-16843010,-16843010,16711422
348,"Metadata/Pet/Raccoon/Raccoon",4987,-149902080,678416,0,1,"",0,-2136211456,0,0,65536,0,-2135162880,0,0,-33554432,-16843010,-16843010,-16843010,16711422
349,"Metadata/Pet/AyeAyePet/AyeAye",4988,-1043747863,551456,0,1,"",0,-2130051072,0,0,0,0,-2129002496,0,0,-33554432,-16843010,-16843010,-16843010,16711422
350,"Metadata/Pet/Cat/AristocratCat",4989,1825524081,533950,0,1,"",0,-2124808192,0,0,0,0,-2123759616,0,0,-33554432,-16843010,-16843010,-16843010,16711422
351,"Metadata/Pet/CultDarkness/Aristocrat/Aristocrat",4990,2021090566,662897,0,1,"",0,-2117337088,0,0,0,0,-2116288512,0,0,-33554432,-16843010,-16843010,-16843010,16711422
352,"Metadata/Pet/BladeSoul/BladeSoulSword",4991,-1054009302,710919,65536,1,"",0,-2111176704,0,0,0,0,-2110128128,0,0,-33554432,-16843010,-16843010,-16843010,16711422
353,"Metadata/Pet/BladeSoul/BladeSoulCompanion",4992,-1496409232,671166,16777216,1,"",0,-2104492032,0,0,0,0,-2103443456,0,0,-33554432,-16843010,-16843010,-16843010,16711422
354,"Metadata/Pet/BladeSoul/BladeSoulCompanionExpired",4993,965641055,703185,65536,1,"",0,-2096889856,0,0,0,0,-2095841280,0,0,-33554432,-16843010,-16843010,-16843010,16711422
355,"Metadata/Pet/TencentAristocratCat/TencentAristocratCat",4994,445579920,530463,65536,1,"",0,-2088501248,0,0,0,0,-2087452672,0,0,-33554432,-16843010,-16843010,-16843010,16711422
356,"Metadata/Pet/TencentAristocratCat/TencentAristocratCatPremium",4995,-1001046570,588163,16777216,1,"",0,-2079195136,0,0,0,0,-2078146560,0,0,-33554432,-16843010,-16843010,-16843010,16711422
357,"Metadata/Pet/TencentAristocratCat/TencentAristocratCatPremiumExpired",4996,-1366324243,533858,65536,1,"",0,-2068971520,0,0,0,0,-2067922944,0,0,-33554432,-16843010,-16843010,-16843010,16711422
358,"Metadata/Pet/Battery/Mana/ManaBatteryOrb",4997,-1842541095,565236,0,1,"",0,-2062417920,0,0,0,0,-2061369344,0,0,-33554432,-16843010,-16843010,-16843010,16711422
359,"Metadata/Pet/Battery/Life/LifeBatteryOrb",4998,222605684,572464,0,1,"",0,-2055864320,0,0,0,0,-2054815744,0,0,-33554432,-16843010,-16843010,-16843010,16711422
360,"Metadata/Pet/EmberkeepVulture/EmberkeepVulture",5001,-1883292053,569812,16777216,1,"",0,-2048524288,0,0,0,0,-2047475712,0,0,-33554432,-16843010,-16843010,-16843010,16711422
361,"Metadata/Pet/GolemBall/GolemBall",4999,-690573719,555199,0,1,"",0,-2043019264,0,0,0,0,-2041970688,0,0,-33554432,-16843010,-16843010,-16843010,16711422
362,"Metadata/Pet/lightningbird/LightningBird",5002,1893236370,921162,0,1,"",0,-2036465664,0,0,0,0,-2035417088,0,0,-33554432,-16843010,-16843010,-16843010,16711422
363,"Metadata/Pet/lightningbird/LightningBirdAutomaton",5003,189116957,964952,0,1,"",0,-2028732416,0,0,0,0,-2027683840,0,0,-33554432,-16843010,-16843010,-16843010,16711422
364,"Metadata/Pet/lightningbird/LightningBirdCelestial",5004,-1257646806,942115,0,1,"",0,-2020999168,0,0,0,0,-2019950592,0,0,-33554432,-16843010,-16843010,-16843010,16711422
365,"Metadata/Pet/lightningbird/LightningBirdDivine",5005,1873599694,963426,0,1,"",0,-2013659136,0,0,0,0,-2012610560,0,0,-33554432,-16843010,-16843010,-16843010,16711422
366,"Metadata/Pet/Arachnomorph/ArachnomorphPetBone",5006,1790979741,935005,0,1,"",0,-2006450176,0,0,0,0,-2005401600,0,0,-33554432,-16843010,-16843010,-16843010,16711422
367,"Metadata/Pet/Arachnomorph/ArachnomorphPetBulb",5007,-130834952,943563,0,1,"",0,-1999241216,0,0,0,0,-1998192640,0,0,-33554432,-16843010,-16843010,-16843010,16711422
368,"Metadata/Pet/Arachnomorph/ArachnomorphPetSabre",5008,714117577,965465,0,1,"",0,-1991901184,0,0,0,0,-1990852608,0,0,-33554432,-16843010,-16843010,-16843010,16711422
369,"Metadata/Pet/Arachnomorph/ArachnomorphPetSpindly",5009,-1681705543,962170,0,1,"",0,-1984299008,0,0,0,0,-1983250432,0,0,-33554432,-16843010,-16843010,-16843010,16711422
370,"Metadata/Pet/Arachnomorph/ArachnomorphPetPlated",5010,873921783,968929,0,1,"",0,-1976827904,0,0,0,0,-1975779328,0,0,-33554432,-16843010,-16843010,-16843010,16711422
371,"Metadata/Pet/LineOfAnts/LineOfAntsLeaderFire",5011,-1343855650,117816,0,1,"",0,-1969750016,0,0,65536,0,-1968701440,0,65536,-33554432,-16843010,-16843010,-16843010,16711422
372,"Metadata/Pet/LineOfAnts/LineOfAntsLeaderGold",5012,479793990,69599,0,1,"",0,-1961623552,0,0,65536,0,-1960574976,0,65536,-33554432,-16843010,-16843010,-16843010,16711422
373,"Metadata/Pet/LineOfAnts/LineOfAntsLeaderGreen",5013,-56468257,106621,0,1,"",0,-1953366016,0,0,65536,0,-1952317440,0,65536,-33554432,-16843010,-16843010,-16843010,16711422
374,"Metadata/Pet/Blob/Blob",5014,-719590287,801130,0,1,"",0,-1948123136,0,0,0,0,-1947074560,0,0,-33554432,-16843010,-16843010,-16843010,16711422
375,"Metadata/Pet/AlchemistCompanion/AlchemistCompanion01",5015,1222432398,826962,65536,1,"",0,-1939996672,0,0,0,0,-1938948096,0,0,-33554432,-16843010,-16843010,-16843010,16711422
376,"Metadata/Pet/AlchemistCompanion/AlchemistCompanion02",5016,-554871269,821494,16777216,1,"",0,-1931870208,0,0,0,0,-1930821632,0,0,-33554432,-16843010,-16843010,-16843010,16711422
377,"Metadata/Pet/AlchemistCompanion/AlchemistCompanion03",5017,2021643938,831197,65536,1,"",0,-1923743744,0,0,0,0,-1922695168,0,0,-33554432,-16843010,-16843010,-16843010,16711422
378,"Metadata/Pet/AlchemistCompanion/AlchemistCompanion04",5018,-1431010571,796737,65536,1,"",0,-1915617280,0,0,0,0,-1914568704,0,0,-33554432,-16843010,-16843010,-16843010,16711422
379,"Metadata/Pet/Demonling/DemonlingPetGalloping",5019,554495692,577472,0,1,"",0,-1908539392,0,0,0,0,-1907490816,0,0,-33554432,-16843010,-16843010,-16843010,16711422
380,"Metadata/Pet/Demonling/DemonlingPetHeadless",5020,1648043840,542075,0,1,"",0,-1901592576,0,0,0,0,-1900544000,0,0,-33554432,-16843010,-16843010,-16843010,16711422
381,"Metadata/Pet/Demonling/DemonlingPetScuttling",5021,2080270347,791541,0,1,"",0,-1894514688,0,0,0,0,-1893466112,0,0,-33554432,-16843010,-16843010,-16843010,16711422
382,"Metadata/Pet/Demonling/DemonlingPetSpiky",5022,150298857,550940,0,1,"",0,-1887961088,0,0,0,0,-1886912512,0,0,-33554432,-16843010,-16843010,-16843010,16711422
383,"Metadata/Pet/Demonling/DemonlingPetWinged",5023,953113821,549906,0,1,"",0,-1881276416,0,0,0,0,-1880227840,0,0,-33554432,-16843010,-16843010,-16843010,16711422
384,"Metadata/Pet/BloodlordPet/Bloodlord",5024,-1738151327,946692,0,1,"",0,-1875378176,0,0,0,0,-1874329600,0,0,-33554432,-16843010,-16843010,-16843010,16711422
385,"Metadata/Pet/PetRock/PetRock",5025,-53883998,931691,0,1,"",0,-1870397440,0,0,0,0,-1869348864,0,0,-33554432,-16843010,-16843010,-16843010,16711422
386,"Metadata/Pet/PetRock/PetRockAzurite",5026,-1086801776,919464,0,1,"",0,-1864499200,0,0,0,0,-1863450624,0,0,-33554432,-16843010,-16843010,-16843010,16711422
387,"Metadata/Pet/PetRock/PetRockGold",5027,-1259062625,953963,0,1,"",0,-1858994176,0,0,0,0,-1857945600,0,0,-33554432,-16843010,-16843010,-16843010,16711422
388,"Metadata/Pet/PetRock/PetRockSandstone",5028,1090784880,937844,0,1,"",0,-1852833792,0,0,0,0,-1851785216,0,0,-33554432,-16843010,-16843010,-16843010,16711422
389,"Metadata/Pet/PetRock/PetRockStatues",5029,415823229,978357,0,1,"",0,-1846935552,0,0,0,0,-1845886976,0,0,-33554432,-16843010,-16843010,-16843010,16711422
390,"Metadata/Pet/PetRock/PetRockSulphur",5030,-492811643,960549,0,1,"",0,-1841037312,0,0,0,0,-1839988736,0,0,-33554432,-16843010,-16843010,-16843010,16711422
391,"Metadata/Pet/PetRock/PetRockVaal",5031,1975865415,927106,0,1,"",0,-1835532288,0,0,0,0,-1834483712,0,0,-33554432,-16843010,-16843010,-16843010,16711422
392,"Metadata/Pet/GoblinBand/GoblinBandLeader",5032,722930298,532845,0,1,"",0,-1828978688,0,0,0,0,-1827930112,0,65536,-33554432,-16843010,-16843010,-16843010,33488638
393,"Metadata/Pet/ScarletMacawParrot/ScarletMacawParrot",5033,-1669270969,552647,0,1,"",0,-1821114368,0,0,0,0,-1820065792,0,0,-33488896,-16843010,-16843010,-16843010,16711422
394,"Metadata/Pet/TencentLunarRabbit/TencentLunarRabbitSmall",5034,569454271,528206,65536,1,"",0,-1812594688,0,0,0,0,-1811546112,0,0,-33554432,-16843010,-16843010,-16843010,16711422
395,"Metadata/Pet/TencentLunarRabbit/TencentLunarRabbitBig",5035,-82905515,789851,16777216,1,"",0,-1804337152,0,0,0,0,-1803288576,0,0,-33554432,-16843010,-16843010,-16843010,16711422
396,"Metadata/Pet/TencentLunarRabbit/TencentLunarRabbitBigExpired",5036,277262821,827747,65536,1,"",0,-1795162112,0,0,0,0,-1794113536,0,0,-33554432,-16843010,-16843010,-16843010,16711422
397,"Metadata/Pet/SandWorm/SandWorm",5037,269585402,826347,0,1,"",0,-1789919232,0,0,0,0,-1788870656,0,0,-33554432,-16843010,-16843010,-16843010,16711422
398,"Metadata/Pet/SandWorm/SandWormRed",5038,-1210152827,802651,0,1,"",0,-1784283136,0,0,0,0,-1783234560,0,0,-33554432,-16843010,-16843010,-16843010,16711422
399,"Metadata/Pet/SandWorm/SandWormBlue",5039,833260144,834522,0,1,"",0,-1778515968,0,0,0,0,-1777467392,0,0,-33554432,-16843010,-16843010,-16843010,16711422
400,"Metadata/Pet/Bear/DelveBear",5040,1894209220,665123,0,1,"",0,-1773666304,0,0,0,0,-1772617728,0,0,-33554432,-16843010,-16843010,-16843010,16711422
401,"Metadata/Pet/PandemoniumSpider/BlackWidowSpider",5041,-638164764,571666,0,1,"",0,-1766195200,0,0,0,0,-1765146624,0,0,-33554432,-16843010,-16843010,-16843010,16711422
402,"Metadata/Pet/SurvivorHound/ArmouredHuntingDog",5042,1413104379,530113,0,1,"",0,-1758986240,0,0,262144,0,-1757937664,0,0,-33554432,-16843010,-16843010,-16843010,16711422
403,"Metadata/Pet/TencentGhostriderCompanion/TencentGhostriderCompanion_01",5043,-1677816530,792272,65536,1,"",0,-1744437248,0,0,0,0,-1743388672,0,0,-33554432,-16843010,-16843010,-16843010,16711422
404,"Metadata/Pet/TencentGhostriderCompanion/TencentGhostriderCompanion_02",5044,-95910693,818835,16777216,1,"",0,-1734082560,0,0,0,0,-1733033984,0,0,-33554432,-16843010,-16843010,-16843010,16711422
405,"Metadata/Pet/TencentGhostriderCompanion/TencentGhostriderCompanion_03",5045,-1288571278,804163,65536,1,"",0,-1723727872,0,0,0,0,-1722679296,0,0,-33554432,-16843010,-16843010,-16843010,16711422
406,"Metadata/Pet/TencentGhostriderCompanion/TencentGhostriderCompanion_04",5046,918808509,840062,16777216,1,"",0,-1713373184,0,0,0,0,-1712324608,0,0,-33554432,-16843010,-16843010,-16843010,16711422
407,"Metadata/Pet/TencentGhostriderCompanion/TencentGhostriderCompanion_05",5047,1972738391,847042,65536,1,"",0,-1703018496,0,0,0,0,-1701969920,0,0,-33554432,-16843010,-16843010,-16843010,16711422
408,"Metadata/Pet/CurrencyOrbCompainion/ChaosOrb",5048,-336911207,577394,0,1,"",0,-1696071680,0,0,0,0,-1695023104,0,0,-33554432,-16843010,-16843010,-16843010,16711422
409,"Metadata/Pet/CurrencyOrbCompainion/VaalOrb",5049,337167582,577734,0,1,"",0,-1689255936,0,0,0,0,-1688207360,0,0,-33554432,-16843010,-16843010,-16843010,16711422
410,"Metadata/Pet/CurrencyOrbCompainion/ExaltedOrb",5050,1025832503,576275,0,1,"",0,-1682046976,0,0,0,0,-1680998400,0,0,-33554432,-16843010,-16843010,-16843010,16711422
411,"Metadata/Pet/Mimic/Mimic",6712,238523489,1350230,0,1,"",0,-1677590528,0,0,65536,0,-1676541952,0,0,-33554432,-16843010,-16843010,-16843010,16711422
412,"Metadata/Pet/NecroticCat/NecroticCat",5051,1091672950,580199,65536,1,"",0,-1670512640,0,0,0,0,-1669464064,0,0,-33554432,-16843010,-16843010,-16843010,16711422
413,"Metadata/Pet/NecroticCat/NecroticPremiumCat",5052,1028628464,565951,16777216,1,"",0,-1663565824,0,0,0,0,-1662517248,0,0,-33554432,-16843010,-16843010,-16843010,16711422
414,"Metadata/Pet/NecroticCat/NecroticPremiumExpiredCat",5053,-1033706576,532946,65536,1,"",0,-1655701504,0,0,0,0,-1654652928,0,0,-33554432,-16843010,-16843010,-16843010,16711422
415,"Metadata/Pet/FlyingMorphPets/MorphingBat",5054,-1355349914,831313,0,1,"",0,-1649147904,0,0,0,0,-1648099328,0,0,-33554432,-16843010,-16843010,-16843010,16711422
416,"Metadata/Pet/FlyingMorphPets/MorphingBeetle",5055,-560038341,827557,0,1,"",0,-1642201088,0,0,0,0,-1641152512,0,0,-33554432,-16843010,-16843010,-16843010,16711422
417,"Metadata/Pet/FlyingMorphPets/MorphingEyeball",5056,174935975,542154,0,1,"",0,-1635123200,0,0,0,0,-1634074624,0,0,-33554432,-16843010,-16843010,-16843010,16711422
418,"Metadata/Pet/FlyingMorphPets/MorphingFlyingToad",5057,-291120782,669655,0,1,"",0,-1627652096,0,0,0,0,-1626603520,0,0,-33554432,-16843010,-16843010,-16843010,16711422
419,"Metadata/Pet/FlyingMorphPets/MorphingJellyfish__",5058,262134321,972206,0,1,"",0,-1620049920,0,0,0,0,-1619001344,0,0,-33554432,-16843010,-16843010,-16843010,16711422
420,"Metadata/Pet/OctopusParasite/OctopusParasiteCelestial",5059,387392463,931032,0,1,"",0,-1611792384,0,0,0,0,-1610743808,0,0,-33488896,-16843010,-16843010,-16843010,16711422
421,"Metadata/Pet/OctopusParasite/OctopusParasiteFlame",5060,-1578213821,982957,0,1,"",0,-1604059136,0,0,0,0,-1603010560,0,0,-33488896,-16843010,-16843010,-16843010,16711422
422,"Metadata/Pet/OctopusParasite/OctopusParasiteWater",5061,-1462751671,951961,0,1,"",0,-1596325888,0,0,0,0,-1595277312,0,0,-33488896,-16843010,-16843010,-16843010,16711422
423,"Metadata/Pet/DragonSerpent/red_DragonSerpent",5062,-999407157,558501,0,1,"",0,-1589248000,0,0,0,0,-1588199424,0,0,-33554432,-16843010,-16843010,-16843010,16711422
424,"Metadata/Pet/GodOfThunderBabyTiger_blue/GodOfThunderBabyTiger",4976,-1994738663,539907,65536,1,"",0,-1579941888,0,0,0,0,-1578893312,0,0,-33554432,-16843010,-16843010,-16843010,16711422
425,"Metadata/Pet/Tiger/GodofThunderPet_blue",4977,1997427548,533586,16777216,1,"",0,-1573519360,0,0,0,0,-1572470784,0,0,-33554432,-16843010,-16843010,-16843010,16711422
426,"Metadata/Pet/Tiger/GodofThunderPremiumExpiredPet_blue",4978,-1963153869,535759,65536,1,"",0,-1565261824,0,0,0,0,-1564213248,0,0,-33554432,-16843010,-16843010,-16843010,16711422
427,"Metadata/Pet/DraconicCompanion/DraconicCompanion",5063,-364951755,1092874,65536,1,"",0,-1557659648,0,0,0,0,-1556611072,0,0,-33554432,-16843010,-16843010,-16843010,16711422
428,"Metadata/Pet/DraconicCompanion/DraconicCompanionPremium",5064,563894644,1079528,16777216,1,"",0,-1549139968,0,0,0,0,-1548091392,0,0,-33554432,-16843010,-16843010,-16843010,16711422
429,"Metadata/Pet/DraconicCompanion/DraconicCompanionPremiumExpired",5065,380397384,1077732,65536,1,"",0,-1539702784,0,0,0,0,-1538654208,0,0,-33554432,-16843010,-16843010,-16843010,16711422
430,"Metadata/Pet/BabyKitava/BabyKitava",5066,1693844417,550711,0,1,"",0,-1533935616,0,0,0,0,-1532887040,0,0,-33554432,-16843010,-16843010,-16843010,16711422
431,"Metadata/Pet/BabyBossesHumans/BabyBrutus/BabyBrutus",5067,1537136486,560376,0,1,"",0,-1525940224,0,0,0,0,-1524891648,0,0,-33554432,-16843010,-16843010,-16843010,16711422
432,"Metadata/Pet/BabyBossesHumans/BabyPiety/BabyPiety",5068,-1954961960,536225,0,1,"",0,-1518206976,0,0,0,0,-1517158400,0,0,-33554432,-16843010,-16843010,-16843010,16711422
433,"Metadata/Pet/BabyBossesHumans/BabyDominus/BabyDominus",5069,551313896,540980,0,1,"",0,-1509949440,0,0,0,0,-1508900864,0,0,-33554432,-16843010,-16843010,-16843010,16711422
434,"Metadata/Pet/BabyBossesHumans/BabyHillock/BabyHillock",5070,-990626119,588365,0,1,"",0,-1501691904,0,0,0,0,-1500643328,0,0,-33554432,-16843010,-16843010,-16843010,16711422
435,"Metadata/Pet/BabyVaalOversoul/BabyVaalOversoul",5071,-1944189714,559344,0,1,"",0,-1494351872,0,0,0,0,-1493303296,0,0,-33554432,-16843010,-16843010,-16843010,16711422
436,"Metadata/Pet/LoyalCompanion/LoyalCompanion01",5072,-1798057454,542401,0,1,"",0,-1487273984,0,0,0,0,-1486225408,0,0,-33554432,-16843010,-16843010,-16843010,16711422
437,"Metadata/Pet/LoyalCompanion/LoyalCompanion02",5073,2068229856,578982,0,1,"",0,-1480196096,0,0,0,0,-1479147520,0,0,-33554432,-16843010,-16843010,-16843010,16711422
438,"Metadata/Pet/LoyalCompanion/LoyalCompanion03",5074,238674310,585663,0,1,"",0,-1473118208,0,0,0,0,-1472069632,0,0,-33554432,-16843010,-16843010,-16843010,16711422
439,"Metadata/Pet/WuzhiqiWaterMonkey/WuzhiqiWaterMonkey",5075,-1442664404,530990,0,1,"",0,-1465253888,0,0,0,0,-1464205312,0,0,-33554432,-16843010,-16843010,-16843010,16711422
440,"Metadata/Pet/WuzhiqiWaterMonkey/WuzhiqiWaterMonkeyPremium",5076,1556090179,545155,0,1,"",0,-1456472064,0,0,0,0,-1455423488,0,0,-33554432,-16843010,-16843010,-16843010,16711422
441,"Metadata/Pet/WuzhiqiWaterMonkey/WuzhiqiWaterMonkeyPremiumExpired",5077,-1001595425,530835,0,1,"",0,-1446772736,0,0,0,0,-1445724160,0,0,-33554432,-16843010,-16843010,-16843010,16711422
442,"Metadata/Pet/FledglingBellcrow/FledglingBellcrow",5078,-1925268821,538517,0,1,"",0,-1439170560,0,0,0,0,-1438121984,0,0,-33554432,-16843010,-16843010,-16843010,16711422
443,"Metadata/Pet/BetaKiwis/BaronKiwi",5079,585225973,586772,0,1,"",0,-1433665536,0,0,0,0,-1432616960,0,0,-33554432,-16843010,-16843010,-16843010,16711422
444,"Metadata/Pet/BetaKiwis/FaridunKiwi",5080,-730108655,571754,0,1,"",0,-1427898368,0,0,0,0,-1426849792,0,0,-33554432,-16843010,-16843010,-16843010,16711422
445,"Metadata/Pet/BetaKiwis/VaalKiwi",5081,-206880866,576565,0,1,"",0,-1422524416,0,0,0,0,-1421475840,0,0,-33554432,-16843010,-16843010,-16843010,16711422
446,"Metadata/Pet/BetaKiwis/KaruiKiwi",5082,-625865226,579396,0,1,"",0,-1417019392,0,0,0,0,-1415970816,0,0,-33554432,-16843010,-16843010,-16843010,16711422
447,"Metadata/Pet/BetaKiwis/LumeriusKiwi",5083,1085340876,572540,0,1,"",0,-1411121152,0,0,0,0,-1410072576,0,0,-33554432,-16843010,-16843010,-16843010,16711422
448,"Metadata/Pet/BabyChimera/BabyChimera",5084,-1545689008,527246,0,1,"",0,-1405091840,0,0,0,0,-1404043264,0,0,-33554432,-16843010,-16843010,-16843010,16711422
