"rownum","DisplayLevel","Damage","Evasion","Accuracy","Life","Experience","AllyLife","Armour","Difficulty","MinionDamage","AltLife1","AltDamage1","AltDamage2","AltLife2","EvasiveEvasion","AilmentThreshold","StunThreshold","i32"
0,"1",9.16,11,51,15,17,51,3,1,3.11,22,0,0,0,6000,0,0,0
1,"2",10.26,14,56,20,18,83,6,1,4.42,28,0,0,1,6000,1,0,0
2,"3",11.39,17,60,24,20,116,8,1,5.82,35,0,0,2,6000,2,0,0
3,"4",12.57,20,65,28,24,150,10,1,7.31,41,0,0,3,6000,3,0,0
4,"5",13.78,24,70,33,31,186,13,1,8.92,48,0,0,4,6000,4,0,0
5,"6",15.03,27,75,38,43,223,16,1,10.63,55,0,0,5,6000,5,0,0
6,"7",16.32,31,80,45,57,261,19,1,12.46,63,0,0,5,6000,6,0,0
7,"8",17.65,35,86,50,75,300,22,1,14.42,70,0,0,6,6000,7,0,0
8,"9",19.02,38,91,58,96,341,26,1,16.51,77,0,0,7,6000,8,0,0
9,"10",20.44,42,97,67,120,382,30,1,18.73,85,0,0,8,6000,9,0,0
10,"11",21.9,46,103,78,150,426,34,1,21.1,93,0,0,9,6000,10,0,0
11,"12",23.41,50,110,89,181,471,39,1,23.62,101,0,0,10,6000,11,0,0
12,"13",24.97,54,116,103,219,517,43,1,26.31,109,0,0,11,6000,12,0,0
13,"14",26.57,59,123,118,261,565,49,1,29.16,118,0,0,12,6000,13,0,0
14,"15",28.23,63,130,134,308,614,54,1,32.19,126,0,0,13,6000,14,0,0
15,"16",29.93,67,137,158,358,665,60,1,35.42,135,0,0,14,6000,15,0,0
16,"17",31.69,72,145,178,416,718,67,1,38.83,144,0,0,14,6000,16,0,0
17,"18",33.5,76,152,200,482,772,73,1,42.46,153,0,0,15,6000,17,0,0
18,"19",35.37,81,160,224,549,828,81,1,46.31,163,0,0,16,6000,17,0,0
19,"20",37.29,86,169,249,623,886,89,1,50.39,172,0,0,17,6000,17,0,0
20,"21",39.27,91,177,276,704,945,97,1,54.71,182,0,0,18,6000,17,0,0
21,"22",41.31,96,186,305,796,1007,106,1,59.29,192,0,0,19,6000,17,0,0
22,"23",43.41,101,195,335,881,1070,116,1,64.14,202,0,0,20,6000,17,0,0
23,"24",45.57,106,204,366,968,1135,126,1,69.27,213,0,0,21,6000,17,0,0
24,"25",47.8,111,214,400,1058,1203,137,1,74.69,223,0,0,22,6000,17,0,0
25,"26",50.09,117,224,434,1153,1272,149,1,80.43,234,0,0,23,6000,17,0,0
26,"27",52.45,122,234,472,1252,1344,161,1,86.5,245,0,0,23,6000,17,0,0
27,"28",54.88,128,245,510,1407,1417,174,1,92.91,256,0,0,24,6000,17,0,0
28,"29",57.37,134,256,551,1573,1493,189,1,99.69,268,0,0,25,6000,17,0,0
29,"30",59.94,140,267,593,1750,1571,204,1,106.84,280,0,0,26,6000,17,0,0
30,"31",62.59,146,279,637,1941,1652,220,1,114.4,292,0,0,27,6099,17,0,248
31,"32",65.31,152,291,683,2142,1734,237,1,122.37,304,0,0,28,6255,17,0,638
32,"33",68.1,158,304,731,2361,1820,255,1,130.79,317,0,0,29,6395,17,0,987
33,"34",70.98,165,317,790,2587,1907,274,1,139.67,330,0,0,30,6566,17,0,1416
34,"35",73.94,171,330,853,2831,1998,295,1,149.04,343,0,0,31,6734,17,0,1835
35,"36",76.98,178,344,921,3092,2091,317,1,158.91,356,0,0,32,6898,17,0,2246
36,"37",80.11,185,358,995,3360,2186,340,1,169.32,370,0,0,32,7054,17,0,2634
37,"38",83.32,191,372,1074,3646,2285,364,1,180.29,383,0,0,33,7205,17,0,3013
38,"39",86.63,199,387,1160,3958,2386,391,1,191.86,398,0,0,34,7354,17,0,3384
39,"40",90.02,206,403,1253,4259,2490,418,1,204.04,412,0,0,35,7497,17,0,3742
40,"41",93.51,213,419,1353,4586,2598,448,1,216.86,427,0,0,36,7631,17,0,4077
41,"42",97.1,221,435,1462,4940,2708,479,1,230.37,442,0,0,37,7762,17,0,4405
42,"43",100.79,228,452,1578,5279,2821,512,1,244.6,457,0,0,38,7887,17,0,4717
43,"44",104.57,236,470,1705,5652,2938,547,1,259.57,473,0,0,39,8009,17,0,5022
44,"45",108.46,244,488,1841,6045,3058,585,1,275.32,489,0,0,40,8123,17,0,5307
45,"46",112.46,252,506,1967,6466,3181,624,2,291.9,505,0,0,41,8181,17,0,5453
46,"47",116.57,261,526,2101,6909,3307,666,2,309.34,522,0,0,41,8240,17,0,5601
47,"48",120.78,269,545,2244,7390,3438,711,2,327.69,538,0,0,42,8300,17,0,5749
48,"49",125.12,278,566,2395,7894,3571,758,2,346.98,556,0,0,43,8357,17,0,5892
49,"50",129.56,286,587,2556,8439,3709,808,2,367.27,573,0,0,44,8415,17,0,6038
50,"51",134.13,295,608,2726,9018,3850,861,2,388.59,591,0,0,45,8471,17,0,6178
51,"52",138.82,304,630,2909,9641,3995,917,2,411.01,609,0,0,46,8526,17,0,6314
52,"53",143.64,314,653,3102,10300,4144,976,2,434.57,628,0,0,47,8581,17,0,6453
53,"54",148.58,323,677,3307,10997,4298,1039,2,459.32,647,0,0,48,8634,17,0,6586
54,"55",153.66,333,701,3525,11751,4455,1105,2,485.33,666,0,0,49,8687,17,0,6718
55,"56",158.87,343,726,3756,12546,4617,1176,2,512.66,686,0,0,50,8739,17,0,6848
56,"57",164.21,353,752,4002,13393,4783,1250,2,541.35,706,0,0,50,8789,17,0,6973
57,"58",169.7,363,778,4264,14302,4953,1329,2,571.49,727,0,0,51,8839,17,0,7097
58,"59",175.34,373,806,4540,15267,5128,1412,2,603.14,747,0,0,52,8887,17,0,7218
59,"60",181.12,384,834,4834,16300,5308,1500,2,636.37,769,0,0,53,8935,17,0,7336
60,"61",187.05,395,863,5147,17402,5493,1594,2,671.26,790,0,0,54,8981,17,0,7453
61,"62",193.14,406,892,5478,18576,5682,1692,2,707.87,812,0,0,55,9026,17,0,7565
62,"63",199.38,417,923,5829,19825,5877,1796,2,746.3,835,0,0,56,9070,17,0,7674
63,"64",205.79,429,955,6203,21161,6077,1906,2,786.63,858,0,0,57,9112,17,0,7781
64,"65",212.36,440,987,6513,21507,6282,2023,2,828.94,881,0,0,58,9153,17,0,7884
65,"66",219.11,452,1020,6904,23667,6492,2146,2,873.34,905,0,0,62,9201,20,7,8003
66,"67",226.03,464,1055,7318,26020,6708,2276,2,919.91,929,0,0,66,9247,40,14,8119
67,"68",233.12,477,1090,7757,28634,6930,2413,3,968.76,954,0,0,70,9291,60,20,8227
68,"69",240.4,489,1126,8222,31491,7157,2558,3,1019.99,979,0,0,74,9333,80,27,8332
69,"70",247.86,502,1164,8716,34639,7391,2712,3,1073.72,1004,0,0,78,9373,100,34,8432
70,"71",255.52,515,1202,9239,38100,7630,2874,3,1130.0601,1030,0,0,82,9411,120,40,8528
71,"72",263.37,528,1242,9793,41931,7876,3044,3,1189.13,1057,0,0,86,9448,140,47,8619
72,"73",271.42,542,1283,10381,46103,8128,3225,3,1251.0601,1084,0,0,90,9483,160,54,8706
73,"74",279.68,556,1324,11003,50688,8387,3416,3,1315.98,1112,0,0,94,9516,180,61,8789
74,"75",288.14,570,1368,11664,55765,8652,3617,3,1384.03,1140,0,0,98,9547,200,67,8867
75,"76",296.82,584,1412,12363,61373,8924,3829,3,1455.34,1168,0,0,102,9577,220,74,8942
76,"77",305.72,598,1457,13105,67522,9203,4053,3,1530.08,1197,0,0,106,9605,240,81,9013
77,"78",314.84,613,1504,13892,74226,9489,4290,3,1608.4,1227,0,0,110,9632,260,87,9080
78,"79",324.19,628,1552,14725,81664,9783,4540,3,1690.46,1257,0,0,114,9657,280,94,9144
79,"80",333.78,644,1602,15609,100000,10084,4803,3,1776.4301,1288,0,0,118,9681,300,100,9204
80,"81",343.6,659,1653,16545,100000,10393,5081,3,1866.5,1319,0,0,118,9705,300,100,9262
81,"82",353.67,675,1705,17538,100000,10710,5375,3,1960.84,1351,0,0,118,9726,300,100,9316
82,"83",364,691,1759,18590,100000,11034,5684,3,2059.6599,1383,0,0,118,9747,300,100,9367
83,"84",374.58,708,1814,19705,100000,11367,6011,3,2163.1599,1416,0,0,118,9766,300,100,9415
84,"85",385.42,724,1871,20888,100000,11708,6355,3,2271.5601,1449,0,0,118,9784,300,100,9460
85,"86",396.53,742,1930,22141,100000,12058,6718,3,2385.0601,1484,0,0,118,9801,300,100,9502
86,"87",407.92,759,1990,23469,100000,12417,7101,3,2503.9099,1518,0,0,118,9817,300,100,9542
87,"88",419.58,777,2052,24878,100000,12785,7505,3,2628.3601,1554,0,0,118,9831,300,100,9579
88,"89",431.54,795,2115,26370,100000,13161,7930,3,2758.6399,1590,0,0,118,9845,300,100,9613
89,"90",443.79,813,2180,27953,100000,13548,8379,3,2895.03,1626,0,0,118,9858,300,100,9645
90,"91",456.34,832,2247,29630,100000,13944,8852,3,3037.8,1664,0,0,118,9870,300,100,9675
91,"92",469.2,850,2316,31407,100000,14350,9351,3,3187.24,1701,0,0,118,9881,300,100,9703
92,"93",482.38,870,2387,33292,100000,14766,9877,3,3343.6599,1740,0,0,118,9891,300,100,9729
93,"94",495.87,889,2460,35289,100000,15192,10431,3,3507.3501,1779,0,0,118,9901,300,100,9752
94,"95",509.7,909,2535,37407,100000,15629,11015,3,3678.6599,1819,0,0,118,9910,300,100,9775
95,"96",523.86,930,2612,39651,100000,16076,11630,3,3857.9299,1860,0,0,118,9918,300,100,9795
96,"97",538.37,951,2690,42030,100000,16535,12279,3,4045.51,1902,0,0,118,9925,300,100,9814
97,"98",553.23,972,2772,44552,100000,17005,12962,3,4241.77,1944,0,0,118,9932,300,100,9831
98,"99",568.46,993,2855,47225,100000,17486,13682,3,4447.1099,1987,0,0,118,9939,300,100,9847
99,"100",584.05,1015,2941,50059,0,17980,14441,3,4661.9302,2030,0,0,118,9945,300,100,9861
