"rownum","Id","QuestKeys","QuestStates","[rid]","MapPinsKeys","[i32]","[rid]","[rid]","[rid]","[rid]","[rid]"
0,"ActFiveMercenary",[],"[11,0,0,0,22,0,0,0,91,0,0,0,112,0,0,0,2890,0,0,0,219,0,0,0,220,0,0,0,281,0,0,0,368,0,0,0,369,0,0,0,370,0,0,0,371,0,0,0,432,0,0,0,433,0,0,0,534,0,0,0,714,0,0,0,894,0,0,0,1719,0,0,0,1720,0,0,0,1721,0,0,0,1722,0,0,0,1723,0,0]",[],[],[],[],[],[],[],[]
1,"WitchActFive",[],"[11,0,0,0,22,0,0,0,91,0,0,0,112,0,0,0,2890,0,0,0,219,0,0,0,220,0,0,0,281,0,0,0,368,0,0,0,369,0,0,0,370,0,0,0,371,0,0,0,432,0,0,0,433,0,0,0,534,0,0,0,714,0,0,0,894,0,0,0,1719,0,0,0,1720,0,0,0,1721,0,0,0,1722,0,0,0,1723,0,0,0,1724,0,0]",[],[],[],[],[],[],[],[]
2,"WitchActFour",[],"[11,0,0,0,22,0,0,0,91,0,0,0,112,0,0,0,2890,0,0,0,219,0,0,0,220,0,0,0,281,0,0,0,368,0,0,0,369,0,0,0,370,0,0,0,371,0,0,0,378,0,0,0,432,0,0,0,433,0,0,0,534,0,0,0,714,0,0,0,894,0,0,0,1719,0,0,0,1720,0,0,0,1721,0,0,0,1722,0,0,0,1723,0,0,0,1724,0,0,0,1725,0,0,0,1726,0,0,0,1727,0,0,0,1728,0,0,0,1729,0,0,0,1731,0,0,0,1732,0,0,0,1733,0,0,0,1734,0,0,0,1735,0,0,0,1736,0,0,0,1737,0,0,0,1738,0,0,0,1739,0,0,0,1740,0,0,0,1741,0,0,0,1742,0,0,0,1743,0,0,0,1744,0,0,0,1745,0,0,0,1746,0,0,0,1747,0,0,0,1748,0,0,0,1749,0,0,0,1751,0,0,0,1756,0,0,0,1761,0,0,0,1771,0,0,0,1772,0,0,0,1773,0,0,0,1774,0,0,0,1782,0,0,0,1784,0,0,0,1862,0,0,0,1863,0,0,0,1879,0,0,0,1880,0,0,0,1939,0,0,0,1940,0,0,0,2024,0,0,0,2027,0,0,0,2146,0,0,0,2147,0,0,0,2562,0,0,0,2563,0,0,0,2564,0,0,0,2565,0,0,0,2566,0,0,0,2567,0,0,0,2568,0,0,0,2569,0,0,0,2570,0,0,0,2571,0,0,0,2572,0,0,0,2573,0,0,0,2574,0,0,0,2575,0,0,0,2576,0,0,0,2577,0,0,0,2578,0,0,0,2579,0,0,0,2889,0,0,0,2890,0,0,0]",[],[],[],"[99,92,69,139,134,84,86,103,126,135,95,71,97,81,136,132,98,85,101,73,94,127,105,125]",[],[],[],[]
3,"TemplarActTwo",[],"[11,0,0,0,22,0,0,0,91,0,0,0,112,0,0,0,2890,0,0,0,219,0,0,0,220,0,0,0,281,0,0,0,368,0,0,0,369,0,0,0,370,0,0,0,371,0,0,0,378,0,0,0,432,0,0,0,433,0,0,0,534,0,0,0,714,0,0,0,894,0,0,0,1520,0,0,0,1521,0,0,0,1719,0,0,0,1720,0,0,0,1721,0,0,0,1722,0,0,0,1723,0,0,0,1724,0,0,0,1725,0,0,0,1726,0,0,0,1727,0,0,0,1728,0,0,0,1729,0,0,0,1731,0,0,0,1732,0,0,0,1733,0,0,0,1734,0,0,0,1735,0,0,0,1736,0,0,0,1737,0,0,0,1738,0,0,0,1739,0,0,0,1740,0,0,0,1741,0,0,0,1742,0,0,0,1743,0,0,0,1744,0,0,0,1745,0,0,0,1746,0,0,0,1747,0,0,0,1748,0]",[],[],[],"[69,84,86,71,81,85,73]",[],[],[],[]
4,"DruidActTwo",[],"[11,0,0,0,22,0,0,0,91,0,0,0,112,0,0,0,2890,0,0,0,219,0,0,0,220,0,0,0,281,0,0,0,368,0,0,0,369,0,0,0,370,0,0,0,371,0,0,0,378,0,0,0,432,0,0,0,433,0,0,0,534,0,0,0,714,0,0,0,894,0,0,0,1520,0,0,0,1521,0,0,0,1719,0,0,0,1720,0,0,0,1721,0,0,0,1722,0,0,0,1723,0,0,0,1724,0,0,0,1725,0,0,0,1726,0,0,0,1727,0,0,0,1728,0,0,0,1729,0,0,0,1731,0,0,0,1732,0,0,0,1733,0,0,0,1734,0,0,0,1735,0,0,0,1736,0,0,0,1737,0,0,0,1738,0,0,0,1739,0,0,0,1740,0,0,0,1741,0,0,0,1742,0,0,0,1743,0,0,0,1744,0,0,0,1745,0,0,0,1746,0,0,0,1747,0,0,0,1748,0]",[],[],[],"[69,84,86,71,81,85,73]",[],[],[],[]
5,"MarauderActTwo",[],"[11,0,0,0,22,0,0,0,91,0,0,0,112,0,0,0,2890,0,0,0,219,0,0,0,220,0,0,0,281,0,0,0,368,0,0,0,369,0,0,0,370,0,0,0,371,0,0,0,378,0,0,0,432,0,0,0,433,0,0,0,534,0,0,0,714,0,0,0,894,0,0,0,1520,0,0,0,1521,0,0,0,1719,0,0,0,1720,0,0,0,1721,0,0,0,1722,0,0,0,1723,0,0,0,1724,0,0,0,1725,0,0,0,1726,0,0,0,1727,0,0,0,1728,0,0,0,1729,0,0,0,1731,0,0,0,1732,0,0,0,1733,0,0,0,1734,0,0,0,1735,0,0,0,1736,0,0,0,1737,0,0,0,1738,0,0,0,1739,0,0,0,1740,0,0,0,1741,0,0,0,1742,0,0,0,1743,0,0,0,1744,0,0,0,1745,0,0,0,1746,0,0,0,1747,0,0,0,1748,0]",[],[],[],"[69,84,86,71,81,85,73]",[],[],[],[]
6,"WarriorActTwo",[],"[11,0,0,0,22,0,0,0,91,0,0,0,112,0,0,0,2890,0,0,0,219,0,0,0,220,0,0,0,281,0,0,0,368,0,0,0,369,0,0,0,370,0,0,0,371,0,0,0,378,0,0,0,432,0,0,0,433,0,0,0,534,0,0,0,714,0,0,0,894,0,0,0,1520,0,0,0,1521,0,0,0,1719,0,0,0,1720,0,0,0,1721,0,0,0,1722,0,0,0,1723,0,0,0,1724,0,0,0,1725,0,0,0,1726,0,0,0,1727,0,0,0,1728,0,0,0,1729,0,0,0,1731,0,0,0,1732,0,0,0,1733,0,0,0,1734,0,0,0,1735,0,0,0,1736,0,0,0,1737,0,0,0,1738,0,0,0,1739,0,0,0,1740,0,0,0,1741,0,0,0,1742,0,0,0,1743,0,0,0,1744,0,0,0,1745,0,0,0,1746,0,0,0,1747,0,0,0,1748,0]",[],[],[],"[69,84,86,71,81,85,73]",[],[],[],[]
7,"RangerActTwo",[],"[11,0,0,0,22,0,0,0,91,0,0,0,112,0,0,0,2890,0,0,0,219,0,0,0,220,0,0,0,281,0,0,0,368,0,0,0,369,0,0,0,370,0,0,0,371,0,0,0,378,0,0,0,432,0,0,0,433,0,0,0,534,0,0,0,714,0,0,0,894,0,0,0,1520,0,0,0,1521,0,0,0,1719,0,0,0,1720,0,0,0,1721,0,0,0,1722,0,0,0,1723,0,0,0,1724,0,0,0,1725,0,0,0,1726,0,0,0,1727,0,0,0,1728,0,0,0,1729,0,0,0,1731,0,0,0,1732,0,0,0,1733,0,0,0,1734,0,0,0,1735,0,0,0,1736,0,0,0,1737,0,0,0,1738,0,0,0,1739,0,0,0,1740,0,0,0,1741,0,0,0,1742,0,0,0,1743,0,0,0,1744,0,0,0,1745,0,0,0,1746,0,0,0,1747,0,0,0,1748,0]",[],[],[],"[69,84,86,71,81,85,73]",[],[],[],[]
8,"WitchActTwo",[],"[11,0,0,0,22,0,0,0,91,0,0,0,112,0,0,0,2890,0,0,0,219,0,0,0,220,0,0,0,281,0,0,0,368,0,0,0,369,0,0,0,370,0,0,0,371,0,0,0,378,0,0,0,432,0,0,0,433,0,0,0,534,0,0,0,714,0,0,0,894,0,0,0,1520,0,0,0,1521,0,0,0,1719,0,0,0,1720,0,0,0,1721,0,0,0,1722,0,0,0,1723,0,0,0,1724,0,0,0,1725,0,0,0,1726,0,0,0,1727,0,0,0,1728,0,0,0,1729,0,0,0,1731,0,0,0,1732,0,0,0,1733,0,0,0,1734,0,0,0,1735,0,0,0,1736,0,0,0,1737,0,0,0,1738,0,0,0,1739,0,0,0,1740,0,0,0,1741,0,0,0,1742,0,0,0,1743,0,0,0,1744,0,0,0,1745,0,0,0,1746,0,0,0,1747,0,0,0,1748,0]",[],[],[],"[69,84,86,71,81,85,73]",[],[],[],[]
9,"SorceressActTwo",[],"[11,0,0,0,22,0,0,0,91,0,0,0,112,0,0,0,2890,0,0,0,219,0,0,0,220,0,0,0,281,0,0,0,368,0,0,0,369,0,0,0,370,0,0,0,371,0,0,0,378,0,0,0,432,0,0,0,433,0,0,0,534,0,0,0,714,0,0,0,894,0,0,0,1520,0,0,0,1521,0,0,0,1719,0,0,0,1720,0,0,0,1721,0,0,0,1722,0,0,0,1723,0,0,0,1724,0,0,0,1725,0,0,0,1726,0,0,0,1727,0,0,0,1728,0,0,0,1729,0,0,0,1731,0,0,0,1732,0,0,0,1733,0,0,0,1734,0,0,0,1735,0,0,0,1736,0,0,0,1737,0,0,0,1738,0,0,0,1739,0,0,0,1740,0,0,0,1741,0,0,0,1742,0,0,0,1743,0,0,0,1744,0,0,0,1745,0,0,0,1746,0,0,0,1747,0,0,0,1748,0]",[],[],[],"[69,84,86,71,81,85,73]",[],[],[],[]
10,"DuelistActTwo",[],"[11,0,0,0,22,0,0,0,91,0,0,0,112,0,0,0,2890,0,0,0,219,0,0,0,220,0,0,0,281,0,0,0,368,0,0,0,369,0,0,0,370,0,0,0,371,0,0,0,378,0,0,0,432,0,0,0,433,0,0,0,534,0,0,0,714,0,0,0,894,0,0,0,1520,0,0,0,1521,0,0,0,1719,0,0,0,1720,0,0,0,1721,0,0,0,1722,0,0,0,1723,0,0,0,1724,0,0,0,1725,0,0,0,1726,0,0,0,1727,0,0,0,1728,0,0,0,1729,0,0,0,1731,0,0,0,1732,0,0,0,1733,0,0,0,1734,0,0,0,1735,0,0,0,1736,0,0,0,1737,0,0,0,1738,0,0,0,1739,0,0,0,1740,0,0,0,1741,0,0,0,1742,0,0,0,1743,0,0,0,1744,0,0,0,1745,0,0,0,1746,0,0,0,1747,0,0,0,1748,0]",[],[],[],"[69,84,86,71,81,85,73]",[],[],[],[]
11,"ShadowActTwo",[],"[11,0,0,0,22,0,0,0,91,0,0,0,112,0,0,0,2890,0,0,0,219,0,0,0,220,0,0,0,281,0,0,0,368,0,0,0,369,0,0,0,370,0,0,0,371,0,0,0,378,0,0,0,432,0,0,0,433,0,0,0,534,0,0,0,714,0,0,0,894,0,0,0,1520,0,0,0,1521,0,0,0,1719,0,0,0,1720,0,0,0,1721,0,0,0,1722,0,0,0,1723,0,0,0,1724,0,0,0,1725,0,0,0,1726,0,0,0,1727,0,0,0,1728,0,0,0,1729,0,0,0,1731,0,0,0,1732,0,0,0,1733,0,0,0,1734,0,0,0,1735,0,0,0,1736,0,0,0,1737,0,0,0,1738,0,0,0,1739,0,0,0,1740,0,0,0,1741,0,0,0,1742,0,0,0,1743,0,0,0,1744,0,0,0,1745,0,0,0,1746,0,0,0,1747,0,0,0,1748,0]",[],[],[],"[69,84,86,71,81,85,73]",[],[],[],[]
12,"MonkActTwo",[],"[11,0,0,0,22,0,0,0,91,0,0,0,112,0,0,0,2890,0,0,0,219,0,0,0,220,0,0,0,281,0,0,0,368,0,0,0,369,0,0,0,370,0,0,0,371,0,0,0,378,0,0,0,432,0,0,0,433,0,0,0,534,0,0,0,714,0,0,0,894,0,0,0,1520,0,0,0,1521,0,0,0,1719,0,0,0,1720,0,0,0,1721,0,0,0,1722,0,0,0,1723,0,0,0,1724,0,0,0,1725,0,0,0,1726,0,0,0,1727,0,0,0,1728,0,0,0,1729,0,0,0,1731,0,0,0,1732,0,0,0,1733,0,0,0,1734,0,0,0,1735,0,0,0,1736,0,0,0,1737,0,0,0,1738,0,0,0,1739,0,0,0,1740,0,0,0,1741,0,0,0,1742,0,0,0,1743,0,0,0,1744,0,0,0,1745,0,0,0,1746,0,0,0,1747,0,0,0,1748,0]",[],[],[],"[69,84,86,71,81,85,73]",[],[],[],[]
13,"TemplarActThree",[],"[11,0,0,0,22,0,0,0,91,0,0,0,112,0,0,0,2890,0,0,0,219,0,0,0,220,0,0,0,281,0,0,0,368,0,0,0,369,0,0,0,370,0,0,0,371,0,0,0,378,0,0,0,432,0,0,0,433,0,0,0,534,0,0,0,714,0,0,0,894,0,0,0,1719,0,0,0,1720,0,0,0,1721,0,0,0,1722,0,0,0,1723,0,0,0,1724,0,0,0,1725,0,0,0,1726,0,0,0,1727,0,0,0,1728,0,0,0,1729,0,0,0,1731,0,0,0,1732,0,0,0,1733,0,0,0,1734,0,0,0,1735,0,0,0,1736,0,0,0,1737,0,0,0,1738,0,0,0,1739,0,0,0,1740,0,0,0,1741,0,0,0,1742,0,0,0,1743,0,0,0,1744,0,0,0,1745,0,0,0,1746,0,0,0,1747,0,0,0,1748,0,0,0,1749,0,0,0,1751,0,0,0,1756,0,0,0,1761,0,0,0,1771,0,0,0,1773,0,0,0,1774,0,0,0,1782,0,0,0,1784,0,0,0,1862,0,0,0,1863,0,0,0,1879,0,0,0,1880,0,0,0,1939,0,0,0,1940,0,0,0,2024,0,0,0,2027,0,0,0,2146,0,0,0,2147,0,0,0,2562,0,0,0,2563,0,0,0,2564,0,0,0,2565,0,0]",[],[],[],"[99,92,69,84,86,103,126,95,71,97,81,98,85,101,73,94,105,125]",[],[],[],[]
14,"DruidActThree",[],"[11,0,0,0,22,0,0,0,91,0,0,0,112,0,0,0,2890,0,0,0,219,0,0,0,220,0,0,0,281,0,0,0,368,0,0,0,369,0,0,0,370,0,0,0,371,0,0,0,378,0,0,0,432,0,0,0,433,0,0,0,534,0,0,0,714,0,0,0,894,0,0,0,1719,0,0,0,1720,0,0,0,1721,0,0,0,1722,0,0,0,1723,0,0,0,1724,0,0,0,1725,0,0,0,1726,0,0,0,1727,0,0,0,1728,0,0,0,1729,0,0,0,1731,0,0,0,1732,0,0,0,1733,0,0,0,1734,0,0,0,1735,0,0,0,1736,0,0,0,1737,0,0,0,1738,0,0,0,1739,0,0,0,1740,0,0,0,1741,0,0,0,1742,0,0,0,1743,0,0,0,1744,0,0,0,1745,0,0,0,1746,0,0,0,1747,0,0,0,1748,0,0,0,1749,0,0,0,1751,0,0,0,1756,0,0,0,1761,0,0,0,1771,0,0,0,1773,0,0,0,1774,0,0,0,1782,0,0,0,1784,0,0,0,1862,0,0,0,1863,0,0,0,1879,0,0,0,1880,0,0,0,1939,0,0,0,1940,0,0,0,2024,0,0,0,2027,0,0,0,2146,0,0,0,2147,0,0,0,2562,0,0,0,2563,0,0,0,2564,0,0,0,2565,0,0]",[],[],[],"[99,92,69,84,86,103,126,95,71,97,81,98,85,101,73,94,105,125]",[],[],[],[]
15,"MarauderActThree",[],"[11,0,0,0,22,0,0,0,91,0,0,0,112,0,0,0,2890,0,0,0,219,0,0,0,220,0,0,0,281,0,0,0,368,0,0,0,369,0,0,0,370,0,0,0,371,0,0,0,378,0,0,0,432,0,0,0,433,0,0,0,534,0,0,0,714,0,0,0,894,0,0,0,1719,0,0,0,1720,0,0,0,1721,0,0,0,1722,0,0,0,1723,0,0,0,1724,0,0,0,1725,0,0,0,1726,0,0,0,1727,0,0,0,1728,0,0,0,1729,0,0,0,1731,0,0,0,1732,0,0,0,1733,0,0,0,1734,0,0,0,1735,0,0,0,1736,0,0,0,1737,0,0,0,1738,0,0,0,1739,0,0,0,1740,0,0,0,1741,0,0,0,1742,0,0,0,1743,0,0,0,1744,0,0,0,1745,0,0,0,1746,0,0,0,1747,0,0,0,1748,0,0,0,1749,0,0,0,1751,0,0,0,1756,0,0,0,1761,0,0,0,1771,0,0,0,1773,0,0,0,1774,0,0,0,1782,0,0,0,1784,0,0,0,1862,0,0,0,1863,0,0,0,1879,0,0,0,1880,0,0,0,1939,0,0,0,1940,0,0,0,2024,0,0,0,2027,0,0,0,2146,0,0,0,2147,0,0,0,2562,0,0,0,2563,0,0,0,2564,0,0,0,2565,0,0]",[],[],[],"[99,92,69,84,86,103,126,95,71,97,81,98,85,101,73,94,105,125]",[],[],[],[]
16,"WarriorActThree",[],"[11,0,0,0,22,0,0,0,91,0,0,0,112,0,0,0,2890,0,0,0,219,0,0,0,220,0,0,0,281,0,0,0,368,0,0,0,369,0,0,0,370,0,0,0,371,0,0,0,378,0,0,0,432,0,0,0,433,0,0,0,534,0,0,0,714,0,0,0,894,0,0,0,1719,0,0,0,1720,0,0,0,1721,0,0,0,1722,0,0,0,1723,0,0,0,1724,0,0,0,1725,0,0,0,1726,0,0,0,1727,0,0,0,1728,0,0,0,1729,0,0,0,1731,0,0,0,1732,0,0,0,1733,0,0,0,1734,0,0,0,1735,0,0,0,1736,0,0,0,1737,0,0,0,1738,0,0,0,1739,0,0,0,1740,0,0,0,1741,0,0,0,1742,0,0,0,1743,0,0,0,1744,0,0,0,1745,0,0,0,1746,0,0,0,1747,0,0,0,1748,0,0,0,1749,0,0,0,1751,0,0,0,1756,0,0,0,1761,0,0,0,1771,0,0,0,1773,0,0,0,1774,0,0,0,1782,0,0,0,1784,0,0,0,1862,0,0,0,1863,0,0,0,1879,0,0,0,1880,0,0,0,1939,0,0,0,1940,0,0,0,2024,0,0,0,2027,0,0,0,2146,0,0,0,2147,0,0,0,2562,0,0,0,2563,0,0,0,2564,0,0,0,2565,0,0,0]",[],[],[],"[99,92,69,84,86,103,126,95,71,97,81,98,85,101,73,94,105,125]",[],[],[],[]
17,"RangerActThree",[],"[11,0,0,0,22,0,0,0,91,0,0,0,112,0,0,0,2890,0,0,0,219,0,0,0,220,0,0,0,281,0,0,0,368,0,0,0,369,0,0,0,370,0,0,0,371,0,0,0,378,0,0,0,432,0,0,0,433,0,0,0,534,0,0,0,714,0,0,0,894,0,0,0,1719,0,0,0,1720,0,0,0,1721,0,0,0,1722,0,0,0,1723,0,0,0,1724,0,0,0,1725,0,0,0,1726,0,0,0,1727,0,0,0,1728,0,0,0,1729,0,0,0,1731,0,0,0,1732,0,0,0,1733,0,0,0,1734,0,0,0,1735,0,0,0,1736,0,0,0,1737,0,0,0,1738,0,0,0,1739,0,0,0,1740,0,0,0,1741,0,0,0,1742,0,0,0,1743,0,0,0,1744,0,0,0,1745,0,0,0,1746,0,0,0,1747,0,0,0,1748,0,0,0,1749,0,0,0,1751,0,0,0,1756,0,0,0,1761,0,0,0,1771,0,0,0,1773,0,0,0,1774,0,0,0,1782,0,0,0,1784,0,0,0,1862,0,0,0,1863,0,0,0,1879,0,0,0,1880,0,0,0,1939,0,0,0,1940,0,0,0,2024,0,0,0,2027,0,0,0,2146,0,0,0,2147,0,0,0,2562,0,0,0,2563,0,0,0,2564,0,0,0,2565,0,0,0]",[],[],[],"[99,92,69,84,86,103,126,95,71,97,81,98,85,101,73,94,105,125]",[],[],[],[]
18,"WitchActThree",[],"[11,0,0,0,22,0,0,0,91,0,0,0,112,0,0,0,2890,0,0,0,219,0,0,0,220,0,0,0,281,0,0,0,368,0,0,0,369,0,0,0,370,0,0,0,371,0,0,0,378,0,0,0,432,0,0,0,433,0,0,0,534,0,0,0,714,0,0,0,894,0,0,0,1719,0,0,0,1720,0,0,0,1721,0,0,0,1722,0,0,0,1723,0,0,0,1724,0,0,0,1725,0,0,0,1726,0,0,0,1727,0,0,0,1728,0,0,0,1729,0,0,0,1731,0,0,0,1732,0,0,0,1733,0,0,0,1734,0,0,0,1735,0,0,0,1736,0,0,0,1737,0,0,0,1738,0,0,0,1739,0,0,0,1740,0,0,0,1741,0,0,0,1742,0,0,0,1743,0,0,0,1744,0,0,0,1745,0,0,0,1746,0,0,0,1747,0,0,0,1748,0,0,0,1749,0,0,0,1751,0,0,0,1756,0,0,0,1761,0,0,0,1771,0,0,0,1773,0,0,0,1774,0,0,0,1782,0,0,0,1784,0,0,0,1862,0,0,0,1863,0,0,0,1879,0,0,0,1880,0,0,0,1939,0,0,0,1940,0,0,0,2024,0,0,0,2027,0,0,0,2146,0,0,0,2147,0,0,0,2562,0,0,0,2563,0,0,0,2564,0,0,0,2565,0,0,0]",[],[],[],"[99,92,69,84,86,103,126,95,71,97,81,98,85,101,73,94,105,125]",[],[],[],[]
19,"SorceressActThree",[],"[11,0,0,0,22,0,0,0,91,0,0,0,112,0,0,0,2890,0,0,0,219,0,0,0,220,0,0,0,281,0,0,0,368,0,0,0,369,0,0,0,370,0,0,0,371,0,0,0,378,0,0,0,432,0,0,0,433,0,0,0,534,0,0,0,714,0,0,0,894,0,0,0,1719,0,0,0,1720,0,0,0,1721,0,0,0,1722,0,0,0,1723,0,0,0,1724,0,0,0,1725,0,0,0,1726,0,0,0,1727,0,0,0,1728,0,0,0,1729,0,0,0,1731,0,0,0,1732,0,0,0,1733,0,0,0,1734,0,0,0,1735,0,0,0,1736,0,0,0,1737,0,0,0,1738,0,0,0,1739,0,0,0,1740,0,0,0,1741,0,0,0,1742,0,0,0,1743,0,0,0,1744,0,0,0,1745,0,0,0,1746,0,0,0,1747,0,0,0,1748,0,0,0,1749,0,0,0,1751,0,0,0,1756,0,0,0,1761,0,0,0,1771,0,0,0,1773,0,0,0,1774,0,0,0,1782,0,0,0,1784,0,0,0,1862,0,0,0,1863,0,0,0,1879,0,0,0,1880,0,0,0,1939,0,0,0,1940,0,0,0,2024,0,0,0,2027,0,0,0,2146,0,0,0,2147,0,0,0,2562,0,0,0,2563,0,0,0,2564,0,0,0,2565,0,0,0]",[],[],[],"[99,92,69,84,86,103,126,95,71,97,81,98,85,101,73,94,105,125]",[],[],[],[]
20,"DuelistActThree",[],"[11,0,0,0,22,0,0,0,91,0,0,0,112,0,0,0,2890,0,0,0,219,0,0,0,220,0,0,0,281,0,0,0,368,0,0,0,369,0,0,0,370,0,0,0,371,0,0,0,378,0,0,0,432,0,0,0,433,0,0,0,534,0,0,0,714,0,0,0,894,0,0,0,1719,0,0,0,1720,0,0,0,1721,0,0,0,1722,0,0,0,1723,0,0,0,1724,0,0,0,1725,0,0,0,1726,0,0,0,1727,0,0,0,1728,0,0,0,1729,0,0,0,1731,0,0,0,1732,0,0,0,1733,0,0,0,1734,0,0,0,1735,0,0,0,1736,0,0,0,1737,0,0,0,1738,0,0,0,1739,0,0,0,1740,0,0,0,1741,0,0,0,1742,0,0,0,1743,0,0,0,1744,0,0,0,1745,0,0,0,1746,0,0,0,1747,0,0,0,1748,0,0,0,1749,0,0,0,1751,0,0,0,1756,0,0,0,1761,0,0,0,1771,0,0,0,1773,0,0,0,1774,0,0,0,1782,0,0,0,1784,0,0,0,1862,0,0,0,1863,0,0,0,1879,0,0,0,1880,0,0,0,1939,0,0,0,1940,0,0,0,2024,0,0,0,2027,0,0,0,2146,0,0,0,2147,0,0,0,2562,0,0,0,2563,0,0,0,2564,0,0,0,2565,0,0]",[],[],[],"[99,92,69,84,86,103,126,95,71,97,81,98,85,101,73,94,105,125]",[],[],[],[]
21,"MercenaryActTwo",[],"[11,0,0,0,22,0,0,0,91,0,0,0,112,0,0,0,2890,0,0,0,219,0,0,0,220,0,0,0,281,0,0,0,368,0,0,0,369,0,0,0,370,0,0,0,371,0,0,0,378,0,0,0,432,0,0,0,433,0,0,0,534,0,0,0,714,0,0,0,894,0,0,0,1520,0,0,0,1521,0,0,0,1719,0,0,0,1720,0,0,0,1721,0,0,0,1722,0,0,0,1723,0,0,0,1724,0,0,0,1725,0,0,0,1726,0,0,0,1727,0,0,0,1728,0,0,0,1729,0,0,0,1731,0,0,0,1732,0,0,0,1733,0,0,0,1734,0,0,0,1735,0,0,0,1736,0,0,0,1737,0,0,0,1738,0,0,0,1739,0,0,0,1740,0,0,0,1741,0,0,0,1742,0,0,0,1743,0,0,0,1744,0,0,0,1745,0,0,0,1746,0,0,0,1747,0,0,0,1748,0]",[],[],[],"[69,84,86,71,81,85,73]",[],[],[],[]
22,"MercenaryActThree",[],"[11,0,0,0,22,0,0,0,91,0,0,0,112,0,0,0,2890,0,0,0,219,0,0,0,220,0,0,0,281,0,0,0,368,0,0,0,369,0,0,0,370,0,0,0,371,0,0,0,378,0,0,0,432,0,0,0,433,0,0,0,534,0,0,0,714,0,0,0,894,0,0,0,1719,0,0,0,1720,0,0,0,1721,0,0,0,1722,0,0,0,1723,0,0,0,1724,0,0,0,1725,0,0,0,1726,0,0,0,1727,0,0,0,1728,0,0,0,1729,0,0,0,1731,0,0,0,1732,0,0,0,1733,0,0,0,1734,0,0,0,1735,0,0,0,1736,0,0,0,1737,0,0,0,1738,0,0,0,1739,0,0,0,1740,0,0,0,1741,0,0,0,1742,0,0,0,1743,0,0,0,1744,0,0,0,1745,0,0,0,1746,0,0,0,1747,0,0,0,1748,0,0,0,1749,0,0,0,1751,0,0,0,1756,0,0,0,1761,0,0,0,1771,0,0,0,1773,0,0,0,1774,0,0,0,1782,0,0,0,1784,0,0,0,1862,0,0,0,1863,0,0,0,1879,0,0,0,1880,0,0,0,1939,0,0,0,1940,0,0,0,2024,0,0,0,2027,0,0,0,2146,0,0,0,2147,0,0,0,2562,0,0,0,2563,0,0,0,2564,0,0,0,2565,0,0]",[],[],[],"[99,92,69,84,86,103,126,95,71,97,81,98,85,101,73,94,105,125]",[],[],[],[]
23,"ShadowActThree",[],"[11,0,0,0,22,0,0,0,91,0,0,0,112,0,0,0,2890,0,0,0,219,0,0,0,220,0,0,0,281,0,0,0,368,0,0,0,369,0,0,0,370,0,0,0,371,0,0,0,378,0,0,0,432,0,0,0,433,0,0,0,534,0,0,0,714,0,0,0,894,0,0,0,1719,0,0,0,1720,0,0,0,1721,0,0,0,1722,0,0,0,1723,0,0,0,1724,0,0,0,1725,0,0,0,1726,0,0,0,1727,0,0,0,1728,0,0,0,1729,0,0,0,1731,0,0,0,1732,0,0,0,1733,0,0,0,1734,0,0,0,1735,0,0,0,1736,0,0,0,1737,0,0,0,1738,0,0,0,1739,0,0,0,1740,0,0,0,1741,0,0,0,1742,0,0,0,1743,0,0,0,1744,0,0,0,1745,0,0,0,1746,0,0,0,1747,0,0,0,1748,0,0,0,1749,0,0,0,1751,0,0,0,1756,0,0,0,1761,0,0,0,1771,0,0,0,1773,0,0,0,1774,0,0,0,1782,0,0,0,1784,0,0,0,1862,0,0,0,1863,0,0,0,1879,0,0,0,1880,0,0,0,1939,0,0,0,1940,0,0,0,2024,0,0,0,2027,0,0,0,2146,0,0,0,2147,0,0,0,2562,0,0,0,2563,0,0,0,2564,0,0,0,2565,0,0]",[],[],[],"[99,92,69,84,86,103,126,95,71,97,81,98,85,101,73,94,105,125]",[],[],[],[]
24,"MonkActThree",[],"[11,0,0,0,22,0,0,0,91,0,0,0,112,0,0,0,2890,0,0,0,219,0,0,0,220,0,0,0,281,0,0,0,368,0,0,0,369,0,0,0,370,0,0,0,371,0,0,0,378,0,0,0,432,0,0,0,433,0,0,0,534,0,0,0,714,0,0,0,894,0,0,0,1719,0,0,0,1720,0,0,0,1721,0,0,0,1722,0,0,0,1723,0,0,0,1724,0,0,0,1725,0,0,0,1726,0,0,0,1727,0,0,0,1728,0,0,0,1729,0,0,0,1731,0,0,0,1732,0,0,0,1733,0,0,0,1734,0,0,0,1735,0,0,0,1736,0,0,0,1737,0,0,0,1738,0,0,0,1739,0,0,0,1740,0,0,0,1741,0,0,0,1742,0,0,0,1743,0,0,0,1744,0,0,0,1745,0,0,0,1746,0,0,0,1747,0,0,0,1748,0,0,0,1749,0,0,0,1751,0,0,0,1756,0,0,0,1761,0,0,0,1771,0,0,0,1773,0,0,0,1774,0,0,0,1782,0,0,0,1784,0,0,0,1862,0,0,0,1863,0,0,0,1879,0,0,0,1880,0,0,0,1939,0,0,0,1940,0,0,0,2024,0,0,0,2027,0,0,0,2146,0,0,0,2147,0,0,0,2562,0,0,0,2563,0,0,0,2564,0,0,0,2565,0,0,0]",[],[],[],"[99,92,69,84,86,103,126,95,71,97,81,98,85,101,73,94,105,125]",[],[],[],[]
25,"TemplarActFour",[],"[11,0,0,0,22,0,0,0,91,0,0,0,112,0,0,0,2890,0,0,0,219,0,0,0,220,0,0,0,281,0,0,0,368,0,0,0,369,0,0,0,370,0,0,0,371,0,0,0,378,0,0,0,432,0,0,0,433,0,0,0,534,0,0,0,714,0,0,0,894,0,0,0,1719,0,0,0,1720,0,0,0,1721,0,0,0,1722,0,0,0,1723,0,0,0,1724,0,0,0,1725,0,0,0,1726,0,0,0,1727,0,0,0,1728,0,0,0,1729,0,0,0,1731,0,0,0,1732,0,0,0,1733,0,0,0,1734,0,0,0,1735,0,0,0,1736,0,0,0,1737,0,0,0,1738,0,0,0,1739,0,0,0,1740,0,0,0,1741,0,0,0,1742,0,0,0,1743,0,0,0,1744,0,0,0,1745,0,0,0,1746,0,0,0,1747,0,0,0,1748,0,0,0,1749,0,0,0,1751,0,0,0,1756,0,0,0,1761,0,0,0,1771,0,0,0,1772,0,0,0,1773,0,0,0,1774,0,0,0,1782,0,0,0,1784,0,0,0,1862,0,0,0,1863,0,0,0,1879,0,0,0,1880,0,0,0,1939,0,0,0,1940,0,0,0,2024,0,0,0,2027,0,0,0,2146,0,0,0,2147,0,0,0,2562,0,0,0,2563,0,0,0,2564,0,0,0,2565,0,0,0,2566,0,0,0,2567,0,0,0,2568,0,0,0,2569,0,0,0,2570,0,0,0,2571,0,0,0,2572,0,0,0,2573,0,0,0,2574,0,0,0,2575,0,0,0,2576,0,0,0,2577,0,0,0,2578,0,0,0,2579,0,0,0,2889,0,0,0,2890,0,0,0]",[],[],[],"[99,92,69,139,134,84,86,103,126,135,95,71,97,81,136,132,98,85,101,73,94,127,105,125]",[],[],[],[]
26,"DruidActFour",[],"[11,0,0,0,22,0,0,0,91,0,0,0,112,0,0,0,2890,0,0,0,219,0,0,0,220,0,0,0,281,0,0,0,368,0,0,0,369,0,0,0,370,0,0,0,371,0,0,0,378,0,0,0,432,0,0,0,433,0,0,0,534,0,0,0,714,0,0,0,894,0,0,0,1719,0,0,0,1720,0,0,0,1721,0,0,0,1722,0,0,0,1723,0,0,0,1724,0,0,0,1725,0,0,0,1726,0,0,0,1727,0,0,0,1728,0,0,0,1729,0,0,0,1731,0,0,0,1732,0,0,0,1733,0,0,0,1734,0,0,0,1735,0,0,0,1736,0,0,0,1737,0,0,0,1738,0,0,0,1739,0,0,0,1740,0,0,0,1741,0,0,0,1742,0,0,0,1743,0,0,0,1744,0,0,0,1745,0,0,0,1746,0,0,0,1747,0,0,0,1748,0,0,0,1749,0,0,0,1751,0,0,0,1756,0,0,0,1761,0,0,0,1771,0,0,0,1772,0,0,0,1773,0,0,0,1774,0,0,0,1782,0,0,0,1784,0,0,0,1862,0,0,0,1863,0,0,0,1879,0,0,0,1880,0,0,0,1939,0,0,0,1940,0,0,0,2024,0,0,0,2027,0,0,0,2146,0,0,0,2147,0,0,0,2562,0,0,0,2563,0,0,0,2564,0,0,0,2565,0,0,0,2566,0,0,0,2567,0,0,0,2568,0,0,0,2569,0,0,0,2570,0,0,0,2571,0,0,0,2572,0,0,0,2573,0,0,0,2574,0,0,0,2575,0,0,0,2576,0,0,0,2577,0,0,0,2578,0,0,0,2579,0,0,0,2889,0,0,0,2890,0,0,0]",[],[],[],"[99,92,69,139,134,84,86,103,126,135,95,71,97,81,136,132,98,85,101,73,94,127,105,125]",[],[],[],[]
27,"MarauderActFour",[],"[11,0,0,0,22,0,0,0,91,0,0,0,112,0,0,0,2890,0,0,0,219,0,0,0,220,0,0,0,281,0,0,0,368,0,0,0,369,0,0,0,370,0,0,0,371,0,0,0,378,0,0,0,432,0,0,0,433,0,0,0,534,0,0,0,714,0,0,0,894,0,0,0,1719,0,0,0,1720,0,0,0,1721,0,0,0,1722,0,0,0,1723,0,0,0,1724,0,0,0,1725,0,0,0,1726,0,0,0,1727,0,0,0,1728,0,0,0,1729,0,0,0,1731,0,0,0,1732,0,0,0,1733,0,0,0,1734,0,0,0,1735,0,0,0,1736,0,0,0,1737,0,0,0,1738,0,0,0,1739,0,0,0,1740,0,0,0,1741,0,0,0,1742,0,0,0,1743,0,0,0,1744,0,0,0,1745,0,0,0,1746,0,0,0,1747,0,0,0,1748,0,0,0,1749,0,0,0,1751,0,0,0,1756,0,0,0,1761,0,0,0,1771,0,0,0,1772,0,0,0,1773,0,0,0,1774,0,0,0,1782,0,0,0,1784,0,0,0,1862,0,0,0,1863,0,0,0,1879,0,0,0,1880,0,0,0,1939,0,0,0,1940,0,0,0,2024,0,0,0,2027,0,0,0,2146,0,0,0,2147,0,0,0,2562,0,0,0,2563,0,0,0,2564,0,0,0,2565,0,0,0,2566,0,0,0,2567,0,0,0,2568,0,0,0,2569,0,0,0,2570,0,0,0,2571,0,0,0,2572,0,0,0,2573,0,0,0,2574,0,0,0,2575,0,0,0,2576,0,0,0,2577,0,0,0,2578,0,0,0,2579,0,0,0,2889,0,0,0,2890,0,0,0]",[],[],[],"[99,92,69,139,134,84,86,103,126,135,95,71,97,81,136,132,98,85,101,73,94,127,105,125]",[],[],[],[]
28,"WarriorActFour",[],"[11,0,0,0,22,0,0,0,91,0,0,0,112,0,0,0,2890,0,0,0,219,0,0,0,220,0,0,0,281,0,0,0,368,0,0,0,369,0,0,0,370,0,0,0,371,0,0,0,378,0,0,0,432,0,0,0,433,0,0,0,534,0,0,0,714,0,0,0,894,0,0,0,1719,0,0,0,1720,0,0,0,1721,0,0,0,1722,0,0,0,1723,0,0,0,1724,0,0,0,1725,0,0,0,1726,0,0,0,1727,0,0,0,1728,0,0,0,1729,0,0,0,1731,0,0,0,1732,0,0,0,1733,0,0,0,1734,0,0,0,1735,0,0,0,1736,0,0,0,1737,0,0,0,1738,0,0,0,1739,0,0,0,1740,0,0,0,1741,0,0,0,1742,0,0,0,1743,0,0,0,1744,0,0,0,1745,0,0,0,1746,0,0,0,1747,0,0,0,1748,0,0,0,1749,0,0,0,1751,0,0,0,1756,0,0,0,1761,0,0,0,1771,0,0,0,1772,0,0,0,1773,0,0,0,1774,0,0,0,1782,0,0,0,1784,0,0,0,1862,0,0,0,1863,0,0,0,1879,0,0,0,1880,0,0,0,1939,0,0,0,1940,0,0,0,2024,0,0,0,2027,0,0,0,2146,0,0,0,2147,0,0,0,2562,0,0,0,2563,0,0,0,2564,0,0,0,2565,0,0,0,2566,0,0,0,2567,0,0,0,2568,0,0,0,2569,0,0,0,2570,0,0,0,2571,0,0,0,2572,0,0,0,2573,0,0,0,2574,0,0,0,2575,0,0,0,2576,0,0,0,2577,0,0,0,2578,0,0,0,2579,0,0,0,2889,0,0,0,2890,0,0,0]",[],[],[],"[99,92,69,139,134,84,86,103,126,135,95,71,97,81,136,132,98,85,101,73,94,127,105,125]",[],[],[],[]
29,"RangerActFour",[],"[11,0,0,0,22,0,0,0,91,0,0,0,112,0,0,0,2890,0,0,0,219,0,0,0,220,0,0,0,281,0,0,0,368,0,0,0,369,0,0,0,370,0,0,0,371,0,0,0,378,0,0,0,432,0,0,0,433,0,0,0,534,0,0,0,714,0,0,0,894,0,0,0,1719,0,0,0,1720,0,0,0,1721,0,0,0,1722,0,0,0,1723,0,0,0,1724,0,0,0,1725,0,0,0,1726,0,0,0,1727,0,0,0,1728,0,0,0,1729,0,0,0,1731,0,0,0,1732,0,0,0,1733,0,0,0,1734,0,0,0,1735,0,0,0,1736,0,0,0,1737,0,0,0,1738,0,0,0,1739,0,0,0,1740,0,0,0,1741,0,0,0,1742,0,0,0,1743,0,0,0,1744,0,0,0,1745,0,0,0,1746,0,0,0,1747,0,0,0,1748,0,0,0,1749,0,0,0,1751,0,0,0,1756,0,0,0,1761,0,0,0,1771,0,0,0,1772,0,0,0,1773,0,0,0,1774,0,0,0,1782,0,0,0,1784,0,0,0,1862,0,0,0,1863,0,0,0,1879,0,0,0,1880,0,0,0,1939,0,0,0,1940,0,0,0,2024,0,0,0,2027,0,0,0,2146,0,0,0,2147,0,0,0,2562,0,0,0,2563,0,0,0,2564,0,0,0,2565,0,0,0,2566,0,0,0,2567,0,0,0,2568,0,0,0,2569,0,0,0,2570,0,0,0,2571,0,0,0,2572,0,0,0,2573,0,0,0,2574,0,0,0,2575,0,0,0,2576,0,0,0,2577,0,0,0,2578,0,0,0,2579,0,0,0,2889,0,0,0,2890,0,0,0]",[],[],[],"[99,92,69,139,134,84,86,103,126,135,95,71,97,81,136,132,98,85,101,73,94,127,105,125]",[],[],[],[]
30,"SorceressActFour",[],"[11,0,0,0,22,0,0,0,91,0,0,0,112,0,0,0,2890,0,0,0,219,0,0,0,220,0,0,0,281,0,0,0,368,0,0,0,369,0,0,0,370,0,0,0,371,0,0,0,378,0,0,0,432,0,0,0,433,0,0,0,534,0,0,0,714,0,0,0,894,0,0,0,1719,0,0,0,1720,0,0,0,1721,0,0,0,1722,0,0,0,1723,0,0,0,1724,0,0,0,1725,0,0,0,1726,0,0,0,1727,0,0,0,1728,0,0,0,1729,0,0,0,1731,0,0,0,1732,0,0,0,1733,0,0,0,1734,0,0,0,1735,0,0,0,1736,0,0,0,1737,0,0,0,1738,0,0,0,1739,0,0,0,1740,0,0,0,1741,0,0,0,1742,0,0,0,1743,0,0,0,1744,0,0,0,1745,0,0,0,1746,0,0,0,1747,0,0,0,1748,0,0,0,1749,0,0,0,1751,0,0,0,1756,0,0,0,1761,0,0,0,1771,0,0,0,1772,0,0,0,1773,0,0,0,1774,0,0,0,1782,0,0,0,1784,0,0,0,1862,0,0,0,1863,0,0,0,1879,0,0,0,1880,0,0,0,1939,0,0,0,1940,0,0,0,2024,0,0,0,2027,0,0,0,2146,0,0,0,2147,0,0,0,2562,0,0,0,2563,0,0,0,2564,0,0,0,2565,0,0,0,2566,0,0,0,2567,0,0,0,2568,0,0,0,2569,0,0,0,2570,0,0,0,2571,0,0,0,2572,0,0,0,2573,0,0,0,2574,0,0,0,2575,0,0,0,2576,0,0,0,2577,0,0,0,2578,0,0,0,2579,0,0,0,2889,0,0,0,2890,0,0,0]",[],[],[],"[99,92,69,139,134,84,86,103,126,135,95,71,97,81,136,132,98,85,101,73,94,127,105,125]",[],[],[],[]
31,"DuelistActFour",[],"[11,0,0,0,22,0,0,0,91,0,0,0,112,0,0,0,2890,0,0,0,219,0,0,0,220,0,0,0,281,0,0,0,368,0,0,0,369,0,0,0,370,0,0,0,371,0,0,0,378,0,0,0,432,0,0,0,433,0,0,0,534,0,0,0,714,0,0,0,894,0,0,0,1719,0,0,0,1720,0,0,0,1721,0,0,0,1722,0,0,0,1723,0,0,0,1724,0,0,0,1725,0,0,0,1726,0,0,0,1727,0,0,0,1728,0,0,0,1729,0,0,0,1731,0,0,0,1732,0,0,0,1733,0,0,0,1734,0,0,0,1735,0,0,0,1736,0,0,0,1737,0,0,0,1738,0,0,0,1739,0,0,0,1740,0,0,0,1741,0,0,0,1742,0,0,0,1743,0,0,0,1744,0,0,0,1745,0,0,0,1746,0,0,0,1747,0,0,0,1748,0,0,0,1749,0,0,0,1751,0,0,0,1756,0,0,0,1761,0,0,0,1771,0,0,0,1772,0,0,0,1773,0,0,0,1774,0,0,0,1782,0,0,0,1784,0,0,0,1862,0,0,0,1863,0,0,0,1879,0,0,0,1880,0,0,0,1939,0,0,0,1940,0,0,0,2024,0,0,0,2027,0,0,0,2146,0,0,0,2147,0,0,0,2562,0,0,0,2563,0,0,0,2564,0,0,0,2565,0,0,0,2566,0,0,0,2567,0,0,0,2568,0,0,0,2569,0,0,0,2570,0,0,0,2571,0,0,0,2572,0,0,0,2573,0,0,0,2574,0,0,0,2575,0,0,0,2576,0,0,0,2577,0,0,0,2578,0,0,0,2579,0,0,0,2889,0,0,0,2890,0,0,0]",[],[],[],"[99,92,69,139,134,84,86,103,126,135,95,71,97,81,136,132,98,85,101,73,94,127,105,125]",[],[],[],[]
32,"MercenaryActFour",[],"[11,0,0,0,22,0,0,0,91,0,0,0,112,0,0,0,2890,0,0,0,219,0,0,0,220,0,0,0,281,0,0,0,368,0,0,0,369,0,0,0,370,0,0,0,371,0,0,0,378,0,0,0,432,0,0,0,433,0,0,0,534,0,0,0,714,0,0,0,894,0,0,0,1719,0,0,0,1720,0,0,0,1721,0,0,0,1722,0,0,0,1723,0,0,0,1724,0,0,0,1725,0,0,0,1726,0,0,0,1727,0,0,0,1728,0,0,0,1729,0,0,0,1731,0,0,0,1732,0,0,0,1733,0,0,0,1734,0,0,0,1735,0,0,0,1736,0,0,0,1737,0,0,0,1738,0,0,0,1739,0,0,0,1740,0,0,0,1741,0,0,0,1742,0,0,0,1743,0,0,0,1744,0,0,0,1745,0,0,0,1746,0,0,0,1747,0,0,0,1748,0,0,0,1749,0,0,0,1751,0,0,0,1756,0,0,0,1761,0,0,0,1771,0,0,0,1772,0,0,0,1773,0,0,0,1774,0,0,0,1782,0,0,0,1784,0,0,0,1862,0,0,0,1863,0,0,0,1879,0,0,0,1880,0,0,0,1939,0,0,0,1940,0,0,0,2024,0,0,0,2027,0,0,0,2146,0,0,0,2147,0,0,0,2562,0,0,0,2563,0,0,0,2564,0,0,0,2565,0,0,0,2566,0,0,0,2567,0,0,0,2568,0,0,0,2569,0,0,0,2570,0,0,0,2571,0,0,0,2572,0,0,0,2573,0,0,0,2574,0,0,0,2575,0,0,0,2576,0,0,0,2577,0,0,0,2578,0,0,0,2579,0,0,0,2889,0,0,0,2890,0,0,0]",[],[],[],"[99,92,69,139,134,84,86,103,126,135,95,71,97,81,136,132,98,85,101,73,94,127,105,125]",[],[],[],[]
33,"ShadowActFour",[],"[11,0,0,0,22,0,0,0,91,0,0,0,112,0,0,0,2890,0,0,0,219,0,0,0,220,0,0,0,281,0,0,0,368,0,0,0,369,0,0,0,370,0,0,0,371,0,0,0,378,0,0,0,432,0,0,0,433,0,0,0,534,0,0,0,714,0,0,0,894,0,0,0,1719,0,0,0,1720,0,0,0,1721,0,0,0,1722,0,0,0,1723,0,0,0,1724,0,0,0,1725,0,0,0,1726,0,0,0,1727,0,0,0,1728,0,0,0,1729,0,0,0,1731,0,0,0,1732,0,0,0,1733,0,0,0,1734,0,0,0,1735,0,0,0,1736,0,0,0,1737,0,0,0,1738,0,0,0,1739,0,0,0,1740,0,0,0,1741,0,0,0,1742,0,0,0,1743,0,0,0,1744,0,0,0,1745,0,0,0,1746,0,0,0,1747,0,0,0,1748,0,0,0,1749,0,0,0,1751,0,0,0,1756,0,0,0,1761,0,0,0,1771,0,0,0,1772,0,0,0,1773,0,0,0,1774,0,0,0,1782,0,0,0,1784,0,0,0,1862,0,0,0,1863,0,0,0,1879,0,0,0,1880,0,0,0,1939,0,0,0,1940,0,0,0,2024,0,0,0,2027,0,0,0,2146,0,0,0,2147,0,0,0,2562,0,0,0,2563,0,0,0,2564,0,0,0,2565,0,0,0,2566,0,0,0,2567,0,0,0,2568,0,0,0,2569,0,0,0,2570,0,0,0,2571,0,0,0,2572,0,0,0,2573,0,0,0,2574,0,0,0,2575,0,0,0,2576,0,0,0,2577,0,0,0,2578,0,0,0,2579,0,0,0,2889,0,0,0,2890,0,0,0]",[],[],[],"[99,92,69,139,134,84,86,103,126,135,95,71,97,81,136,132,98,85,101,73,94,127,105,125]",[],[],[],[]
34,"MonkActFour",[],"[11,0,0,0,22,0,0,0,91,0,0,0,112,0,0,0,2890,0,0,0,219,0,0,0,220,0,0,0,281,0,0,0,368,0,0,0,369,0,0,0,370,0,0,0,371,0,0,0,378,0,0,0,432,0,0,0,433,0,0,0,534,0,0,0,714,0,0,0,894,0,0,0,1719,0,0,0,1720,0,0,0,1721,0,0,0,1722,0,0,0,1723,0,0,0,1724,0,0,0,1725,0,0,0,1726,0,0,0,1727,0,0,0,1728,0,0,0,1729,0,0,0,1731,0,0,0,1732,0,0,0,1733,0,0,0,1734,0,0,0,1735,0,0,0,1736,0,0,0,1737,0,0,0,1738,0,0,0,1739,0,0,0,1740,0,0,0,1741,0,0,0,1742,0,0,0,1743,0,0,0,1744,0,0,0,1745,0,0,0,1746,0,0,0,1747,0,0,0,1748,0,0,0,1749,0,0,0,1751,0,0,0,1756,0,0,0,1761,0,0,0,1771,0,0,0,1772,0,0,0,1773,0,0,0,1774,0,0,0,1782,0,0,0,1784,0,0,0,1862,0,0,0,1863,0,0,0,1879,0,0,0,1880,0,0,0,1939,0,0,0,1940,0,0,0,2024,0,0,0,2027,0,0,0,2146,0,0,0,2147,0,0,0,2562,0,0,0,2563,0,0,0,2564,0,0,0,2565,0,0,0,2566,0,0,0,2567,0,0,0,2568,0,0,0,2569,0,0,0,2570,0,0,0,2571,0,0,0,2572,0,0,0,2573,0,0,0,2574,0,0,0,2575,0,0,0,2576,0,0,0,2577,0,0,0,2578,0,0,0,2579,0,0,0,2889,0,0,0,2890,0,0,0]",[],[],[],"[99,92,69,139,134,84,86,103,126,135,95,71,97,81,136,132,98,85,101,73,94,127,105,125]",[],[],[],[]
35,"TemplarActFive",[],"[11,0,0,0,22,0,0,0,91,0,0,0,112,0,0,0,2890,0,0,0,219,0,0,0,220,0,0,0,281,0,0,0,368,0,0,0,369,0,0,0,370,0,0,0,371,0,0,0,378,0,0,0,432,0,0,0,433,0,0,0,534,0,0,0,714,0,0,0,894,0,0,0,1521,0,0,0,1719,0,0,0,1720,0,0,0,1721,0,0,0,1722,0,0,0,1723,0,0,0,1724,0,0,0,1725,0,0,0,1726,0,0,0,1727,0,0,0,1728,0,0,0,1729,0,0,0,1731,0,0,0,1732,0,0,0,1733,0,0,0,1734,0,0,0,1735,0,0,0,1736,0,0,0,1737,0,0,0,1738,0,0,0,1739,0,0,0,1740,0,0,0,1741,0,0,0,1742,0,0,0,1743,0,0,0,1744,0,0,0,1745,0,0,0,1746,0,0,0,1747,0,0,0,1748,0,0,0,1749,0,0,0,1751,0,0,0,1756,0,0,0,1761,0,0,0,1771,0,0,0,1772,0,0,0,1773,0,0,0,1774,0,0,0,1782,0,0,0,1784,0,0,0,1862,0,0,0,1863,0,0,0,1879,0,0,0,1880,0,0,0,1939,0,0,0,1940,0,0,0,2024,0,0,0,2027,0,0,0,2146,0,0,0,2147,0,0,0,2406,0,0,0,2407,0,0,0,2408,0,0,0,2562,0,0,0,2563,0,0,0,2564,0,0,0,2565,0,0,0,2566,0,0,0,2567,0,0,0,2568,0,0,0,2569,0,0,0,2570,0,0,0,2571,0,0,0,2572,0,0,0,2573,0,0,0,2574,0,0,0,2575,0,0,0,2576,0,0,0,2577,0,0,0,2578,0,0,0,2579,0,0,0,2889,0,0,0,2890,0,0,0,2891,0,0,0,2892,0,0,0,2893,0,0,0,2894,0,0,0,2895,0,0,0,2896,0,0,0,2897,0,0,0,2898,0,0,0,2899,0,0,0,2900,0,0,0,2901,0,0,0,2902,0,0,0,2904,0,0,0,2905,0,0,0,2906,0,0]",[],[],[],"[99,92,69,139,134,84,86,103,126,135,95,71,97,81,136,132,98,85,101,73,94,127,105,125]",[],[],[],[]
36,"DruidActFive",[],"[11,0,0,0,22,0,0,0,91,0,0,0,112,0,0,0,2890,0,0,0,219,0,0,0,220,0,0,0,281,0,0,0,368,0,0,0,369,0,0,0,370,0,0,0,371,0,0,0,378,0,0,0,432,0,0,0,433,0,0,0,534,0,0,0,714,0,0,0,894,0,0,0,1521,0,0,0,1719,0,0,0,1720,0,0,0,1721,0,0,0,1722,0,0,0,1723,0,0,0,1724,0,0,0,1725,0,0,0,1726,0,0,0,1727,0,0,0,1728,0,0,0,1729,0,0,0,1731,0,0,0,1732,0,0,0,1733,0,0,0,1734,0,0,0,1735,0,0,0,1736,0,0,0,1737,0,0,0,1738,0,0,0,1739,0,0,0,1740,0,0,0,1741,0,0,0,1742,0,0,0,1743,0,0,0,1744,0,0,0,1745,0,0,0,1746,0,0,0,1747,0,0,0,1748,0,0,0,1749,0,0,0,1751,0,0,0,1756,0,0,0,1761,0,0,0,1771,0,0,0,1772,0,0,0,1773,0,0,0,1774,0,0,0,1782,0,0,0,1784,0,0,0,1862,0,0,0,1863,0,0,0,1879,0,0,0,1880,0,0,0,1939,0,0,0,1940,0,0,0,2024,0,0,0,2027,0,0,0,2146,0,0,0,2147,0,0,0,2406,0,0,0,2407,0,0,0,2408,0,0,0,2562,0,0,0,2563,0,0,0,2564,0,0,0,2565,0,0,0,2566,0,0,0,2567,0,0,0,2568,0,0,0,2569,0,0,0,2570,0,0,0,2571,0,0,0,2572,0,0,0,2573,0,0,0,2574,0,0,0,2575,0,0,0,2576,0,0,0,2577,0,0,0,2578,0,0,0,2579,0,0,0,2889,0,0,0,2890,0,0,0,2891,0,0,0,2892,0,0,0,2893,0,0,0,2894,0,0,0,2895,0,0,0,2896,0,0,0,2897,0,0,0,2898,0,0,0,2899,0,0,0,2900,0,0,0,2901,0,0,0,2902,0,0,0,2904,0,0,0,2905,0,0,0,2906,0,0]",[],[],[],"[99,92,69,139,134,84,86,103,126,135,95,71,97,81,136,132,98,85,101,73,94,127,105,125]",[],[],[],[]
37,"MarauderActFive",[],"[11,0,0,0,22,0,0,0,91,0,0,0,112,0,0,0,2890,0,0,0,219,0,0,0,220,0,0,0,281,0,0,0,368,0,0,0,369,0,0,0,370,0,0,0,371,0,0,0,378,0,0,0,432,0,0,0,433,0,0,0,534,0,0,0,714,0,0,0,894,0,0,0,1521,0,0,0,1719,0,0,0,1720,0,0,0,1721,0,0,0,1722,0,0,0,1723,0,0,0,1724,0,0,0,1725,0,0,0,1726,0,0,0,1727,0,0,0,1728,0,0,0,1729,0,0,0,1731,0,0,0,1732,0,0,0,1733,0,0,0,1734,0,0,0,1735,0,0,0,1736,0,0,0,1737,0,0,0,1738,0,0,0,1739,0,0,0,1740,0,0,0,1741,0,0,0,1742,0,0,0,1743,0,0,0,1744,0,0,0,1745,0,0,0,1746,0,0,0,1747,0,0,0,1748,0,0,0,1749,0,0,0,1751,0,0,0,1756,0,0,0,1761,0,0,0,1771,0,0,0,1772,0,0,0,1773,0,0,0,1774,0,0,0,1782,0,0,0,1784,0,0,0,1862,0,0,0,1863,0,0,0,1879,0,0,0,1880,0,0,0,1939,0,0,0,1940,0,0,0,2024,0,0,0,2027,0,0,0,2146,0,0,0,2147,0,0,0,2406,0,0,0,2407,0,0,0,2408,0,0,0,2562,0,0,0,2563,0,0,0,2564,0,0,0,2565,0,0,0,2566,0,0,0,2567,0,0,0,2568,0,0,0,2569,0,0,0,2570,0,0,0,2571,0,0,0,2572,0,0,0,2573,0,0,0,2574,0,0,0,2575,0,0,0,2576,0,0,0,2577,0,0,0,2578,0,0,0,2579,0,0,0,2889,0,0,0,2890,0,0,0,2891,0,0,0,2892,0,0,0,2893,0,0,0,2894,0,0,0,2895,0,0,0,2896,0,0,0,2897,0,0,0,2898,0,0,0,2899,0,0,0,2900,0,0,0,2901,0,0,0,2902,0,0,0,2904,0,0,0,2905,0,0,0,2906,0,0]",[],[],[],"[99,92,69,139,134,84,86,103,126,135,95,71,97,81,136,132,98,85,101,73,94,127,105,125]",[],[],[],[]
38,"WarriorActFive",[],"[11,0,0,0,22,0,0,0,91,0,0,0,112,0,0,0,2890,0,0,0,219,0,0,0,220,0,0,0,281,0,0,0,368,0,0,0,369,0,0,0,370,0,0,0,371,0,0,0,378,0,0,0,432,0,0,0,433,0,0,0,534,0,0,0,714,0,0,0,894,0,0,0,1521,0,0,0,1719,0,0,0,1720,0,0,0,1721,0,0,0,1722,0,0,0,1723,0,0,0,1724,0,0,0,1725,0,0,0,1726,0,0,0,1727,0,0,0,1728,0,0,0,1729,0,0,0,1731,0,0,0,1732,0,0,0,1733,0,0,0,1734,0,0,0,1735,0,0,0,1736,0,0,0,1737,0,0,0,1738,0,0,0,1739,0,0,0,1740,0,0,0,1741,0,0,0,1742,0,0,0,1743,0,0,0,1744,0,0,0,1745,0,0,0,1746,0,0,0,1747,0,0,0,1748,0,0,0,1749,0,0,0,1751,0,0,0,1756,0,0,0,1761,0,0,0,1771,0,0,0,1772,0,0,0,1773,0,0,0,1774,0,0,0,1782,0,0,0,1784,0,0,0,1862,0,0,0,1863,0,0,0,1879,0,0,0,1880,0,0,0,1939,0,0,0,1940,0,0,0,2024,0,0,0,2027,0,0,0,2146,0,0,0,2147,0,0,0,2406,0,0,0,2407,0,0,0,2408,0,0,0,2562,0,0,0,2563,0,0,0,2564,0,0,0,2565,0,0,0,2566,0,0,0,2567,0,0,0,2568,0,0,0,2569,0,0,0,2570,0,0,0,2571,0,0,0,2572,0,0,0,2573,0,0,0,2574,0,0,0,2575,0,0,0,2576,0,0,0,2577,0,0,0,2578,0,0,0,2579,0,0,0,2889,0,0,0,2890,0,0,0,2891,0,0,0,2892,0,0,0,2893,0,0,0,2894,0,0,0,2895,0,0,0,2896,0,0,0,2897,0,0,0,2898,0,0,0,2899,0,0,0,2900,0,0,0,2901,0,0,0,2902,0,0,0,2904,0,0,0,2905,0,0,0,2906,0,0]",[],[],[],"[99,92,69,139,134,84,86,103,126,135,95,71,97,81,136,132,98,85,101,73,94,127,105,125]",[],[],[],[]
39,"RangerActFive",[],"[11,0,0,0,22,0,0,0,91,0,0,0,112,0,0,0,2890,0,0,0,219,0,0,0,220,0,0,0,281,0,0,0,368,0,0,0,369,0,0,0,370,0,0,0,371,0,0,0,378,0,0,0,432,0,0,0,433,0,0,0,534,0,0,0,714,0,0,0,894,0,0,0,1521,0,0,0,1719,0,0,0,1720,0,0,0,1721,0,0,0,1722,0,0,0,1723,0,0,0,1724,0,0,0,1725,0,0,0,1726,0,0,0,1727,0,0,0,1728,0,0,0,1729,0,0,0,1731,0,0,0,1732,0,0,0,1733,0,0,0,1734,0,0,0,1735,0,0,0,1736,0,0,0,1737,0,0,0,1738,0,0,0,1739,0,0,0,1740,0,0,0,1741,0,0,0,1742,0,0,0,1743,0,0,0,1744,0,0,0,1745,0,0,0,1746,0,0,0,1747,0,0,0,1748,0,0,0,1749,0,0,0,1751,0,0,0,1756,0,0,0,1761,0,0,0,1771,0,0,0,1772,0,0,0,1773,0,0,0,1774,0,0,0,1782,0,0,0,1784,0,0,0,1862,0,0,0,1863,0,0,0,1879,0,0,0,1880,0,0,0,1939,0,0,0,1940,0,0,0,2024,0,0,0,2027,0,0,0,2146,0,0,0,2147,0,0,0,2406,0,0,0,2407,0,0,0,2408,0,0,0,2562,0,0,0,2563,0,0,0,2564,0,0,0,2565,0,0,0,2566,0,0,0,2567,0,0,0,2568,0,0,0,2569,0,0,0,2570,0,0,0,2571,0,0,0,2572,0,0,0,2573,0,0,0,2574,0,0,0,2575,0,0,0,2576,0,0,0,2577,0,0,0,2578,0,0,0,2579,0,0,0,2889,0,0,0,2890,0,0,0,2891,0,0,0,2892,0,0,0,2893,0,0,0,2894,0,0,0,2895,0,0,0,2896,0,0,0,2897,0,0,0,2898,0,0,0,2899,0,0,0,2900,0,0,0,2901,0,0,0,2902,0,0,0,2904,0,0,0,2905,0,0,0,2906,0,0]",[],[],[],"[99,92,69,139,134,84,86,103,126,135,95,71,97,81,136,132,98,85,101,73,94,127,105,125]",[],[],[],[]
40,"SorceressActFive",[],"[11,0,0,0,22,0,0,0,91,0,0,0,112,0,0,0,2890,0,0,0,219,0,0,0,220,0,0,0,281,0,0,0,368,0,0,0,369,0,0,0,370,0,0,0,371,0,0,0,378,0,0,0,432,0,0,0,433,0,0,0,534,0,0,0,714,0,0,0,894,0,0,0,1521,0,0,0,1719,0,0,0,1720,0,0,0,1721,0,0,0,1722,0,0,0,1723,0,0,0,1724,0,0,0,1725,0,0,0,1726,0,0,0,1727,0,0,0,1728,0,0,0,1729,0,0,0,1731,0,0,0,1732,0,0,0,1733,0,0,0,1734,0,0,0,1735,0,0,0,1736,0,0,0,1737,0,0,0,1738,0,0,0,1739,0,0,0,1740,0,0,0,1741,0,0,0,1742,0,0,0,1743,0,0,0,1744,0,0,0,1745,0,0,0,1746,0,0,0,1747,0,0,0,1748,0,0,0,1749,0,0,0,1751,0,0,0,1756,0,0,0,1761,0,0,0,1771,0,0,0,1772,0,0,0,1773,0,0,0,1774,0,0,0,1782,0,0,0,1784,0,0,0,1862,0,0,0,1863,0,0,0,1879,0,0,0,1880,0,0,0,1939,0,0,0,1940,0,0,0,2024,0,0,0,2027,0,0,0,2146,0,0,0,2147,0,0,0,2406,0,0,0,2407,0,0,0,2408,0,0,0,2562,0,0,0,2563,0,0,0,2564,0,0,0,2565,0,0,0,2566,0,0,0,2567,0,0,0,2568,0,0,0,2569,0,0,0,2570,0,0,0,2571,0,0,0,2572,0,0,0,2573,0,0,0,2574,0,0,0,2575,0,0,0,2576,0,0,0,2577,0,0,0,2578,0,0,0,2579,0,0,0,2889,0,0,0,2890,0,0,0,2891,0,0,0,2892,0,0,0,2893,0,0,0,2894,0,0,0,2895,0,0,0,2896,0,0,0,2897,0,0,0,2898,0,0,0,2899,0,0,0,2900,0,0,0,2901,0,0,0,2902,0,0,0,2904,0,0,0,2905,0,0,0,2906,0,0]",[],[],[],"[99,92,69,139,134,84,86,103,126,135,95,71,97,81,136,132,98,85,101,73,94,127,105,125]",[],[],[],[]
41,"DuelistActFive",[],"[11,0,0,0,22,0,0,0,91,0,0,0,112,0,0,0,2890,0,0,0,219,0,0,0,220,0,0,0,281,0,0,0,368,0,0,0,369,0,0,0,370,0,0,0,371,0,0,0,378,0,0,0,432,0,0,0,433,0,0,0,534,0,0,0,714,0,0,0,894,0,0,0,1521,0,0,0,1719,0,0,0,1720,0,0,0,1721,0,0,0,1722,0,0,0,1723,0,0,0,1724,0,0,0,1725,0,0,0,1726,0,0,0,1727,0,0,0,1728,0,0,0,1729,0,0,0,1731,0,0,0,1732,0,0,0,1733,0,0,0,1734,0,0,0,1735,0,0,0,1736,0,0,0,1737,0,0,0,1738,0,0,0,1739,0,0,0,1740,0,0,0,1741,0,0,0,1742,0,0,0,1743,0,0,0,1744,0,0,0,1745,0,0,0,1746,0,0,0,1747,0,0,0,1748,0,0,0,1749,0,0,0,1751,0,0,0,1756,0,0,0,1761,0,0,0,1771,0,0,0,1772,0,0,0,1773,0,0,0,1774,0,0,0,1782,0,0,0,1784,0,0,0,1862,0,0,0,1863,0,0,0,1879,0,0,0,1880,0,0,0,1939,0,0,0,1940,0,0,0,2024,0,0,0,2027,0,0,0,2146,0,0,0,2147,0,0,0,2406,0,0,0,2407,0,0,0,2408,0,0,0,2562,0,0,0,2563,0,0,0,2564,0,0,0,2565,0,0,0,2566,0,0,0,2567,0,0,0,2568,0,0,0,2569,0,0,0,2570,0,0,0,2571,0,0,0,2572,0,0,0,2573,0,0,0,2574,0,0,0,2575,0,0,0,2576,0,0,0,2577,0,0,0,2578,0,0,0,2579,0,0,0,2889,0,0,0,2890,0,0,0,2891,0,0,0,2892,0,0,0,2893,0,0,0,2894,0,0,0,2895,0,0,0,2896,0,0,0,2897,0,0,0,2898,0,0,0,2899,0,0,0,2900,0,0,0,2901,0,0,0,2902,0,0,0,2904,0,0,0,2905,0,0,0,2906,0,0]",[],[],[],"[99,92,69,139,134,84,86,103,126,135,95,71,97,81,136,132,98,85,101,73,94,127,105,125]",[],[],[],[]
42,"ShadowActFive",[],"[11,0,0,0,22,0,0,0,91,0,0,0,112,0,0,0,2890,0,0,0,219,0,0,0,220,0,0,0,281,0,0,0,368,0,0,0,369,0,0,0,370,0,0,0,371,0,0,0,378,0,0,0,432,0,0,0,433,0,0,0,534,0,0,0,714,0,0,0,894,0,0,0,1521,0,0,0,1719,0,0,0,1720,0,0,0,1721,0,0,0,1722,0,0,0,1723,0,0,0,1724,0,0,0,1725,0,0,0,1726,0,0,0,1727,0,0,0,1728,0,0,0,1729,0,0,0,1731,0,0,0,1732,0,0,0,1733,0,0,0,1734,0,0,0,1735,0,0,0,1736,0,0,0,1737,0,0,0,1738,0,0,0,1739,0,0,0,1740,0,0,0,1741,0,0,0,1742,0,0,0,1743,0,0,0,1744,0,0,0,1745,0,0,0,1746,0,0,0,1747,0,0,0,1748,0,0,0,1749,0,0,0,1751,0,0,0,1756,0,0,0,1761,0,0,0,1771,0,0,0,1772,0,0,0,1773,0,0,0,1774,0,0,0,1782,0,0,0,1784,0,0,0,1862,0,0,0,1863,0,0,0,1879,0,0,0,1880,0,0,0,1939,0,0,0,1940,0,0,0,2024,0,0,0,2027,0,0,0,2146,0,0,0,2147,0,0,0,2406,0,0,0,2407,0,0,0,2408,0,0,0,2562,0,0,0,2563,0,0,0,2564,0,0,0,2565,0,0,0,2566,0,0,0,2567,0,0,0,2568,0,0,0,2569,0,0,0,2570,0,0,0,2571,0,0,0,2572,0,0,0,2573,0,0,0,2574,0,0,0,2575,0,0,0,2576,0,0,0,2577,0,0,0,2578,0,0,0,2579,0,0,0,2889,0,0,0,2890,0,0,0,2891,0,0,0,2892,0,0,0,2893,0,0,0,2894,0,0,0,2895,0,0,0,2896,0,0,0,2897,0,0,0,2898,0,0,0,2899,0,0,0,2900,0,0,0,2901,0,0,0,2902,0,0,0,2904,0,0,0,2905,0,0,0,2906,0,0]",[],[],[],"[99,92,69,139,134,84,86,103,126,135,95,71,97,81,136,132,98,85,101,73,94,127,105,125]",[],[],[],[]
43,"MonkActFive",[],"[11,0,0,0,22,0,0,0,91,0,0,0,112,0,0,0,2890,0,0,0,219,0,0,0,220,0,0,0,281,0,0,0,368,0,0,0,369,0,0,0,370,0,0,0,371,0,0,0,378,0,0,0,432,0,0,0,433,0,0,0,534,0,0,0,714,0,0,0,894,0,0,0,1521,0,0,0,1719,0,0,0,1720,0,0,0,1721,0,0,0,1722,0,0,0,1723,0,0,0,1724,0,0,0,1725,0,0,0,1726,0,0,0,1727,0,0,0,1728,0,0,0,1729,0,0,0,1731,0,0,0,1732,0,0,0,1733,0,0,0,1734,0,0,0,1735,0,0,0,1736,0,0,0,1737,0,0,0,1738,0,0,0,1739,0,0,0,1740,0,0,0,1741,0,0,0,1742,0,0,0,1743,0,0,0,1744,0,0,0,1745,0,0,0,1746,0,0,0,1747,0,0,0,1748,0,0,0,1749,0,0,0,1751,0,0,0,1756,0,0,0,1761,0,0,0,1771,0,0,0,1772,0,0,0,1773,0,0,0,1774,0,0,0,1782,0,0,0,1784,0,0,0,1862,0,0,0,1863,0,0,0,1879,0,0,0,1880,0,0,0,1939,0,0,0,1940,0,0,0,2024,0,0,0,2027,0,0,0,2146,0,0,0,2147,0,0,0,2406,0,0,0,2407,0,0,0,2408,0,0,0,2562,0,0,0,2563,0,0,0,2564,0,0,0,2565,0,0,0,2566,0,0,0,2567,0,0,0,2568,0,0,0,2569,0,0,0,2570,0,0,0,2571,0,0,0,2572,0,0,0,2573,0,0,0,2574,0,0,0,2575,0,0,0,2576,0,0,0,2577,0,0,0,2578,0,0,0,2579,0,0,0,2889,0,0,0,2890,0,0,0,2891,0,0,0,2892,0,0,0,2893,0,0,0,2894,0,0,0,2895,0,0,0,2896,0,0,0,2897,0,0,0,2898,0,0,0,2899,0,0,0,2900,0,0,0,2901,0,0,0,2902,0,0,0,2904,0,0,0,2905,0,0,0,2906,0,0]",[],[],[],"[99,92,69,139,134,84,86,103,126,135,95,71,97,81,136,132,98,85,101,73,94,127,105,125]",[],[],[],[]
44,"WarriorGamepadPremade",[],"[11,0,0,0,22,0,0,0,91,0,0,0,112,0,0,0,2890,0,0,0,219,0,0,0,220,0,0,0,281,0,0,0,368,0,0,0,369,0,0,0,370,0,0,0,371,0,0,0,378,0,0,0,432,0,0,0,433,0,0,0,534,0,0,0,714,0,0,0,894,0,0,0,1521,0,0,0,1719,0,0,0,1720,0,0,0,1721,0,0,0,1722,0,0,0,1723,0,0,0,1724,0,0,0,1725,0,0,0,1726,0,0,0,1727,0,0,0,1728,0,0,0,1729,0,0,0,1731,0,0,0,1732,0,0,0,1733,0,0,0,1734,0,0,0,1735,0,0,0,1736,0,0,0,1737,0,0,0,1738,0,0,0,1739,0,0,0,1740,0,0,0,1741,0,0,0,1742,0,0,0,1743,0,0,0,1744,0,0,0,1745,0,0,0,1746,0,0,0,1747,0,0,0,1748,0,0,0,1749,0,0,0,1751,0,0,0,1756,0,0,0,1761,0,0,0,1771,0,0,0,1772,0,0,0,1773,0,0,0,1774,0,0,0,1782,0,0,0,1784,0,0,0,1862,0,0,0,1863,0,0,0,1879,0,0,0,1880,0,0,0,1939,0,0,0,1940,0,0,0,2021,0,0,0,2024,0,0,0,2027,0,0,0,2146,0,0,0,2147,0,0,0,2406,0,0,0,2407,0,0,0,2408,0,0,0,2562,0,0,0,2563,0,0,0,2564,0,0,0,2565,0,0,0,2566,0,0,0,2567,0,0,0,2568,0,0,0,2569,0,0,0,2570,0,0,0,2571,0,0,0,2572,0,0,0,2573,0,0,0,2574,0,0,0,2575,0,0,0,2576,0,0,0,2577,0,0,0,2578,0,0,0,2579,0,0,0,2889,0,0,0,2890,0,0,0,2891,0,0,0,2892,0,0,0,2893,0,0,0,2894,0,0,0,2895,0,0,0,2896,0,0,0,2897,0,0,0,2898,0,0,0,2899,0,0,0,2900,0,0,0,2901,0,0,0,2902,0,0,0,2904,0,0,0,2905,0,0,0,2906]",[],[],[],"[99,92,69,139,134,84,86,103,126,135,95,71,97,81,136,132,98,85,101,73,94,127,105,125]",[],[],[],[]
45,"MercGamepadPremade",[],"[11,0,0,0,22,0,0,0,91,0,0,0,112,0,0,0,2890,0,0,0,219,0,0,0,220,0,0,0,281,0,0,0,368,0,0,0,369,0,0,0,370,0,0,0,371,0,0,0,432,0,0,0,433,0,0,0,534,0,0,0,714,0,0,0,894,0,0,0,1719,0,0,0,1720,0,0,0,1721,0,0,0,1722,0,0,0,1723,0,0,0]",[],[],[],[],[],[],[],[]
46,"RangerTemplesPremade",[],"[11,0,0,0,22,0,0,0,91,0,0,0,112,0,0,0,2890,0,0,0,219,0,0,0,220,0,0,0,281,0,0,0,368,0,0,0,369,0,0,0,370,0,0,0,371,0,0,0,432,0,0,0,433,0,0,0,534,0,0,0,644,0,0,0,714,0,0]",[],[],[],[],[],[],[],[]
47,"WarriorCroneFight",[],"[22,0,0,0,219,0,0,0,281,0,0,0,534,0,0,0,894,0,0,0,2021,0]",[],[],[],[69],[],[],[],[]
48,"SorceressHusbandFight",[],"[22,0,0,0,219,0,0,0,220,0,0,0,281,0,0,0,534,0,0,0,894,0,0,0,1521]",[],[],[],[69],[],[],[],[]
49,"DemoWitch",[],"[11,0,0,0,22,0,0,0,112,0,0,0,219,0,0,0,281,0,0,0,371,0,0,0,534,0,0,0,644,0,0,0,894,0,0,0,1521,0,0,0,1524,0,0,0,1525,0,0,0,1527,0,0,0,1771,0,0,0,1779,0,0,0,1862,0,0,0,1903,0,0,0,4839,0,0,0,4840,0,0,0,4841,0,0,0,2673,0,0,0,2679,0,0,0,2681,0,0,0,2682,0,0,0,2683,0,0,0,2889,0,0,0,2890,0,0,0,2891,0,0,0,2892,0,0,0,2893,0,0,0,2894,0,0,0,2895,0,0,0,2896,0,0,0,2897,0,0,0,2898,0,0,0,2900,0,0,0,2902,0,0,0,2903,0,0,0,2904,0,0,0,2905,0,0,0,2906,0,0,0,2907,0,0,0,2908,0,0,0,2909,0,0,0,2911,0,0,0,2912,0,0,0,2913,0,0,0,2914,0,0,0,2915,0,0,0,2916,0,0,0,2917,0,0,0,2918,0,0,0,2922,0,0]",[],[],[],"[75,78,99,92,69,74,84,86,103,96,93,95,104,77,83,88,71,80,97,102,98,85,101,73,94,76,82,87,89]",[],[],[],[]
50,"PKTest",[],"[11,0,0,0,22,0,0,0,219,0,0,0,220,0,0,0,281,0,0,0,534,0,0,0,1520,0,0,0,1521,0,0,0,1862,0,0,0,2562,0,0,0,2563,0,0,0,2564,0,0,0,2565,0,0,0,2566,0,0,0,2567,0,0,0,2568,0,0,0,2569,0]",[],[],[],[86],[],[],[],[]
51,"NewWarriorSkills",[],"[11,0,0,0,91,0,0,0,112,0,0,0,219,0,0,0,281,0,0,0,368,0,0,0,369,0,0,0,370,0,0,0,371,0,0,0,432,0,0,0,433,0,0,0,534,0,0,0,714,0,0,0,894,0,0,0,1719,0,0,0,1720,0,0,0,1721,0,0,0,1722,0,0,0,1723,0,0,0,1724,0,0,0,1725,0,0,0,1726,0,0,0,1727,0,0,0,1728,0,0,0,1729,0,0,0,1731,0,0,0,1732]",[],[],[],[69],[],[],[],[]
52,"GamescomWarrior",[],"[11,0,0,0,22,0,0,0,112,0,0,0,219,0,0,0,281,0,0,0,534,0,0,0,644,0,0,0,894,0,0,0,1521,0,0,0,1759,0,0,0,1760,0,0,0,1771,0,0,0,1862,0,0,0,2021,0,0,0,2889,0,0,0,2890,0,0,0,2891,0,0,0,2892,0,0,0,2893,0]",[],[],[],"[75,69,74,71,73,76]",[],[],[],[]
53,"GamescomWitch",[],"[11,0,0,0,22,0,0,0,219,0,0,0,281,0,0,0,370,0,0,0,534,0,0,0,1520,0,0,0,1521,0,0,0,1759,0,0,0,1760,0,0,0,1779,0,0,0,1862,0]",[],[],[],[69],[],[],[],[]
54,"GamescomSorceress",[],"[11,0,0,0,22,0,0,0,112,0,0,0,219,0,0,0,281,0,0,0,1521,0,0,0,1524,0,0,0,1525,0,0,0,1527,0,0,0,1759,0,0,0,1760,0,0,0,1771,0,0,0,1773,0,0,0,1862,0,0,0,2021,0,0,0,2365,0,0,0,2673,0,0,0,2679,0,0,0,2682,0,0,0,2683,0,0,0,2889,0,0,0,2890,0,0,0,2891,0,0,0,2892,0,0,0,2893,0,0,0,2894,0,0,0,2895,0,0,0,2896,0,0,0,2897,0,0,0,2898,0,0,0,2900,0,0,0,2901,0,0,0,2902,0,0,0,2903,0,0,0,2904,0,0,0,2905,0,0,0,2906,0,0,0,2907,0,0,0,2908,0,0,0,2909,0,0,0,2917,0,0,0,2918,0,0,0,2924,0,0,0,2925,0]",[],[],[],"[75,78,69,84,86,77,83,71,80,81,85,73,76,82,87,89]",[],[],[],[]
55,"GamescomRanger",[],"[11,0,0,0,22,0,0,0,112,0,0,0,219,0,0,0,220,0,0,0,281,0,0,0,432,0,0,0,534,0,0,0,1520,0,0,0,1521,0,0,0,1524,0,0,0,1525,0,0,0,1759,0,0,0,1760,0,0,0,1771,0,0,0,1772,0,0,0,1773,0,0,0,1862,0,0,0,2021,0,0,0,2365,0,0,0,2673,0,0,0,2679,0,0,0,2680,0,0,0,2682,0,0,0,2889,0,0,0,2890,0,0,0,2891,0,0,0,2892,0,0,0,2893,0,0,0,2894,0,0,0,2895,0,0,0,2896,0,0,0,2897,0,0,0,2898,0,0,0,2900,0,0,0,2901,0,0,0,2902,0,0,0,2903,0,0,0,2904,0,0,0,2905,0,0,0,2906,0,0,0,2907,0,0,0]",[],[],[],"[75,78,69,84,86,103,104,77,83,71,80,81,85,73,76,82,87]",[],[],[],[]
56,"GamescomMercenary",[],"[11,0,0,0,22,0,0,0,112,0,0,0,219,0,0,0,281,0,0,0,534,0,0,0,894,0,0,0,1520,0,0,0,1521,0,0,0,1759,0,0,0,1760,0,0,0,1771,0,0,0,1862,0,0,0,2021,0,0,0,2365,0,0,0,2562,0,0,0,2563,0,0,0,2564,0,0,0,2565,0,0,0,2566,0,0,0,2567,0,0,0,2568,0,0,0,2569,0,0,0,2570,0,0,0,2571,0,0,0,2572,0,0,0,2573,0,0,0,2574,0,0,0,2575,0,0,0,2576,0,0,0,2577,0,0,0,2578,0,0,0,2579]",[],[],[],"[75,78,69,77,71,80,73,76]",[],[],[],[]
57,"GamescomMonk",[],"[11,0,0,0,22,0,0,0,112,0,0,0,219,0,0,0,281,0,0,0,534,0,0,0,644,0,0,0,1520,0,0,0,1521,0,0,0,1524,0,0,0,1525,0,0,0,1527,0,0,0,1759,0,0,0,1760,0,0,0,1771,0,0,0,1862,0,0,0,2021,0,0,0,2365,0,0,0,2673,0,0,0,2679,0,0,0,2682,0,0,0,2683,0,0,0,2889,0,0,0,2890,0,0,0,2891,0,0,0,2892,0,0,0,2893,0,0,0,2894,0,0,0,2895,0,0,0,2896,0,0,0,2897,0,0,0,2898,0,0,0,2900,0,0,0,2901,0,0,0,2902,0,0,0,2903,0,0,0,2904,0,0,0,2905,0,0,0,2906,0,0,0,2907,0,0,0,2908,0,0,0,2909,0,0,0,2913,0,0,0,2917,0,0,0,2918,0,0,0,2924,0,0]",[],[],[],"[75,69,74,84,86,103,104,77,88,71,80,97,85,73,76,87,89]",[],[],[],[]
58,"WarriorDemoGamescom",[],"[11,0,0,0,22,0,0,0,219,0,0,0,220,0,0,0,281,0,0,0,534,0,0,0,894,0,0,0,1521,0,0,0,1759,0,0,0]",[],[],[],[69],[],[],[],[]
59,"StoryMercenaryStageDemo",[],"[11,0,0,0,22,0,0,0,112,0,0,0,219,0,0,0,281,0,0,0,534,0,0,0,644,0,0,0,894,0,0,0,1521,0,0,0,1524,0,0,0,1525,0,0,0,1527,0,0,0,1759,0,0,0,1760,0,0,0,1771,0,0,0,1772,0,0,0,1862,0,0,0,1903,0,0,0,2021,0,0,0,2365,0,0,0,2673,0,0,0,2679,0,0,0,2682,0,0,0,2683,0,0,0,2690,0,0,0,2736,0,0,0,2889,0,0,0,2890,0,0,0,2891,0,0,0,2893,0,0,0,2894,0,0,0,2895,0,0,0,2896,0,0,0,2897,0,0,0,2898,0,0,0,2900,0,0,0,2901,0,0,0,2902,0,0,0,2903,0,0,0,2904,0,0,0,2905,0,0,0,2906,0,0,0,2907,0,0,0,2908,0,0,0,2909,0,0,0,2911,0,0,0,2912,0,0,0,2913,0,0,0,2914,0,0,0,2915,0,0,0,2917,0,0,0,2918,0,0,0,2922,0,0,0,2924,0,0,0,2925,0,0,0,2933,0,0,0,2934,0,0]",[],[],[],"[75,78,99,69,84,86,96,95,104,77,83,88,71,80,97,102,85,73,94,76,87,89]",[],[],[],[]
60,"StorySorcStageDemo",[],"[11,0,0,0,22,0,0,0,112,0,0,0,219,0,0,0,281,0,0,0,432,0,0,0,534,0,0,0,894,0,0,0,1520,0,0,0,1521,0,0,0,1523,0,0,0,1524,0,0,0,1525,0,0,0,1527,0,0,0,1759,0,0,0,1760,0,0,0,1771,0,0,0,1772,0,0,0,1862,0,0,0,1903,0,0,0,2163,0,0,0,2165,0,0,0,2365,0,0,0,2673,0,0,0,2679,0,0,0,2681,0,0,0,2682,0,0,0,2683,0,0,0,2690,0,0,0,2889,0,0,0,2890,0,0,0,2891,0,0,0,2892,0,0,0,2893,0,0,0,2894,0,0,0,2895,0,0,0,2896,0,0,0,2897,0,0,0,2898,0,0,0,2900,0,0,0,2901,0,0,0,2902,0,0,0,2903,0,0,0,2904,0,0,0,2905,0,0,0,2906,0,0,0,2907,0,0,0,2908,0,0,0,2909,0,0,0,2911,0,0,0,2912,0,0,0,2913,0,0,0,2914,0,0,0,2915,0,0,0,2916,0,0,0,2917,0,0,0,2918,0,0,0,2920,0,0,0,2921,0,0,0,2922,0,0,0,2923,0,0,0,2924,0,0,0,2925,0,0,0,2926,0,0,0,2927,0,0,0,2929,0,0,0,2931,0,0,0,2932,0,0,0,2933,0,0,0,2934,0,0,0,2935,0,0,0,2936,0,0,0,2940,0,0,0,2941,0,0,0,2942,0,0,0,2944,0,0,0,2947,0,0,0,2948,0,0,0,2951,0,0,0,2952,0,0,0,2957,0,0,0,2961,0,0,0,2962,0,0,0,2964,0,0,0,2972,0,0,0,2977,0,0,0,2980,0,0,0,2985,0,0,0,2987,0,0,0,2991,0,0,0,2994,0,0,0,3000,0,0,0,3002,0,0,0,3003,0,0,0,3004,0,0,0,3005]",[],[],[],"[151,75,152,78,99,154,180,92,69,171,139,160,165,134,133,84,172,161,86,157,126,96,162,93,145,135,95,104,77,83,164,88,129,150,71,155,80,97,102,166,132,107,85,106,73,153,174,94,76,108,144,127,125,146,163,87,89]","[11,22,91,112,219,220,281,368,369,370,371,432,433,644,714,894,1521,1524,1525,1527,1719,1720,1721,1722,1723,1724,1725,1726,1727,1728,1729,1731,1732,1733,1734,1735,1736,1737,1738,1739,1740,1741,1742,1743,1744,1745,1746,1747,1748,1749,1751,1756,1759,1760,1761,1771,1772,1776,1784,1862,1863,1879,1880,1899,1939,1940,2021,2024,2027,2146,2147,2673,2679,2682,2683,2690,2691,2692,2693,2721,2722,2723,2724,2736,2889,2890,2891,2893,2894,2895,2896,2897,2898,2900,2901,2902,2903,2904,2905,2906,2907,2908,2909,2911,2912,2913,2914,2917,2918,2924,2925,2934,2935,2936,2941,2942,2944,2947,2948,2951,2952,2957,2961,2964,2972,2977,2980,2987,2994,3000,3002,3003,3004,3005,3020,3031,3050,3051,3052,3053,3081,3083,3088,3148,3150,3151,3152,3154,3155,3163,3169,3170,3174,3186,3188,3199,3212,3225,3340,3344,3353,3416,3455,3456,3461,3486,3586,3636,3637,3702,3703,3704,3722,3733,4018,4321,4322,4323,4324,4335,4339,4341,4385,4387,4395,4398,4400,4401,4527,4529,4531,4533,4536,4554,4555,4561,4562,4568,4569,4572,4573,4577,4578,4592,4593,4594,4595,4597,4599,4600,4601,4602,4604,4613,4621,4635,4636,4638,4641,4669,4690,4694,4696,4701,4705,4707,4710,4711,4712,4713,4714,4715,4716,4717,4718,4719,4750,4751,4760,4764,4766,4767,4768,4799,4801,4839,4840,4851,4938,4939,4943,4946,4989,4995]",[],[],[]
61,"UltimatumMercStageDemo",[],"[11,0,0,0,22,0,0,0,112,0,0,0,219,0,0,0,281,0,0,0,432,0,0,0,534,0,0,0,894,0,0,0,1523,0,0,0,1524,0,0,0,1525,0,0,0,1527,0,0,0,1759,0,0,0,1760,0,0,0,1771,0,0,0,1772,0,0,0,1862,0,0,0,1899,0,0,0,1903,0,0,0,2021,0,0,0,2163,0,0,0,2164,0,0,0,2166,0,0,0,2673,0,0,0,2679,0,0,0,2682,0,0,0,2683,0,0,0,2690,0,0,0,2724,0,0,0,2889,0,0,0,2890,0,0,0,2891,0,0,0,2893,0,0,0,2894,0,0,0,2895,0,0,0,2896,0,0,0,2897,0,0,0,2898,0,0,0,2900,0,0,0,2902,0,0,0,2903,0,0,0,2904,0,0,0,2905,0,0,0,2906,0,0,0,2907,0,0,0,2908,0,0,0,2909,0,0,0,2917,0,0,0,2918,0,0,0,2920,0,0,0,2922,0,0,0,2923,0,0,0,2924,0,0,0,2925,0,0,0,2933,0,0,0,2934,0,0,0,2935,0,0]",[],[],[],"[75,78,131,69,138,84,86,126,104,77,83,88,129,71,80,102,132,107,85,106,73,76,127,82,125,87,89]",[],[],[],[]
62,"StoryWitchStageDemo",[],"[11,0,0,0,22,0,0,0,112,0,0,0,219,0,0,0,281,0,0,0,432,0,0,0,534,0,0,0,644,0,0,0,894,0,0,0,1521,0,0,0,1524,0,0,0,1525,0,0,0,1759,0,0,0,1760,0,0,0,1771,0,0,0,1772,0,0,0,1779,0,0,0,1862,0,0,0,2365,0,0,0,2673,0,0,0,2679,0,0,0,2682,0,0,0,2889,0,0,0,2890,0,0,0,2891,0,0,0,2893,0,0,0,2894,0,0,0,2895,0,0,0,2896,0,0,0,2897,0,0,0,2898,0,0,0,2900,0,0,0,2901,0,0,0,2902,0,0,0,2903,0,0,0,2904,0,0,0,2905,0,0,0,2906,0,0,0,2907,0,0,0,2908,0,0,0,2909,0,0]",[],[],[],"[75,78,69,84,86,104,77,83,88,71,80,85,73,76,87,89]",[],[],[],[]
63,"EndgameMercStageDemo",[],"[11,0,0,0,22,0,0,0,59,0,0,0,60,0,0,0,91,0,0,0,112,0,0,0,219,0,0,0,220,0,0,0,281,0,0,0,368,0,0,0,369,0,0,0,370,0,0,0,371,0,0,0,432,0,0,0,433,0,0,0,534,0,0,0,714,0,0,0,894,0,0,0,1521,0,0,0,1523,0,0,0,1524,0,0,0,1525,0,0,0,1527,0,0,0,1719,0,0,0,1720,0,0,0,1721,0,0,0,1722,0,0,0,1723,0,0,0,1724,0,0,0,1725,0,0,0,1726,0,0,0,1727,0,0,0,1728,0,0,0,1729,0,0,0,1731,0,0,0,1732,0,0,0,1733,0,0,0,1734,0,0,0,1735,0,0,0,1736,0,0,0,1737,0,0,0,1738,0,0,0,1739,0,0,0,1740,0,0,0,1741,0,0,0,1742,0,0,0,1743,0,0,0,1744,0,0,0,1745,0,0,0,1746,0,0,0,1747,0,0,0,1748,0,0,0,1749,0,0,0,1751,0,0,0,1756,0,0,0,1759,0,0,0,1760,0,0,0,1761,0,0,0,1771,0,0,0,1772,0,0,0,1774,0,0,0,1776,0,0,0,1783,0,0,0,1784,0,0,0,1862,0,0,0,1863,0,0,0,1879,0,0,0,1880,0,0,0,1899,0,0,0,1903,0,0,0,1939,0,0,0,1940,0,0,0,2024,0,0,0,2027,0,0,0,2146,0,0,0,2147,0,0,0,2164,0,0,0,2166,0,0,0,2173,0,0,0,2174,0,0,0,2332,0,0,0,2333,0,0,0,2336,0,0,0,2337,0,0,0,2338,0,0,0,2339,0,0,0,2340,0,0,0,2341,0,0,0,2342,0,0,0,2355,0,0,0,2356,0,0,0,2357,0,0,0,2673,0,0,0,2679,0,0,0,2680,0,0,0,2682,0,0,0,2683,0,0,0,2686,0,0,0,2687,0,0,0,2688,0,0,0,2689,0,0,0,2690,0,0,0,2691,0,0,0,2692,0,0,0,2693,0,0,0,2721,0,0,0,2722,0,0,0,2723,0,0,0,2724,0,0,0,2730,0,0,0,2731,0,0,0,2732,0,0,0,2733,0,0,0,2734,0,0,0,2735,0,0,0,2889,0,0,0,2890,0,0,0,2891,0,0,0,2892,0,0,0,2893,0,0,0,2894,0,0,0,2895,0,0,0,2896,0,0,0,2897,0,0,0,2898,0,0,0,2899,0,0,0,2900]",[],[],[],"[148,196,194,199,151,141,173,75,152,201,78,99,154,180,131,185,92,69,179,74,192,171,139,160,138,165,134,133,84,202,172,161,86,195,103,157,200,126,96,162,93,193,145,135,142,158,182,95,104,77,83,164,88,129,150,71,169,178,155,170,183,80,143,97,81,102,136,166,188,132,98,107,191,85,175,106,101,190,184,73,181,153,174,177,94,76,159,108,144,186,127,105,82,125,146,163,87,176,89,197]","[59,1523,1524,1525,1527,2164,2332,2333,2336,2337,2338,2339,2340,2341,2342,2355,2356,2357,2680,2683,2686,2687,2688,2689,2691,2730,2731,2732,2733,2734,2735,2889,2890,2891,2892,2893,2894,2895,2896,2897,2898,2899,2900,2901,2902,2903,2904,2905,2906,2907,2908,2909,2911,2912,2913,2914,2915,2916,2917,2918,2919,2920,2921,2922,2923,2925,2929,2931,2934,2935,2936,2940,2941,2957,2958,2961,2964,2972,2977,2980,2987,2995,3000,3002,3015,3051,3148,3152,3159,3160,3161,3162,3163,3174,3186,3188,3212,3213,3456,3461,3586,3640,3641,3642,3724,3725,3733,3735,3738,3741,3744,3750,3751,3752,3753,3754,3756,3765,3767,3768,3769,3770,3778,3781,3783,3785,3803,3804,3806,3807,3808,3809,3810,3811,3812,3818,3848,3853,3854,3861,3862,3863,3864,3865,3866,3867,3868,3869,3870,3871,3872,3873,3874,3875,3876,3877,3878,3879,3885,3886,3887,3888,3889,3890,3907,3916,3917,3971,3972,3973,3974,3975,3976,3977,3978,3979,3980,3981,3982,3983,3984,3985,3986,3987,3988,3989,3999,4066,4073,4101,4102,4103,4104,4105,4106,4107,4108,4125,4131,4188,4281,4322,4324,4333,4335,4337,4339,4341,4347,4451,4455,4466,4476,4478,4531,4539,4543,4555,4564,4565,4568,4571,4573,4576,4577,4578,4579,4582,4586,4621,4637,4644,4647,4650,4661,4662,4664,4666,4677,4678,4682,4686,4688,4701,4705,4710,4714,4718,4720,4753,4755,4771,4773,4774,4775,4776,4781,4782,4783,4784,4787,4788,4790,4791,4792,4793,4795,4797,4798,4817,4819,4824,4826,4827,4829,4830,4831,4845,4849,4851,4852,4869,4873,4882,4898,4900,4911,4916,4938,4943,4977,4978,4987]",[],[],[]
64,"SanctumWitchStageDemo",[],"[11,0,0,0,22,0,0,0,112,0,0,0,219,0,0,0,281,0,0,0,534,0,0,0,644,0,0,0,894,0,0,0,1521,0,0,0,1524,0,0,0,1525,0,0,0,1759,0,0,0,1760,0,0,0,1771,0,0,0,1772,0,0,0,1774,0,0,0,1776,0,0,0,1779,0,0,0,1862,0,0,0,2161,0,0,0,2365,0,0,0,2673,0,0,0,2679,0,0,0,2680,0,0,0,2682,0,0,0,2889,0,0,0,2890,0,0,0,2891,0,0,0,2893,0,0,0,2894,0,0,0,2895,0,0,0,2896,0,0,0,2897,0,0,0,2898,0,0,0,2900,0,0,0,2901,0,0,0,2902,0,0,0,2903,0,0,0,2904,0,0,0,2905,0,0,0,2906,0,0,0,2907,0,0,0,2908,0,0,0,2917,0,0,0,2918]",[],[],[],"[75,69,84,86,104,77,83,88,71,80,85,73,76,108,87]",[],[],[],[]
65,"StoryRangerStageDemo",[],"[11,0,0,0,22,0,0,0,112,0,0,0,219,0,0,0,281,0,0,0,534,0,0,0,644,0,0,0,1521,0,0,0,1523,0,0,0,1524,0,0,0,1525,0,0,0,1527,0,0,0,1759,0,0,0,1760,0,0,0,1771,0,0,0,1772,0,0,0,1776,0,0,0,1862,0,0,0,1903,0,0,0,2365,0,0,0,2672,0,0,0,2673,0,0,0,2679,0,0,0,2682,0,0,0,2683,0,0,0,2690,0,0,0,2736,0,0,0,2889,0,0,0,2890,0,0,0,2891,0,0,0,2893,0,0,0,2894,0,0,0,2895,0,0,0,2896,0,0,0,2897,0,0,0,2898,0,0,0,2900,0,0,0,2901,0,0,0,2902,0,0,0,2903,0,0,0,2904,0,0,0,2905,0,0,0,2906,0,0,0,2907,0,0,0,2908,0,0,0,2909,0,0,0,2911,0,0,0,2912,0,0,0,2913,0,0,0,2914,0,0,0,2915,0,0,0,2917,0,0,0,2918,0,0,0,2920,0,0,0,2921,0,0,0,2922,0,0,0,2923,0,0,0,2924,0,0,0,2925,0,0,0,2933,0,0,0,2934,0,0,0,2935,0,0,0,2936,0,0,0,2940,0,0,0,2941,0,0,0,2942]",[],[],[],"[75,78,99,92,69,84,86,126,96,95,104,77,83,88,71,80,97,102,107,85,73,94,76,125,87,89]",[],[],[],[]
66,"StoryMonkStageDemo",[],"[11,0,0,0,22,0,0,0,112,0,0,0,219,0,0,0,281,0,0,0,432,0,0,0,534,0,0,0,1524,0,0,0,1527,0,0,0,1759,0,0,0,1760,0,0,0,1771,0,0,0,1772,0,0,0,1862,0,0,0,2021,0,0,0,2365,0,0,0,2673,0,0,0,2679,0,0,0,2680,0,0,0,2681,0,0,0,2682,0,0,0,2683,0,0,0,2889,0,0,0,2890,0,0,0,2891,0,0,0,2892,0,0,0,2893,0,0,0,2894,0,0,0,2895,0,0,0,2896,0,0,0,2897,0,0,0,2898,0,0,0,2900,0,0,0,2901,0,0,0,2902,0,0,0,2903,0,0,0,2904,0,0,0,2905,0,0,0,2906,0,0,0,2907,0,0,0,2908,0,0,0,2909,0,0,0,2911,0,0,0,2917,0,0,0,2918,0,0,0,2924,0,0,0,2925,0,0,0,2926]",[],[],[],"[75,78,69,84,86,103,95,104,77,83,88,71,80,85,73,76,87,89]",[],[],[],[]
67,"StoryWarriorStageDemo",[],"[11,0,0,0,22,0,0,0,112,0,0,0,219,0,0,0,220,0,0,0,281,0,0,0,432,0,0,0,534,0,0,0,644,0,0,0,894,0,0,0,1521,0,0,0,1523,0,0,0,1524,0,0,0,1525,0,0,0,1527,0,0,0,1759,0,0,0,1760,0,0,0,1771,0,0,0,1772,0,0,0,1776,0,0,0,1862,0,0,0,1903,0,0,0,2021,0,0,0,2163,0,0,0,2165,0,0,0,2365,0,0,0,2673,0,0,0,2679,0,0,0,2681,0,0,0,2682,0,0,0,2683,0,0,0,2690,0,0,0,2691,0,0,0,2721,0,0,0,2724,0,0,0,2889,0,0,0,2890,0,0,0,2891,0,0,0,2892,0,0,0,2893,0,0,0,2894,0,0,0,2895,0,0,0,2896,0,0,0,2897,0,0,0,2898,0,0,0,2900,0,0,0,2901,0,0,0,2902,0,0,0,2903,0,0,0,2904,0,0,0,2905,0,0,0,2906,0,0,0,2907,0,0,0,2908,0,0,0,2909,0,0,0,2911,0,0,0,2912,0,0,0,2913,0,0,0,2914,0,0,0,2915,0,0,0,2916,0,0,0,2917,0,0,0,2918,0,0,0,2920,0,0,0,2921,0,0,0,2922,0,0,0,2923,0,0,0,2924,0,0,0,2925,0,0,0,2926,0,0,0,2927,0,0,0,2929,0,0,0,2931,0,0,0,2932,0,0,0,2933,0,0,0,2934,0,0,0,2935,0,0,0,2936,0,0,0,2940,0,0,0,2941,0,0,0,2942,0,0,0,2944,0,0,0,2947,0,0,0,2948,0,0,0,2951,0,0,0,2952,0,0,0,2957,0,0,0,2961,0,0,0,2962,0,0,0,2964,0,0,0,2972,0,0,0,2977,0,0,0,2980,0,0,0,2985,0,0,0,2987,0,0,0,2991,0,0,0,2994,0,0]",[],[],[],"[151,75,152,78,99,154,92,69,139,160,134,133,84,86,157,126,96,93,145,135,95,104,77,83,88,129,150,71,155,80,97,102,132,107,85,106,73,153,94,76,108,144,127,125,146,87,89]","[11,22,91,112,219,220,281,368,369,370,371,432,433,644,714,894,1521,1719,1720,1721,1722,1723,1724,1725,1726,1727,1728,1729,1731,1732,1733,1734,1735,1736,1737,1738,1739,1740,1741,1742,1743,1744,1745,1746,1747,1748,1749,1751,1756,1759,1760,1761,1771,1772,1776,1784,1862,1863,1879,1880,1939,1940,2024,2027,2146,2147,2691,2692,2721,2722,2889,2890,2891,2893,2894,2895,2896,2897,2898,2900,2901,2902,2903,2924,2925,2934,2935,2936,2941,2942,2944,2947,2948,2951,2952,2957,2961,2964,2972,2977,2980,2987,3004,3005,3020,3050,3051,3052,3088,3154,3155,3455,3456,3733,4018,4529,4533,4554,4561,4595,4597,4599,4600,4601,4621,4635,4641,4669,4690,4694,4696,4701,4705,4707,4710,4711,4712,4713,4714,4718,4719,4750,4751,4766,4767,4801,4938,4943,4946,4989,4995]",[],[],[]
68,"EndgameMonkStageDemo",[],"[11,0,0,0,22,0,0,0,59,0,0,0,60,0,0,0,91,0,0,0,112,0,0,0,219,0,0,0,220,0,0,0,281,0,0,0,368,0,0,0,369,0,0,0,370,0,0,0,371,0,0,0,432,0,0,0,433,0,0,0,534,0,0,0,714,0,0,0,894,0,0,0,1523,0,0,0,1524,0,0,0,1525,0,0,0,1527,0,0,0,1719,0,0,0,1720,0,0,0,1721,0,0,0,1722,0,0,0,1723,0,0,0,1724,0,0,0,1725,0,0,0,1726,0,0,0,1727,0,0,0,1728,0,0,0,1729,0,0,0,1731,0,0,0,1732,0,0,0,1733,0,0,0,1734,0,0,0,1735,0,0,0,1736,0,0,0,1737,0,0,0,1738,0,0,0,1739,0,0,0,1740,0,0,0,1741,0,0,0,1742,0,0,0,1743,0,0,0,1744,0,0,0,1745,0,0,0,1746,0,0,0,1747,0,0,0,1748,0,0,0,1749,0,0,0,1751,0,0,0,1756,0,0,0,1759,0,0,0,1760,0,0,0,1761,0,0,0,1771,0,0,0,1772,0,0,0,1783,0,0,0,1784,0,0,0,1862,0,0,0,1863,0,0,0,1879,0,0,0,1880,0,0,0,1939,0,0,0,1940,0,0,0,2024,0,0,0,2027,0,0,0,2146,0,0,0,2147,0,0,0,2164,0,0,0,2173,0,0,0,2174,0,0,0,2332,0,0,0,2333,0,0,0,2336,0,0,0,2337,0,0,0,2338,0,0,0,2339,0,0,0,2340,0,0,0,2341,0,0,0,2342,0,0,0,2355,0,0,0,2356,0,0,0,2357,0,0,0,2365,0,0,0,2673,0,0,0,2679,0,0,0,2680,0,0,0,2681,0,0,0,2682,0,0,0,2683,0,0,0,2686,0,0,0,2687,0,0,0,2688,0,0,0,2689,0,0,0,2690,0,0,0,2691,0,0,0,2692,0,0,0,2693,0,0,0,2721,0,0,0,2722,0,0,0,2723,0,0,0,2724,0,0,0,2730,0,0,0,2731,0,0,0,2732,0,0,0,2733,0,0,0,2734,0,0,0,2735,0,0,0,2889,0,0,0,2890,0,0,0,2891,0,0,0,2892,0,0,0,2893,0,0,0,2894,0,0,0,2895,0,0,0,2896,0,0,0,2897,0,0,0,2898,0,0,0,2899,0,0,0,2900,0,0,0,2901,0]",[],[],[],"[148,196,194,199,151,141,173,75,152,201,78,99,154,180,131,185,92,69,179,74,192,171,139,160,138,165,134,133,84,202,172,161,86,195,103,157,200,126,96,162,93,193,145,135,142,158,182,95,104,77,83,164,88,129,150,71,169,178,155,170,183,80,143,97,81,102,136,166,188,132,98,107,191,85,175,106,101,190,184,73,181,153,174,177,94,76,159,108,144,186,127,105,82,125,146,163,87,176,89,197]","[59,1523,1524,1525,1527,2164,2332,2333,2336,2337,2338,2339,2340,2341,2342,2355,2356,2357,2680,2683,2686,2687,2688,2689,2691,2730,2731,2732,2733,2734,2735,2889,2890,2891,2892,2893,2894,2895,2896,2897,2898,2899,2900,2901,2902,2903,2904,2905,2906,2907,2908,2909,2911,2912,2913,2914,2915,2916,2917,2918,2919,2920,2921,2922,2923,2925,2929,2931,2934,2936,2940,2941,2957,2961,2964,2972,2977,2980,2987,3000,3002,3051,3148,3152,3159,3160,3161,3162,3163,3174,3186,3188,3212,3213,3456,3461,3586,3640,3641,3642,3724,3725,3733,3735,3738,3741,3744,3750,3751,3752,3753,3754,3756,3765,3767,3768,3769,3770,3778,3781,3783,3785,3803,3804,3806,3807,3808,3809,3810,3811,3812,3818,3848,3853,3854,3861,3862,3863,3864,3865,3866,3867,3868,3869,3870,3871,3872,3873,3874,3875,3876,3877,3878,3879,3885,3886,3887,3888,3889,3890,3907,3916,3917,3971,3972,3973,3974,3975,3976,3977,3978,3979,3980,3981,3982,3983,3984,3985,3986,3987,3988,3989,3999,4066,4073,4101,4102,4103,4104,4105,4106,4107,4108,4125,4131,4188,4281,4322,4324,4333,4335,4337,4339,4341,4347,4451,4455,4466,4476,4478,4531,4539,4543,4555,4564,4565,4568,4571,4573,4576,4577,4578,4579,4582,4586,4621,4637,4644,4647,4650,4661,4662,4664,4666,4677,4678,4682,4686,4688,4701,4705,4710,4714,4718,4720,4753,4755,4771,4773,4774,4775,4776,4781,4782,4783,4784,4787,4788,4790,4791,4792,4793,4795,4797,4798,4817,4819,4824,4826,4827,4829,4830,4831,4834,4845,4849,4852,4869,4872,4873,4875,4877,4879,4882,4894,4897,4898,4899,4900,4911,4916,4919,4938,4943,4972,4974,4976,4977,4978,4987]",[],[],[]
69,"EndgameWarriorFilming",[],"[11,0,0,0,22,0,0,0,59,0,0,0,60,0,0,0,91,0,0,0,112,0,0,0,219,0,0,0,220,0,0,0,281,0,0,0,368,0,0,0,369,0,0,0,370,0,0,0,371,0,0,0,432,0,0,0,433,0,0,0,534,0,0,0,714,0,0,0,894,0,0,0,1523,0,0,0,1524,0,0,0,1525,0,0,0,1527,0,0,0,1719,0,0,0,1720,0,0,0,1721,0,0,0,1722,0,0,0,1723,0,0,0,1724,0,0,0,1725,0,0,0,1726,0,0,0,1727,0,0,0,1728,0,0,0,1729,0,0,0,1731,0,0,0,1732,0,0,0,1733,0,0,0,1734,0,0,0,1735,0,0,0,1736,0,0,0,1737,0,0,0,1738,0,0,0,1739,0,0,0,1740,0,0,0,1741,0,0,0,1742,0,0,0,1743,0,0,0,1744,0,0,0,1745,0,0,0,1746,0,0,0,1747,0,0,0,1748,0,0,0,1749,0,0,0,1751,0,0,0,1756,0,0,0,1759,0,0,0,1760,0,0,0,1761,0,0,0,1771,0,0,0,1772,0,0,0,1776,0,0,0,1784,0,0,0,1862,0,0,0,1863,0,0,0,1879,0,0,0,1880,0,0,0,1939,0,0,0,1940,0,0,0,2024,0,0,0,2027,0,0,0,2146,0,0,0,2147,0,0,0,2164,0,0,0,2332,0,0,0,2333,0,0,0,2336,0,0,0,2337,0,0,0,2338,0,0,0,2339,0,0,0,2340,0,0,0,2341,0,0,0,2342,0,0,0,2355,0,0,0,2356,0,0,0,2357,0,0,0,2680,0,0,0,2683,0,0,0,2686,0,0,0,2687,0,0,0,2688,0,0,0,2689,0,0,0,2690,0,0,0,2691,0,0,0,2692,0,0,0,2693,0,0,0,2721,0,0,0,2722,0,0,0,2723,0,0,0,2724,0]",[],[],[],"[148,196,194,199,151,141,173,75,152,201,78,99,154,180,131,185,92,69,179,74,192,171,139,160,138,165,134,133,84,202,172,161,86,195,103,157,200,126,96,162,93,193,145,135,142,158,182,95,104,77,83,164,88,129,150,71,169,178,155,170,183,80,143,97,81,102,136,166,188,132,98,107,191,85,175,106,101,190,184,73,181,153,174,177,94,76,159,108,144,186,127,105,82,125,146,163,87,176,89,197]","[59,60,1523,1524,1525,1527,2164,2332,2333,2336,2337,2338,2339,2340,2341,2342,2355,2356,2357,2680,2683,2686,2687,2688,2689,2691,2730,2731,2732,2733,2734,2735,2760,2761,2762,2763,2889,2890,2891,2892,2893,2894,2895,2896,2897,2898,2899,2900,2901,2902,2903,2904,2905,2906,2907,2908,2909,2911,2912,2913,2914,2915,2916,2917,2918,2919,2920,2921,2922,2923,2925,2929,2931,2934,2936,2940,2941,2957,2961,2964,2972,2977,2980,2987,3000,3002,3051,3148,3152,3159,3160,3161,3162,3163,3174,3186,3188,3212,3213,3456,3461,3586,3640,3641,3642,3724,3725,3733,3735,3738,3741,3750,3751,3752,3753,3754,3756,3765,3767,3768,3769,3770,3778,3781,3783,3785,3803,3804,3806,3807,3808,3809,3810,3811,3812,3818,3848,3853,3854,3861,3862,3863,3864,3865,3866,3867,3868,3869,3870,3871,3872,3873,3874,3875,3876,3877,3878,3879,3885,3886,3887,3888,3889,3890,3907,3916,3917,3971,3972,3973,3974,3975,3976,3977,3978,3979,3980,3981,3982,3983,3984,3985,3986,3987,3988,3989,3999,4066,4073,4101,4102,4103,4104,4105,4106,4107,4108,4125,4131,4188,4281,4322,4324,4333,4335,4337,4339,4341,4347,4451,4455,4466,4476,4478,4531,4539,4543,4555,4564,4565,4568,4571,4573,4576,4577,4578,4579,4582,4586,4621,4637,4644,4647,4650,4661,4662,4664,4666,4677,4678,4682,4686,4688,4701,4705,4710,4714,4718,4720,4753,4755,4771,4773,4774,4775,4776,4781,4782,4783,4784,4787,4788,4790,4791,4792,4793,4795,4797,4798,4817,4819,4824,4826,4827,4829,4830,4831,4834,4845,4849,4852,4869,4872,4873,4875,4877,4879,4882,4894,4897,4898,4899,4900,4902,4919,4938,4943,4972,4974,4976,4977,4978,4986,4987]",[],[],[]
70,"EndgameSorcFilming",[],"[11,0,0,0,22,0,0,0,59,0,0,0,60,0,0,0,91,0,0,0,112,0,0,0,219,0,0,0,220,0,0,0,281,0,0,0,368,0,0,0,369,0,0,0,370,0,0,0,371,0,0,0,432,0,0,0,433,0,0,0,534,0,0,0,714,0,0,0,894,0,0,0,1523,0,0,0,1524,0,0,0,1525,0,0,0,1527,0,0,0,1719,0,0,0,1720,0,0,0,1721,0,0,0,1722,0,0,0,1723,0,0,0,1724,0,0,0,1725,0,0,0,1726,0,0,0,1727,0,0,0,1728,0,0,0,1729,0,0,0,1731,0,0,0,1732,0,0,0,1733,0,0,0,1734,0,0,0,1735,0,0,0,1736,0,0,0,1737,0,0,0,1738,0,0,0,1739,0,0,0,1740,0,0,0,1741,0,0,0,1742,0,0,0,1743,0,0,0,1744,0,0,0,1745,0,0,0,1746,0,0,0,1747,0,0,0,1748,0,0,0,1749,0,0,0,1751,0,0,0,1756,0,0,0,1759,0,0,0,1760,0,0,0,1761,0,0,0,1771,0,0,0,1776,0,0,0,1784,0,0,0,1862,0,0,0,1863,0,0,0,1879,0,0,0,1880,0,0,0,1939,0,0,0,1940,0,0,0,2024,0,0,0,2027,0,0,0,2146,0,0,0,2147,0,0,0,2164,0,0,0,2332,0,0,0,2333,0,0,0,2336,0,0,0,2337,0,0,0,2338,0,0,0,2339,0,0,0,2340,0,0,0,2341,0,0,0,2342,0,0,0,2355,0,0,0,2356,0,0,0,2357,0,0,0,2680,0,0,0,2683,0,0,0,2686,0,0,0,2687,0,0,0,2688,0,0,0,2689,0,0,0,2690,0,0,0,2691,0,0,0,2692,0,0,0,2693,0,0,0,2721,0,0,0,2722,0,0,0,2723,0,0,0,2724,0,0,0,2730]",[],[],[],"[148,196,194,199,151,141,173,75,152,201,78,99,154,180,131,185,92,69,179,74,192,171,139,160,138,165,134,133,84,202,172,161,86,195,103,157,200,126,96,162,93,193,145,135,142,158,182,95,104,77,83,164,88,129,150,71,169,178,155,170,183,80,143,97,81,102,136,166,188,132,98,107,191,85,175,106,101,190,184,73,181,153,174,177,94,76,159,108,144,186,127,105,82,125,146,163,87,176,89,197]","[59,60,1523,1524,1525,1527,2164,2332,2333,2336,2337,2338,2339,2340,2341,2342,2355,2356,2357,2680,2683,2686,2687,2688,2689,2691,2730,2731,2732,2733,2734,2735,2760,2761,2762,2763,2889,2890,2891,2892,2893,2894,2895,2896,2897,2898,2899,2900,2901,2902,2903,2904,2905,2906,2907,2908,2909,2911,2912,2913,2914,2915,2916,2917,2918,2919,2920,2921,2922,2923,2925,2929,2931,2934,2936,2940,2941,2957,2961,2964,2972,2977,2980,2987,3000,3002,3051,3148,3152,3159,3160,3161,3162,3163,3174,3186,3188,3212,3213,3456,3461,3586,3640,3641,3642,3724,3725,3733,3735,3738,3741,3750,3751,3752,3753,3754,3756,3765,3767,3768,3769,3770,3778,3781,3783,3785,3803,3804,3806,3807,3808,3809,3810,3811,3812,3818,3848,3853,3854,3861,3862,3863,3864,3865,3866,3867,3868,3869,3870,3871,3872,3873,3874,3875,3876,3877,3878,3879,3885,3886,3887,3888,3889,3890,3907,3916,3917,3971,3972,3973,3974,3975,3976,3977,3978,3979,3980,3981,3982,3983,3984,3985,3986,3987,3988,3989,3999,4066,4073,4101,4102,4103,4104,4105,4106,4107,4108,4125,4131,4188,4281,4322,4324,4333,4335,4337,4339,4341,4347,4451,4455,4466,4476,4478,4531,4539,4543,4555,4564,4565,4568,4571,4573,4576,4577,4578,4579,4582,4586,4621,4637,4644,4647,4650,4661,4662,4664,4666,4677,4678,4682,4686,4688,4701,4705,4710,4714,4718,4720,4753,4755,4771,4773,4774,4775,4776,4781,4782,4783,4784,4787,4788,4790,4791,4792,4793,4795,4797,4798,4817,4819,4824,4826,4827,4829,4830,4831,4834,4845,4849,4852,4869,4872,4873,4875,4877,4879,4882,4894,4897,4898,4899,4900,4902,4919,4938,4943,4972,4974,4976,4977,4978,4986,4987]",[],[],[]
71,"EndgameWitchFilming",[],"[11,0,0,0,22,0,0,0,59,0,0,0,60,0,0,0,91,0,0,0,112,0,0,0,219,0,0,0,220,0,0,0,281,0,0,0,368,0,0,0,369,0,0,0,370,0,0,0,371,0,0,0,432,0,0,0,433,0,0,0,534,0,0,0,644,0,0,0,714,0,0,0,894,0,0,0,1520,0,0,0,1521,0,0,0,1523,0,0,0,1524,0,0,0,1525,0,0,0,1527,0,0,0,1719,0,0,0,1720,0,0,0,1721,0,0,0,1722,0,0,0,1723,0,0,0,1724,0,0,0,1725,0,0,0,1726,0,0,0,1727,0,0,0,1728,0,0,0,1729,0,0,0,1731,0,0,0,1732,0,0,0,1733,0,0,0,1734,0,0,0,1735,0,0,0,1736,0,0,0,1737,0,0,0,1738,0,0,0,1739,0,0,0,1740,0,0,0,1741,0,0,0,1742,0,0,0,1743,0,0,0,1744,0,0,0,1745,0,0,0,1746,0,0,0,1747,0,0,0,1748,0,0,0,1749,0,0,0,1751,0,0,0,1756,0,0,0,1759,0,0,0,1760,0,0,0,1761,0,0,0,1771,0,0,0,1772,0,0,0,1773,0,0,0,1774,0,0,0,1776,0,0,0,1779,0,0,0,1783,0,0,0,1784,0,0,0,1862,0,0,0,1863,0,0,0,1879,0,0,0,1880,0,0,0,1899,0,0,0,1903,0,0,0,1939,0,0,0,1940,0,0,0,2024,0,0,0,2027,0,0,0,2146,0,0,0,2147,0,0,0,2162,0,0,0,2164,0,0,0,2166,0,0,0,2169,0,0,0,2170,0,0,0,2171,0,0,0,2172,0,0,0,2329,0,0,0,2330,0,0,0,2331,0,0,0,2332,0,0,0,2333,0,0,0,2336,0,0,0,2337,0,0,0,2338,0,0,0,2339,0,0,0,2340,0,0,0,2341,0,0,0,2342,0,0,0,2355,0,0,0,2356,0,0,0,2357,0,0,0,2365,0,0,0,2673,0,0,0,2679,0,0,0,2680,0,0,0,2681,0,0,0,2682,0,0,0,2683,0,0,0,2686,0,0,0,2687,0,0,0,2688,0,0,0,2689,0,0,0,2690,0,0,0,2691,0,0,0,2692,0,0,0,2693,0,0,0,2721,0,0,0,2722,0,0,0,2723,0,0,0,2730,0,0,0,2731,0,0,0,2732,0,0,0,2733,0,0,0,2734,0,0,0,2735,0,0,0,2889,0,0,0,2890,0,0,0,2891,0,0,0,2892,0,0,0,2893,0,0,0,2894,0,0,0,2895,0,0,0,2896,0,0,0,2897,0,0,0,2898,0,0,0,2899,0,0,0,2900,0,0,0,2901,0,0,0,2902,0,0,0,2903,0,0,0,2904,0,0,0,2905,0,0,0,2906,0,0,0,2907,0,0,0,2908,0,0,0,2909,0,0,0,2911,0,0,0,2912,0,0,0,2913,0,0,0,2914,0,0,0,2915,0,0,0,2916,0,0,0,2917,0,0,0,2918,0,0,0,2919,0,0,0,2920,0,0,0,2921,0,0,0,2922,0,0,0,2923,0,0,0,2924,0,0,0,2925,0,0,0,2926,0,0,0,2927,0,0,0,2929,0]",[],[],[],"[148,196,194,199,151,141,173,75,152,201,78,99,154,180,131,185,92,69,179,74,192,171,139,160,138,165,134,133,84,202,172,161,86,195,103,157,200,126,96,162,93,193,145,135,142,158,182,95,104,77,83,164,88,129,150,71,169,178,155,170,183,80,143,97,81,102,136,166,188,132,98,107,191,85,175,106,101,190,184,73,181,153,174,177,94,76,159,108,144,186,127,105,82,125,146,163,87,176,89,197]","[11,22,59,60,91,112,219,220,281,368,369,370,371,378,432,433,714,894,1523,1524,1525,1527,1719,1720,1721,1722,1723,1724,1725,1726,1727,1728,1729,1731,1732,1733,1734,1735,1736,1737,1738,1739,1740,1741,1742,1743,1744,1745,1746,1747,1748,1749,1751,1756,1759,1760,1761,1771,1772,1773,1774,1776,1783,1784,1862,1863,1879,1880,1899,1903,1939,1940,2024,2027,2146,2147,2162,2164,2166,2332,2333,2336,2337,2338,2339,2340,2341,2342,2355,2356,2357,2365,2406,2407,2408,2670,2673,2679,2680,2682,2683,2686,2687,2688,2689,2690,2691,2692,2693,2721,2722,2723,2730,2731,2732,2733,2734,2735,2889,2890,2891,2892,2893,2894,2895,2896,2897,2898,2899,2900,2901,2902,2903,2904,2905,2906,2907,2908,2909,2911,2912,2913,2914,2915,2916,2917,2918,2919,2920,2921,2922,2923,2924,2925,2926,2927,2929,2931,2932,2933,2934,2935,2936,2940,2941,2942,2944,2947,2948,2951,2952,2957,2961,2962,2964,2972,2977,2980,2985,2987,2991,2994,3000,3002,3003,3004,3005,3017,3020,3021,3031,3044,3050,3051,3052,3053,3081,3083,3088,3123,3148,3150,3151,3152,3154,3155,3159,3160,3161,3162,3163,3170,3174,3186,3188,3199,3206,3212,3213,3214,3215,3216,3220,3225,3241,3243,3244,3293,3334,3340,3344,3347,3353,3409,3416,3450,3461,3469,3486,3586,3587,3603,3635,3636,3637,3640,3641,3642,3643,3662,3663,3702,3703,3704,3722,3724,3725,3733,3738,3741,3750,3751,3752,3753,3754,3756,3760,3763,3765,3767,3768,3769,3770,3771,3775,3776,3777,3778,3779,3781,3783,3785,3787,3803,3804,3806,3807,3808,3809,3810,3811,3812,3814,3816,3818,3823,3824,3832,3840,3845,3846,3848,3853,3854,3855,3857,3858,3859,3861,3862,3863,3864,3865,3866,3867,3868,3869,3870,3871,3872,3873,3874,3875,3876,3877,3878,3879,3885,3886,3887,3888,3889,3890,3897,3904,3905,3906,3907,3909,3910,3915,3916,3917,3962,3971,3972,3973,3974,3975,3976,3977,3978,3979,3980,3981,3982,3983,3984,3985,3986,3987,3988,3989,3999,4018,4059,4066,4073,4101,4102,4103,4104,4105,4106,4107,4108,4125,4131,4150,4174,4188,4281,4321,4322,4323,4324,4331,4333,4335,4337,4339,4341,4347,4381,4385,4386,4387,4390,4391,4392,4393,4394,4396,4397,4399,4400,4401,4402,4403,4406,4407,4409,4410,4411,4414,4415,4416,4417,4418,4419,4420,4422,4423,4424,4425,4451,4455,4466,4476,4478,4514,4516,4517,4527,4529,4531,4533,4536,4543,4552,4554,4555,4561,4562,4563,4564,4565,4568,4569,4570,4571,4572,4573,4574,4576,4577,4578,4579,4582,4583,4586,4587,4588,4589,4590,4591,4592,4593,4594,4595,4596,4597,4599,4600,4601,4602,4603,4604,4605,4609,4611,4613,4614,4615,4616,4617,4618,4619,4621,4624,4631,4632,4633,4634,4635,4636,4638,4639,4641,4642,4644,4645,4646,4647,4648,4650,4651,4658,4663,4667,4668,4669,4670,4671,4673,4675,4677,4680,4682,4688,4689,4690,4691,4694,4696,4701,4702,4705,4707,4710,4711,4712,4713,4714,4715,4716,4717,4718,4719,4722,4723,4724,4725,4726,4731,4750,4751,4757,4763,4765,4766,4767,4768,4769,4770,4774,4785,4786,4789,4791,4794,4799,4801,4802,4803,4817,4819,4823,4825,4826,4828,4831,4833,4836,4839,4840,4841,4844,4845,4848,4849,4851,4852,4855,4864,4865,4868,4870,4871,4872,4873,4882,4884,4887,4888,4891,4893,4895,4938,4939,4943,4948,4949,4955,4956,4957,4978,4987]",[],[],[]
72,"EndgameRangerFilming",[],"[11,0,0,0,22,0,0,0,59,0,0,0,60,0,0,0,91,0,0,0,112,0,0,0,219,0,0,0,220,0,0,0,281,0,0,0,368,0,0,0,369,0,0,0,370,0,0,0,371,0,0,0,432,0,0,0,433,0,0,0,534,0,0,0,714,0,0,0,894,0,0,0,1523,0,0,0,1524,0,0,0,1525,0,0,0,1527,0,0,0,1719,0,0,0,1720,0,0,0,1721,0,0,0,1722,0,0,0,1723,0,0,0,1724,0,0,0,1725,0,0,0,1726,0,0,0,1727,0,0,0,1728,0,0,0,1729,0,0,0,1731,0,0,0,1732,0,0,0,1733,0,0,0,1734,0,0,0,1735,0,0,0,1736,0,0,0,1737,0,0,0,1738,0,0,0,1739,0,0,0,1740,0,0,0,1741,0,0,0,1742,0,0,0,1743,0,0,0,1744,0,0,0,1745,0,0,0,1746,0,0,0,1747,0,0,0,1748,0,0,0,1749,0,0,0,1751,0,0,0,1756,0,0,0,1759,0,0,0,1760,0,0,0,1761,0,0,0,1771,0,0,0,1772,0,0,0,1784,0,0,0,1862,0,0,0,1863,0,0,0,1879,0,0,0,1880,0,0,0,1939,0,0,0,1940,0,0,0,2024,0,0,0,2027,0,0,0,2146,0,0,0,2147,0,0,0,2332,0,0,0,2333,0,0,0,2336,0,0,0,2337,0,0,0,2338,0,0,0,2339,0,0,0,2340,0,0,0,2341,0,0,0,2342,0,0,0,2355]",[],[],[],"[148,196,194,199,151,141,173,75,152,201,78,99,154,180,131,185,92,69,179,74,192,171,139,160,138,165,134,133,84,202,172,161,86,195,103,157,200,126,96,162,93,193,145,135,142,158,182,95,104,77,83,164,88,129,150,71,169,178,155,170,183,80,143,97,81,102,136,166,188,132,98,107,191,85,175,106,101,190,184,73,181,153,174,177,94,76,159,108,144,186,127,105,82,125,146,163,87,176,89,197]","[59,60,1523,1524,1525,1527,2332,2333,2336,2337,2338,2339,2340,2341,2342,2355,2356,2357,2680,2683,2686,2687,2688,2689,2691,2730,2731,2732,2733,2734,2735,2889,2890,2891,2892,2893,2894,2895,2896,2897,2898,2899,2900,2901,2902,2903,2904,2905,2906,2907,2908,2909,2911,2912,2913,2914,2915,2916,2917,2918,2919,2920,2921,2922,2923,2925,2929,2934,2936,2941,2957,2961,2980,2987,3000,3002,3051,3148,3152,3159,3160,3161,3162,3163,3174,3186,3212,3213,3461,3586,3640,3641,3642,3724,3741,3750,3751,3752,3753,3754,3756,3765,3767,3768,3769,3770,3778,3781,3783,3803,3804,3806,3807,3808,3809,3810,3811,3812,3818,3848,3853,3854,3861,3862,3863,3864,3865,3866,3867,3868,3869,3870,3871,3872,3873,3874,3875,3876,3877,3878,3879,3885,3886,3887,3888,3889,3890,3907,3916,3917,3971,3972,3973,3974,3975,3976,3977,3978,3979,3980,3981,3982,3983,3984,3985,3986,3987,3988,3989,3999,4066,4073,4101,4102,4103,4104,4105,4106,4107,4108,4125,4131,4188,4281,4322,4324,4333,4339,4341,4451,4455,4466,4476,4478,4531,4543,4555,4564,4565,4568,4571,4573,4576,4577,4578,4579,4582,4586,4621,4644,4647,4650,4677,4701,4705,4710,4714,4718,4791,4817,4819,4845,4849,4852,4882,4943,4978,4987]",[],[],[]
73,"EndgameMercFilming",[],"[11,0,0,0,22,0,0,0,59,0,0,0,60,0,0,0,91,0,0,0,112,0,0,0,219,0,0,0,220,0,0,0,281,0,0,0,368,0,0,0,369,0,0,0,370,0,0,0,371,0,0,0,432,0,0,0,433,0,0,0,534,0,0,0,714,0,0,0,894,0,0,0,1523,0,0,0,1524,0,0,0,1525,0,0,0,1527,0,0,0,1719,0,0,0,1720,0,0,0,1721,0,0,0,1722,0,0,0,1723,0,0,0,1724,0,0,0,1725,0,0,0,1726,0,0,0,1727,0,0,0,1728,0,0,0,1729,0,0,0,1731,0,0,0,1732,0,0,0,1733,0,0,0,1734,0,0,0,1735,0,0,0,1736,0,0,0,1737,0,0,0,1738,0,0,0,1739,0,0,0,1740,0,0,0,1741,0,0,0,1742,0,0,0,1743,0,0,0,1744,0,0,0,1745,0,0,0,1746,0,0,0,1747,0,0,0,1748,0,0,0,1749,0,0,0,1751,0,0,0,1756,0,0,0,1759,0,0,0,1760,0,0,0,1761,0,0,0,1772,0,0,0,1784,0,0,0,1862,0,0,0,1863,0,0,0,1879,0,0,0,1880,0,0,0,1939,0,0,0,1940,0,0,0,2024,0,0,0,2027,0,0,0,2146,0,0,0,2147,0,0,0,2332,0,0,0,2333,0,0,0,2336,0,0,0,2337,0,0,0,2338,0,0,0,2339,0,0,0,2340,0,0,0,2341,0,0,0,2342,0,0,0,2355,0,0,0]",[],[],[],"[148,196,194,199,151,141,173,75,152,201,78,99,154,180,131,185,92,69,179,74,192,171,139,160,138,165,134,133,84,202,172,161,86,195,103,157,200,126,96,162,93,193,145,135,142,158,182,95,104,77,83,164,88,129,150,71,169,178,155,170,183,80,143,97,81,102,136,166,188,132,98,107,191,85,175,106,101,190,184,73,181,153,174,177,94,76,159,108,144,186,127,105,82,125,146,163,87,176,89,197]","[59,60,1523,1524,1525,1527,2332,2333,2336,2337,2338,2339,2340,2341,2342,2355,2356,2357,2680,2683,2686,2687,2688,2689,2691,2730,2731,2732,2733,2734,2735,2889,2890,2891,2892,2893,2894,2895,2896,2897,2898,2899,2900,2901,2902,2903,2904,2905,2906,2907,2908,2909,2911,2912,2913,2914,2915,2916,2917,2918,2919,2920,2921,2922,2923,2925,2929,2934,2936,2941,2957,2961,2980,2987,3000,3002,3051,3148,3152,3159,3160,3161,3162,3163,3174,3186,3212,3213,3461,3586,3640,3641,3642,3724,3741,3750,3751,3752,3753,3754,3756,3765,3767,3768,3769,3770,3778,3781,3783,3803,3804,3806,3807,3808,3809,3810,3811,3812,3818,3848,3853,3854,3861,3862,3863,3864,3865,3866,3867,3868,3869,3870,3871,3872,3873,3874,3875,3876,3877,3878,3879,3885,3886,3887,3888,3889,3890,3907,3916,3917,3971,3972,3973,3974,3975,3976,3977,3978,3979,3980,3981,3982,3983,3984,3985,3986,3987,3988,3989,3999,4066,4073,4101,4102,4103,4104,4105,4106,4107,4108,4125,4131,4188,4281,4322,4324,4333,4339,4341,4451,4455,4466,4476,4478,4531,4543,4555,4564,4565,4568,4571,4573,4576,4577,4578,4579,4582,4586,4621,4644,4647,4650,4677,4701,4705,4710,4714,4718,4791,4817,4819,4845,4849,4852,4882,4943,4978,4987]",[],[],[]
74,"TaipeiInfernalist",[],"[11,0,0,0,22,0,0,0,91,0,0,0,112,0,0,0,219,0,0,0,220,0,0,0,281,0,0,0,368,0,0,0,369,0,0,0,370,0,0,0,371,0,0,0,432,0,0,0,433,0,0,0,534,0,0,0,644,0,0,0,714,0,0,0,894,0,0,0,1520,0,0,0,1521,0,0,0,1524,0,0,0,1525,0,0,0,1527,0,0,0,1719,0,0,0,1720,0,0,0,1721,0,0,0,1722,0,0,0,1723,0,0,0,1724,0,0,0,1725,0,0,0,1726,0,0,0,1727,0,0,0,1728,0,0,0,1729,0,0,0,1731,0,0,0,1732,0,0,0,1733,0,0,0,1734,0,0,0,1735,0,0,0,1736,0,0,0,1737,0,0,0,1738,0,0,0,1739,0,0,0,1740,0,0,0,1741,0,0,0,1742,0,0,0,1743,0,0,0,1744,0,0,0,1745,0,0,0,1746,0,0,0,1747,0,0,0,1748,0,0,0,1749,0,0,0,1751,0,0,0,1756,0,0,0,1759,0,0,0,1760,0,0,0,1761,0,0,0,1771,0,0,0,1772,0,0,0,1779,0,0,0,1784,0,0,0,1862,0,0,0,1863,0,0,0,1879,0,0,0,1880,0,0,0,1939,0,0,0,1940,0,0,0,2021,0,0,0,2024,0,0,0,2027,0,0,0,2146,0,0,0,2147,0,0,0,2365,0]",[],[],[],"[75,78,69,86,103,96,95,104,77,88,71,80,98,85,73,76,108,82,87,89]",[],[],[],[]
75,"HuntressActOne",[],"[11,0,0,0,22,0,0,0,91,0,0,0,112,0,0,0,219,0,0,0,220,0,0,0,281,0,0,0,368,0,0,0,369,0,0,0,370,0,0,0,371,0,0,0,432,0,0,0,433,0,0,0,534,0,0,0,644,0,0,0,714,0,0,0,894,0,0,0,1520,0,0,0,1521,0,0,0,1719,0,0,0,1720,0,0,0,1721,0,0,0,1722,0,0,0,1723,0,0,0,1724,0,0,0,1725,0,0,0,1726,0,0,0,1727,0,0,0,1728,0,0,0,1729,0,0,0,1731,0,0,0,1732,0,0,0,1733,0,0,0,1734,0,0,0,1735,0,0,0,1736,0,0]",[],[],[],"[75,69,74,71,73,76]",[],[],[],[]
76,"HuntressActTwo",[],"[11,0,0,0,22,0,0,0,91,0,0,0,112,0,0,0,219,0,0,0,220,0,0,0,281,0,0,0,368,0,0,0,369,0,0,0,370,0,0,0,371,0,0,0,432,0,0,0,433,0,0,0,534,0,0,0,644,0,0,0,714,0,0,0,894,0,0,0,1520,0,0,0,1521,0,0,0,1524,0,0,0,1525,0,0,0,1527,0,0,0,1719,0,0,0,1720,0,0,0,1721,0,0,0,1722,0,0,0,1723,0,0,0,1724,0,0,0,1725,0,0,0,1726,0,0,0,1727,0,0,0,1728,0,0,0,1729,0,0,0,1731,0,0,0,1732,0,0,0,1733,0,0,0,1734,0,0,0,1735,0,0,0,1736,0,0,0,1737,0,0,0,1738,0,0,0,1739,0,0,0,1740,0,0,0,1741,0,0,0,1742,0,0,0,1743,0,0,0,1744,0,0,0,1745,0,0,0,1746,0,0,0,1747,0,0,0,1748,0,0,0,1749,0,0,0,1751,0,0,0,1756,0,0,0,1759,0,0,0,1760,0,0,0,1761,0,0,0,1771,0,0,0,1772,0,0,0,1784,0,0,0,1862,0,0,0,1863,0,0,0,1879,0,0,0,1880,0,0,0,1939,0,0,0,1940,0,0,0,2021]",[],[],[],"[75,78,92,69,74,84,86,104,77,83,71,80,85,73,76,82,87,89]",[],[],[],[]
77,"HuntressActThree",[],"[11,0,0,0,22,0,0,0,91,0,0,0,112,0,0,0,219,0,0,0,220,0,0,0,281,0,0,0,368,0,0,0,369,0,0,0,370,0,0,0,371,0,0,0,432,0,0,0,433,0,0,0,534,0,0,0,644,0,0,0,714,0,0,0,894,0,0,0,1520,0,0,0,1521,0,0,0,1523,0,0,0,1524,0,0,0,1525,0,0,0,1527,0,0,0,1719,0,0,0,1720,0,0,0,1721,0,0,0,1722,0,0,0,1723,0,0,0,1724,0,0,0,1725,0,0,0,1726,0,0,0,1727,0,0,0,1728,0,0,0,1729,0,0,0,1731,0,0,0,1732,0,0,0,1733,0,0,0,1734,0,0,0,1735,0,0,0,1736,0,0,0,1737,0,0,0,1738,0,0,0,1739,0,0,0,1740,0,0,0,1741,0,0,0,1742,0,0,0,1743,0,0,0,1744,0,0,0,1745,0,0,0,1746,0,0,0,1747,0,0,0,1748,0,0,0,1749,0,0,0,1751,0,0,0,1756,0,0,0,1759,0,0,0,1760,0,0,0,1761,0,0,0,1771,0,0,0,1772,0,0,0,1784,0,0,0,1862,0,0,0,1863,0,0,0,1879,0,0,0,1880,0,0,0,1903,0,0,0,1939,0,0,0,1940,0,0,0,2021,0,0,0,2024,0,0,0,2027,0,0,0,2146,0,0,0,2147,0,0,0,2365,0,0,0,2673,0,0,0,2679,0,0,0,2680,0,0,0,2682,0,0,0,2683,0,0,0,2736,0,0,0,2756,0,0,0,2766,0,0,0,2768,0,0,0,2787,0,0,0,2799,0,0,0,2801,0,0,0,2816,0,0,0,2820]",[],[],[],"[75,78,99,92,69,74,84,86,126,96,95,104,77,83,71,80,102,107,85,106,73,94,76,82,125,87,89]",[],[],[],[]
