"rownum","WordsKey","ItemVisualIdentityKey","UniqueStashTypesKey","i32","i32","OverrideWidth","OverrideHeight","ShowIfEmptyChallengeLeague","ShowIfEmptyStandard","RenamedVersion","BaseVersion","IsAlternateArt"
0,41,7461,7,0,0,0,0,1,1,"","",""
1,42,7462,6,0,0,1,3,1,1,"","",""
2,43,7463,1,0,0,0,0,1,1,"","",""
3,44,7464,2,0,0,0,0,1,1,"","",""
4,45,7465,2,1,0,0,0,1,1,"","",""
5,47,7466,2,2,0,0,0,1,1,"","",""
6,48,7467,9,0,0,0,0,1,1,"","",""
7,49,7468,1,1,0,0,0,"","","","",""
8,50,7469,15,0,0,0,0,1,1,"","",""
9,51,7470,4,0,0,0,0,1,1,"","",""
10,52,7471,9,2,0,0,0,1,1,"","",""
11,53,7472,6,2,0,2,3,1,1,"","",""
12,54,7473,16,0,0,0,0,1,1,"","",""
13,55,7474,16,2,0,0,0,1,1,"","",""
14,56,7475,9,4,0,0,0,1,1,"","",""
15,58,7477,8,0,0,0,0,1,1,"","",""
16,59,7478,8,2,0,0,0,1,1,"","",""
17,60,7480,6,4,0,0,0,1,1,"","",""
18,61,7481,6,6,0,0,0,1,1,"","",""
19,62,7482,2,3,0,0,0,1,1,"","",""
20,64,7484,2,4,0,0,0,1,1,"","",""
21,66,7486,11,0,0,0,0,"","","","",""
22,67,7487,1,2,0,0,0,1,1,"","",""
23,68,7488,1,3,0,0,0,1,1,"","",""
24,70,7490,1,4,0,0,0,1,1,"","",""
25,71,7491,15,2,0,0,0,1,1,"","",""
26,72,7492,15,4,0,0,0,1,1,"","",""
27,74,7494,16,4,0,0,0,1,1,"","",""
28,75,7495,16,6,0,0,0,1,1,"","",""
29,76,7496,16,8,0,0,0,1,1,"","",""
30,77,7497,16,10,0,0,0,1,1,"","",""
31,78,7498,16,12,0,0,0,1,1,"","",""
32,79,7499,16,14,0,0,0,1,1,"","",""
33,80,7500,16,16,0,0,0,"","","","",""
34,81,7501,16,18,0,0,0,1,1,"","",""
35,82,7502,16,20,0,0,0,1,1,"","",""
36,83,7503,1,5,0,0,0,1,1,"","",""
37,84,7504,14,0,0,0,0,1,1,"","",""
38,85,7505,4,1,0,0,0,1,1,"","",""
39,86,7506,14,2,0,0,0,1,1,"","",""
40,88,7508,14,4,0,0,0,1,1,"","",""
41,89,7509,14,6,0,0,0,1,1,"","",""
42,90,7510,14,8,0,0,0,1,1,"","",""
43,91,7511,14,10,0,0,0,1,1,"","",""
44,92,7512,14,12,0,0,0,1,1,"","",""
45,93,7513,13,0,0,0,0,1,1,"","",""
46,94,7514,13,2,0,0,0,1,1,"","",""
47,95,7515,13,4,0,0,0,1,1,"","",""
48,96,7516,13,6,0,0,0,1,1,"","",""
49,97,7517,13,8,0,0,0,1,1,"","",""
50,98,7518,13,10,0,0,0,1,1,"","",""
51,99,7519,13,12,0,0,0,1,1,"","",""
52,100,7520,13,14,0,0,0,1,1,"","",""
53,101,8048,1,6,0,0,0,1,1,"","",""
54,102,8049,1,7,0,0,0,1,1,"","",""
55,103,8050,12,0,0,0,0,1,1,"","",""
56,104,8051,12,2,0,0,0,1,1,"","",""
57,105,8052,12,4,0,0,0,1,1,"","",""
58,106,8053,12,6,0,0,0,1,1,"","",""
59,107,8054,17,0,0,0,0,1,1,"","",""
60,108,8055,17,2,0,0,0,1,1,"","",""
61,109,8056,17,4,0,0,0,1,1,"","",""
62,110,8057,17,6,0,0,0,1,1,"","",""
63,111,8058,17,8,0,0,0,1,1,"","",""
64,112,8469,7,2,0,0,0,1,1,"","",""
65,113,8470,6,8,0,2,4,1,1,"","",""
66,263,8471,6,10,0,1,4,1,1,"","",""
67,114,8471,6,0,0,0,0,"","",66,"",""
68,115,8472,15,6,0,0,0,1,1,"","",""
69,117,8474,17,10,0,0,0,1,1,"","",""
70,118,8475,16,22,0,0,0,1,1,"","",""
71,119,8476,5,0,0,1,3,1,1,"","",""
72,129,8477,16,24,0,0,0,1,1,"","",""
73,121,8478,17,12,0,0,0,1,1,"","",""
74,122,8479,17,14,0,0,0,1,1,"","",""
75,123,8480,8,4,0,0,0,1,1,"","",""
76,124,8481,1,8,0,0,0,1,1,"","",""
77,126,8482,13,16,0,0,0,1,1,"","",""
78,127,8483,13,18,0,0,0,1,1,"","",""
79,128,8484,14,14,0,0,0,1,1,"","",""
80,130,8485,4,2,0,0,0,1,1,"","",""
81,132,8487,14,16,0,0,0,1,1,"","",""
82,133,8488,14,18,0,0,0,1,1,"","",""
83,135,8490,8,6,0,2,3,1,1,"","",""
84,136,8491,15,8,0,0,0,1,1,"","",""
85,137,8492,9,6,0,0,0,1,1,"","",""
86,139,8494,9,8,0,0,0,1,1,"","",""
87,140,8495,7,4,0,0,0,1,1,"","",""
88,141,8496,8,8,0,0,0,1,1,"","",""
89,142,8497,5,1,0,0,0,1,1,"","",""
90,144,8499,9,10,0,0,0,1,1,"","",""
91,145,8500,14,20,0,0,0,1,1,"","",""
92,146,8501,15,10,0,0,0,1,1,"","",""
93,148,8503,15,12,0,0,0,1,1,"","",""
94,149,8504,15,14,0,0,0,1,1,"","",""
95,150,8505,9,12,0,0,0,1,1,"","",""
96,152,8507,3,0,0,0,0,1,1,"","",""
97,154,8508,17,16,0,0,0,1,1,"","",""
98,153,8508,17,0,0,0,0,"","",97,"",""
99,155,8509,15,16,0,0,0,1,1,"","",""
100,156,8510,10,0,0,0,0,1,1,"","",""
101,157,8511,16,26,0,0,0,1,1,"","",""
102,158,8512,17,18,0,0,0,1,1,"","",""
103,159,8513,8,10,0,2,3,1,1,"","",""
104,160,8514,15,18,0,0,0,1,1,"","",""
105,161,8515,15,20,0,0,0,1,1,"","",""
106,162,8516,3,2,0,0,0,1,1,"","",""
107,163,8517,6,12,0,2,4,1,1,"","",""
108,164,8518,17,20,0,0,0,"","","","",""
109,165,9002,7,6,0,0,0,1,1,"","",""
110,166,9003,9,14,0,0,0,1,1,"","",""
111,167,9004,16,28,0,0,0,"","","","",""
112,168,9090,17,22,0,0,0,1,1,"","",""
113,169,9091,4,3,0,0,0,1,1,"","",""
114,172,9094,15,22,0,0,0,1,1,"","",""
115,173,9095,2,5,0,0,0,1,1,"","",""
116,174,9111,17,24,0,0,0,1,1,"","",""
117,176,9123,8,12,0,2,3,1,1,"","",""
118,178,9156,16,30,0,0,0,1,1,"","",""
119,179,9157,3,4,0,0,0,1,1,"","",""
120,180,9158,8,14,0,0,0,1,1,"","",""
121,181,9159,16,32,0,0,0,1,1,"","",""
122,183,9161,17,26,0,0,0,1,1,"","",""
123,184,9162,15,24,0,0,0,1,1,"","",""
124,185,9163,15,26,0,0,0,1,1,"","",""
125,186,9164,14,22,0,0,0,1,1,"","",""
126,187,9165,15,28,0,0,0,1,1,"","",""
127,188,9166,14,24,0,0,0,1,1,"","",""
128,189,9167,10,2,0,0,0,1,1,"","",""
129,190,9168,15,30,0,0,0,1,1,"","",""
130,191,9169,15,32,0,0,0,1,1,"","",""
131,193,9172,13,20,0,0,0,1,1,"","",""
132,194,9173,13,22,0,0,0,1,1,"","",""
133,262,9176,13,24,0,0,0,1,1,"","",""
134,198,9177,13,26,0,0,0,1,1,"","",""
135,200,9179,16,34,0,0,0,1,1,"","",""
136,203,9182,16,36,0,0,0,1,1,"","",""
137,205,9186,6,14,0,1,4,1,1,"","",""
138,206,9187,2,6,0,0,0,1,1,"","",""
139,209,9190,16,38,0,0,0,1,1,"","",""
140,210,9191,3,6,0,0,0,1,1,"","",""
141,213,9194,3,8,0,0,0,1,1,"","",""
142,215,9196,1,9,0,0,0,1,1,"","",""
143,217,9198,2,7,0,0,0,1,1,"","",""
144,218,9199,16,40,0,0,0,1,1,"","",""
145,220,9200,15,34,0,0,0,1,1,"","",""
146,221,9201,15,36,0,0,0,1,1,"","",""
147,222,9202,5,2,0,0,0,1,1,"","",""
148,223,9203,6,16,0,2,3,1,1,"","",""
149,233,9208,2,8,0,0,0,1,1,"","",""
150,234,9209,18,0,0,0,0,1,1,"","",""
151,235,9214,7,8,0,2,3,1,1,"","",""
152,237,9269,18,1,0,0,0,1,1,"","",""
153,239,9271,1,10,0,0,0,1,1,"","",""
154,240,9272,1,11,0,0,0,1,1,"","",""
155,241,9273,1,12,0,0,0,1,1,"","",""
156,242,9274,2,9,0,0,0,1,1,"","",""
157,243,9275,2,10,0,0,0,1,1,"","",""
158,244,9276,2,11,0,0,0,1,1,"","",""
159,245,9277,12,8,0,0,0,1,1,"","",""
160,247,9279,14,26,0,0,0,1,1,"","",""
161,248,9280,8,16,0,0,0,1,1,"","",""
162,250,9282,6,18,0,2,3,1,1,"","",""
163,251,9283,1,13,0,0,0,1,1,"","",""
164,252,9284,8,18,0,2,3,1,1,"","",""
165,253,9285,2,12,0,0,0,1,1,"","",""
166,254,9286,2,13,0,0,0,1,1,"","",""
167,255,9287,0,0,0,0,0,1,1,"","",""
168,257,9288,16,42,0,0,0,1,1,"","",""
169,256,9289,15,38,0,0,0,1,1,"","",""
170,258,7253,14,28,0,0,0,"","","","",""
171,259,9290,9,16,0,0,0,1,1,"","",""
172,261,9302,15,40,0,0,0,1,1,"","",""
173,279,9318,7,10,0,0,0,1,1,"","",""
174,264,9303,15,42,0,0,0,1,1,"","",""
175,266,9304,16,44,0,0,0,1,1,"","",""
176,265,9306,16,46,0,0,0,1,1,"","",""
177,268,9307,14,30,0,0,0,1,1,"","",""
178,269,9308,14,32,0,0,0,1,1,"","",""
179,271,9310,7,12,0,0,0,1,1,"","",""
180,272,9311,8,20,0,0,0,1,1,"","",""
181,281,9321,9,18,0,0,0,1,1,"","",""
182,282,9322,0,1,0,0,0,1,1,"","",""
183,283,9328,1,14,0,0,0,1,1,"","",""
184,285,9338,15,44,0,0,0,1,1,"","",""
185,286,9342,6,20,0,0,0,1,1,"","",""
186,288,9344,3,10,0,0,0,1,1,"","",""
187,289,9345,6,22,0,2,3,1,1,"","",""
188,290,9346,15,46,0,0,0,1,1,"","",""
189,292,9361,2,14,0,0,0,1,1,"","",""
190,293,9362,15,48,0,0,0,1,1,"","",""
191,294,9363,2,15,0,0,0,1,1,"","",""
192,295,9366,7,14,0,2,3,1,1,"","",""
193,296,9364,12,10,0,0,0,1,1,"","",""
194,297,9365,14,34,0,0,0,1,1,"","",""
195,298,9367,2,16,0,0,0,1,1,"","",""
196,299,9368,2,17,0,0,0,1,1,"","",""
197,300,9369,2,18,0,0,0,1,1,"","",""
198,301,9370,2,19,0,0,0,1,1,"","",""
199,302,9375,0,2,0,0,0,1,1,"","",""
200,303,9376,0,3,0,0,0,1,1,"","",""
201,305,9378,16,48,0,0,0,1,1,"","",""
202,306,9371,12,12,0,0,0,1,1,"","",""
203,309,9373,12,14,0,0,0,1,1,"","",""
204,308,9374,15,50,0,0,0,1,1,"","",""
205,321,9401,5,3,0,0,0,1,1,"","",""
206,320,9402,8,22,0,2,3,1,1,"","",""
207,322,9414,13,28,0,0,0,"","","","",""
208,324,9423,18,2,0,0,0,1,1,"","",""
209,326,9427,15,52,0,0,0,1,1,"","",""
210,327,9428,17,28,0,0,0,1,1,"","",""
211,329,9430,17,30,0,0,0,1,1,"","",""
212,333,9434,7,16,0,2,3,1,1,"","",""
213,337,9438,10,4,0,0,0,1,1,"","",""
214,339,9440,4,4,0,0,0,1,1,"","",""
215,340,9441,16,50,0,0,0,1,1,"","",""
216,342,9340,8,24,0,1,4,"","","","",""
217,343,9558,16,52,0,0,0,1,1,"","",""
218,344,9455,13,30,0,0,0,1,1,"","",""
219,345,9457,8,26,0,2,3,1,1,"","",""
220,346,9459,10,6,0,0,0,1,1,"","",""
221,347,9460,13,32,0,0,0,1,1,"","",""
222,348,9461,14,36,0,0,0,1,1,"","",""
223,350,9463,16,54,0,0,0,1,1,"","",""
224,351,9465,2,20,0,0,0,1,1,"","",""
225,353,9467,13,34,0,0,0,1,1,"","",""
226,354,9468,11,2,0,0,0,1,1,"","",""
227,355,9469,11,4,0,0,0,1,1,"","",""
228,356,9473,10,8,0,0,0,1,1,"","",""
229,357,9474,14,38,0,0,0,1,1,"","",""
230,358,9475,12,16,0,0,0,1,1,"","",""
231,359,9476,0,4,0,0,0,1,1,"","",""
232,360,9477,13,36,0,0,0,1,1,"","",""
233,362,9552,15,54,0,0,0,1,1,"","",""
234,363,9553,16,56,0,0,0,1,1,"","",""
235,364,9554,7,18,0,0,0,1,1,"","",""
236,365,9556,15,56,0,0,0,1,1,"","",""
237,366,9557,8,28,0,2,3,1,1,"","",""
238,65,7485,11,6,0,0,0,1,1,"","",""
239,367,9559,5,4,0,0,0,1,1,"","",""
240,368,7072,12,18,0,0,0,"","","","",""
241,370,9571,11,8,0,0,0,1,1,"","",""
242,371,9572,15,58,0,0,0,1,1,"","",""
243,372,9578,11,10,0,0,0,1,1,"","",""
244,373,9581,9,20,0,0,0,1,1,"","",""
245,374,9582,6,24,0,2,3,1,1,"","",""
246,378,9583,14,40,0,0,0,1,1,"","",""
247,379,9585,6,26,0,1,3,1,1,"","",""
248,380,9586,11,12,0,0,0,1,1,"","",""
249,382,9588,0,5,0,0,0,1,1,"","",""
250,383,9589,10,10,0,0,0,1,1,"","",""
251,386,9590,18,3,0,0,0,1,1,"","",""
252,387,9592,17,32,0,0,0,1,1,"","",""
253,388,9591,17,34,0,0,0,1,1,"","",""
254,390,9629,2,21,0,0,0,1,1,"","",""
255,391,9630,4,5,0,0,0,1,1,"","",""
256,392,9686,0,6,0,0,0,1,1,"","",""
257,394,9688,6,28,0,2,3,1,1,"","",""
258,396,9827,14,42,0,0,0,1,1,"","",""
259,397,9828,14,44,0,0,0,1,1,"","",""
260,398,9829,15,60,0,0,0,1,1,"","",""
261,399,9830,5,5,0,0,0,1,1,"","",""
262,400,9426,7,20,0,2,3,1,1,"","",""
263,401,9832,13,38,0,0,0,1,1,"","",""
264,402,9833,13,40,0,0,0,1,1,"","",""
265,403,9834,13,42,0,0,0,1,1,"","",""
266,404,9835,7,22,0,0,0,1,1,"","",""
267,406,9837,6,30,0,0,0,1,1,"","",""
268,407,9838,8,30,0,2,3,1,1,"","",""
269,408,10334,11,14,0,0,0,1,1,"","",""
270,410,10364,2,22,0,0,0,1,1,"","",""
271,412,10337,17,36,0,0,0,1,1,"","",""
272,413,10338,6,32,0,0,0,1,1,"","",""
273,414,10339,17,38,0,0,0,1,1,"","",""
274,418,7036,2,23,0,0,0,"","","","",""
275,420,10341,10,12,0,0,0,1,1,"","",""
276,421,7057,1,15,0,0,0,"","","","",""
277,422,10352,10,14,0,0,0,1,1,"","",""
278,424,10342,10,16,0,0,0,1,1,"","",""
279,425,10354,12,20,0,0,0,1,1,"","",""
280,427,10356,12,22,0,0,0,1,1,"","",""
281,429,10358,2,24,0,0,0,1,1,"","",""
282,430,10359,5,6,0,0,0,1,1,"","",""
283,431,10360,1,16,0,0,0,1,1,"","",""
284,432,10361,17,40,0,0,0,1,1,"","",""
285,433,10362,12,24,0,0,0,1,1,"","",""
286,434,10363,16,58,0,0,0,1,1,"","",""
287,435,10366,11,16,0,0,0,1,1,"","",""
288,436,10845,13,44,0,0,0,1,1,"","",""
289,437,10850,12,26,0,0,0,1,1,"","",""
290,438,10851,2,25,0,0,0,1,1,"","",""
291,439,10852,2,26,0,0,0,"","","","",""
292,440,10853,9,22,0,0,0,1,1,"","",""
293,441,10854,1,17,0,0,0,1,1,"","",""
294,442,10855,2,27,0,0,0,1,1,"","",""
295,443,10856,2,28,0,0,0,1,1,"","",""
296,445,10858,2,29,0,0,0,1,1,"","",""
297,446,10859,15,62,0,0,0,1,1,"","",""
298,447,10860,16,60,0,0,0,1,1,"","",""
299,448,10861,8,32,0,2,3,1,1,"","",""
300,449,10862,0,7,0,0,0,1,1,"","",""
301,450,10873,15,64,0,0,0,1,1,"","",""
302,451,10879,1,18,0,0,0,1,1,"","",""
303,452,10886,16,62,0,0,0,1,1,"","",""
304,453,10887,16,64,0,0,0,1,1,"","",""
305,454,10343,10,18,0,0,0,1,1,"","",""
306,455,10893,13,46,0,0,0,1,1,"","",""
307,464,10900,2,30,0,0,0,1,1,"","",""
308,465,10901,2,31,0,0,0,1,1,"","",""
309,466,10902,12,28,0,0,0,1,1,"","",""
310,467,10903,10,20,0,0,0,1,1,"","",""
311,469,10904,15,66,0,0,0,1,1,"","",""
312,470,10905,4,6,0,0,0,1,1,"","",""
313,471,7521,1,19,0,0,0,1,1,"","",""
314,472,10906,10,22,0,0,0,1,1,"","",""
315,473,10912,7,24,0,2,3,1,1,"","",""
316,474,10907,8,34,0,2,3,1,1,"","",""
317,475,10988,13,48,0,0,0,1,1,"","",""
318,476,10908,8,36,0,2,3,1,1,"","",""
319,477,10909,8,38,0,2,3,1,1,"","",""
320,478,10910,6,34,0,2,3,"","","","",""
321,479,10913,6,36,0,1,3,1,1,"","",""
322,480,10914,13,50,0,0,0,1,1,"","",""
323,481,10915,15,68,0,0,0,1,1,"","",""
324,483,10917,0,8,0,0,0,1,1,"","",""
325,484,10918,3,12,0,0,0,1,1,"","",""
326,485,10919,10,24,0,0,0,1,1,"","",""
327,486,10920,1,20,0,0,0,1,1,"","",""
328,487,10921,1,21,0,0,0,1,1,"","",""
329,488,10922,15,70,0,0,0,1,1,"","",""
330,489,10923,13,52,0,0,0,1,1,"","",""
331,171,9093,18,4,0,0,0,1,1,"","",""
332,177,9155,18,5,0,0,0,1,1,"","",""
333,207,9188,18,6,0,0,0,1,1,"","",""
334,230,9205,18,7,0,0,0,1,1,"","",""
335,409,10335,18,8,0,0,0,1,1,"","",""
336,490,10986,5,7,0,0,0,1,1,"","",""
337,492,10996,7,26,0,0,0,1,1,"","",""
338,936,10997,19,0,0,0,0,1,1,"","",""
339,493,10997,19,0,0,0,0,"","",338,"",""
340,495,10998,19,1,0,0,0,"",1,"","",""
341,496,10999,19,2,0,0,0,1,1,"","",""
342,497,11000,19,3,0,0,0,"","","","",""
343,498,11001,19,4,0,0,0,1,1,"","",""
344,499,11002,19,5,0,0,0,1,1,"","",""
345,502,11004,19,6,0,0,0,"","","","",""
346,501,11005,19,7,0,0,0,"","","","",""
347,503,11006,19,8,0,0,0,"","","","",""
348,504,11007,19,9,0,0,0,1,1,"","",""
349,505,11008,19,10,0,0,0,1,1,"","",""
350,507,11010,19,11,0,0,0,"","","","",""
351,508,11011,19,12,0,0,0,"","","","",""
352,509,11012,19,13,0,0,0,"","","","",""
353,510,11013,19,14,0,0,0,"","","","",""
354,512,11015,19,15,0,0,0,"","","","",""
355,514,11017,19,16,0,0,0,"","","","",""
356,515,11018,19,17,0,0,0,"","","","",""
357,516,11019,19,18,0,0,0,1,1,"","",""
358,518,11020,19,19,0,0,0,"","","","",""
359,520,11022,19,20,0,0,0,1,1,"","",""
360,521,11023,19,21,0,0,0,1,1,"","",""
361,522,11024,19,22,0,0,0,"","","","",""
362,523,11025,19,23,0,0,0,"","","","",""
363,524,11026,19,24,0,0,0,"","","","",""
364,527,11029,19,25,0,0,0,1,1,"","",""
365,528,11030,19,26,0,0,0,1,1,"","",""
366,530,11031,19,27,0,0,0,1,1,"","",""
367,529,11032,19,28,0,0,0,1,1,"","",""
368,531,11033,19,29,0,0,0,"","","","",""
369,532,11034,19,30,0,0,0,1,1,"","",""
370,533,11035,19,31,0,0,0,"","","","",""
371,534,11036,19,32,0,0,0,"","","","",""
372,535,11037,19,33,0,0,0,"","","","",""
373,536,11038,19,34,0,0,0,"","","","",""
374,537,11039,19,35,0,0,0,"","","","",""
375,539,11041,19,36,0,0,0,"","","","",""
376,540,11042,19,37,0,0,0,"","","","",""
377,542,11043,19,38,0,0,0,1,1,"","",""
378,541,11044,19,39,0,0,0,"","","","",""
379,543,11045,19,40,0,0,0,"","","","",""
380,544,11046,19,41,0,0,0,"","","","",""
381,546,11048,19,42,0,0,0,"","","","",""
382,547,11049,19,43,0,0,0,1,1,"","",""
383,548,11050,19,44,0,0,0,"","","","",""
384,550,11052,19,45,0,0,0,"","","","",""
385,551,11053,19,46,0,0,0,1,1,"","",""
386,552,11054,19,47,0,0,0,1,1,"","",""
387,553,11055,19,48,0,0,0,1,1,"","",""
388,554,11056,2,32,0,0,0,1,1,"","",""
389,555,11057,19,49,0,0,0,"","","","",""
390,556,11058,19,50,0,0,0,"","","","",""
391,557,11059,19,51,0,0,0,"","","","",""
392,558,11060,19,52,0,0,0,1,1,"","",""
393,559,11061,19,53,0,0,0,1,1,"","",""
394,560,11062,19,54,0,0,0,"","","","",""
395,561,11063,19,55,0,0,0,"","","","",""
396,562,11064,19,56,0,0,0,1,1,"","",""
397,563,11067,19,57,0,0,0,"","","","",""
398,564,11068,15,72,0,0,0,1,1,"","",""
399,565,11069,4,7,0,0,0,1,1,"","",""
400,566,11070,4,8,0,0,0,1,1,"","",""
401,568,11072,5,8,0,0,0,1,1,"","",""
402,569,11073,10,26,0,0,0,1,1,"","",""
403,570,11074,3,14,0,0,0,1,1,"","",""
404,571,11075,17,42,0,0,0,1,1,"","",""
405,572,11076,7,28,0,2,3,1,1,"","",""
406,573,11077,7,30,0,2,3,1,1,"","",""
407,574,11078,6,38,0,1,3,1,1,"","",""
408,575,11079,6,40,0,2,3,1,1,"","",""
409,576,11080,8,40,0,2,3,1,1,"","",""
410,577,11081,8,42,0,2,3,1,1,"","",""
411,578,11082,8,44,0,2,3,1,1,"","",""
412,579,11083,10,28,0,0,0,1,1,"","",""
413,580,11118,2,33,0,0,0,1,1,"","",""
414,581,11119,2,34,0,0,0,1,1,"","",""
415,582,11120,2,35,0,0,0,1,1,"","",""
416,583,11121,17,44,0,0,0,1,1,"","",""
417,584,11122,17,46,0,0,0,1,1,"","",""
418,585,11123,17,48,0,0,0,1,1,"","",""
419,586,10978,17,50,0,2,3,"","","","",""
420,587,11527,14,46,0,0,0,1,1,"","",""
421,588,11528,14,48,0,0,0,1,1,"","",""
422,589,11529,14,50,0,0,0,1,1,"","",""
423,590,11530,17,52,0,0,0,1,1,"","",""
424,591,11531,8,46,0,0,0,1,1,"","",""
425,592,11532,16,66,0,0,0,1,1,"","",""
426,593,11533,16,68,0,0,0,1,1,"","",""
427,594,11534,2,36,0,0,0,1,1,"","",""
428,597,11539,3,16,0,0,0,1,1,"","",""
429,599,11548,14,52,0,0,0,1,1,"","",""
430,600,11549,17,54,0,0,0,1,1,"","",""
431,601,11550,2,37,0,0,0,1,1,"","",""
432,602,11551,0,9,0,0,0,1,1,"","",""
433,603,11552,1,22,0,0,0,1,1,"","",""
434,604,11553,19,58,0,0,0,"","","","",""
435,605,11554,19,59,0,0,0,"","","","",""
436,606,11555,19,60,0,0,0,"","","","",""
437,607,11556,19,61,0,0,0,"","","","",""
438,608,11557,19,62,0,0,0,"","","","",""
439,609,10344,10,30,0,0,0,1,1,"","",""
440,610,10336,18,9,0,0,0,1,1,"","",""
441,611,11581,12,30,0,0,0,1,1,"","",""
442,612,11582,12,32,0,0,0,1,1,"","",""
443,613,11583,12,34,0,0,0,1,1,"","",""
444,614,11584,1,23,0,0,0,1,1,"","",""
445,615,11591,7,32,0,0,0,1,1,"","",""
446,616,11592,0,10,0,0,0,1,1,"","",""
447,617,11593,17,56,0,0,0,1,1,"","",""
448,618,11594,14,54,0,0,0,1,1,"","",""
449,619,11595,19,63,0,0,0,1,1,"","",""
450,621,11597,9,24,0,0,0,1,1,"","",""
451,622,11598,13,54,0,0,0,1,1,"","",""
452,623,11599,0,11,0,0,0,1,1,"","",""
453,624,11600,19,64,0,0,0,"","","","",""
454,625,11601,19,65,0,0,0,"","","","",""
455,626,11602,19,66,0,0,0,"","","","",""
456,627,11603,19,67,0,0,0,"","","","",""
457,628,11604,10,32,0,0,0,1,1,"","",""
458,634,11605,5,9,0,0,0,1,1,"","",""
459,635,11606,13,56,0,0,0,1,1,"","",""
460,636,11607,8,48,0,2,3,"","","","",""
461,637,11608,19,68,0,0,0,"","","","",""
462,638,11612,6,42,0,1,4,"","","","",""
463,639,11613,3,18,0,0,0,"","","","",""
464,640,11614,1,24,0,0,0,1,1,"","",""
465,641,11615,6,44,0,2,4,1,1,"","",""
466,642,11617,19,69,0,0,0,1,1,"","",""
467,643,11618,19,70,0,0,0,"","","","",""
468,644,11619,19,71,0,0,0,"","","","",""
469,645,11620,19,72,0,0,0,"","","","",""
470,646,11636,9,26,0,0,0,1,1,"","",""
471,648,11621,5,10,0,0,0,1,1,"","",""
472,649,11622,5,11,0,0,0,1,1,"","",""
473,651,11624,8,50,0,2,3,1,1,"","",""
474,652,11625,8,52,0,2,3,1,1,"","",""
475,654,11627,12,36,0,0,0,1,1,"","",""
476,655,11638,1,25,0,0,0,1,1,"","",""
477,656,11641,2,38,0,0,0,1,1,"","",""
478,657,11643,1,26,0,0,0,1,1,"","",""
479,658,11645,1,27,0,0,0,1,1,"","",""
480,659,11646,1,28,0,0,0,1,1,"","",""
481,660,11647,1,29,0,0,0,1,1,"","",""
482,661,11648,1,30,0,0,0,1,1,"","",""
483,662,11649,2,39,0,0,0,1,1,"","",""
484,663,11650,7,34,0,2,3,1,1,"","",""
485,664,11651,6,46,0,2,3,1,1,"","",""
486,665,11652,11,18,0,0,0,1,1,"","",""
487,666,11653,18,10,0,0,0,1,1,"","",""
488,669,11065,15,74,0,0,0,"","","","",""
489,670,11680,0,12,0,0,0,1,1,"","",""
490,672,11681,7,36,0,0,0,1,1,"","",""
491,671,11682,17,58,0,0,0,1,1,"","",""
492,675,11628,12,38,0,0,0,1,1,"","",""
493,667,11655,1,31,0,0,0,1,1,"","",""
494,677,11667,3,20,0,0,0,1,1,"","",""
495,679,11669,10,34,0,0,0,1,1,"","",""
496,686,11683,8,54,0,0,0,1,1,"","",""
497,688,11685,4,9,0,0,0,1,1,"","",""
498,689,11686,8,56,0,2,3,1,1,"","",""
499,690,11687,8,58,0,2,3,1,1,"","",""
500,692,11689,6,48,0,2,3,1,1,"","",""
501,694,11691,6,50,0,1,4,1,1,"","",""
502,695,11692,5,12,0,0,0,1,1,"","",""
503,696,11693,8,60,0,1,4,"","","","",""
504,697,11694,0,13,0,0,0,1,1,"","",""
505,699,11696,15,76,0,0,0,1,1,"","",""
506,700,11697,8,62,0,2,3,1,1,"","",""
507,701,11698,6,52,0,2,3,1,1,"","",""
508,702,11699,15,78,0,0,0,"","","","",""
509,703,11700,14,56,0,0,0,1,1,"","",""
510,704,11701,15,80,0,0,0,1,1,"","",""
511,705,11702,0,14,0,0,0,1,1,"","",""
512,707,11706,3,22,0,0,0,1,1,"","",""
513,708,11707,19,73,0,0,0,"","","","",""
514,710,11709,17,60,0,0,0,"","","","",""
515,711,11710,19,74,0,0,0,"","","","",""
516,712,11711,9,28,0,0,0,1,1,"","",""
517,713,11712,19,75,0,0,0,"","","","",""
518,714,11713,19,76,0,0,0,"","","","",""
519,716,11715,16,70,0,0,0,1,1,"","",""
520,717,11716,19,77,0,0,0,1,1,"","",""
521,718,11717,19,78,0,0,0,1,1,"","",""
522,719,11718,19,79,0,0,0,1,1,"","",""
523,720,11719,19,80,0,0,0,1,1,"","",""
524,721,11720,17,62,0,0,0,1,1,"","",""
525,723,11722,18,11,0,0,0,"","","","",""
526,724,11723,6,54,0,2,3,1,1,"","",""
527,728,11853,14,58,0,0,0,1,1,"","",""
528,731,11856,15,82,0,0,0,1,1,"","",""
529,732,11857,19,81,0,0,0,1,1,"","",""
530,732,11858,19,82,0,0,0,1,1,"","",""
531,732,11859,19,83,0,0,0,1,1,"","",""
532,733,11860,12,40,0,0,0,1,1,"","",""
533,734,11861,16,72,0,0,0,1,1,"","",""
534,735,11862,1,32,0,0,0,1,1,"","",""
535,736,11863,16,74,0,0,0,1,1,"","",""
536,737,11864,6,56,0,2,3,1,1,"","",""
537,706,11865,0,15,0,0,0,1,1,"","",""
538,738,11866,11,20,0,0,0,1,1,"","",""
539,739,11867,13,58,0,0,0,1,1,"","",""
540,740,11868,15,84,0,0,0,1,1,"","",""
541,743,11871,3,24,0,0,0,1,1,"","",""
542,745,11873,6,58,0,2,3,1,1,"","",""
543,746,12048,6,60,0,1,4,1,1,"","",""
544,747,11874,17,64,0,0,0,1,1,"","",""
545,815,12049,19,84,0,0,0,1,1,"","",""
546,748,12031,16,76,0,0,0,1,1,"","",""
547,749,12032,16,78,0,0,0,1,1,"","",""
548,754,11875,15,86,0,0,0,1,1,"","",""
549,755,11880,1,33,0,0,0,1,1,"","",""
550,756,11881,11,22,0,0,0,1,1,"","",""
551,758,11883,13,60,0,0,0,1,1,"","",""
552,760,11885,0,16,0,0,0,1,1,"","",""
553,761,11886,15,88,0,0,0,1,1,"","",""
554,762,11887,14,60,0,0,0,1,1,"","",""
555,763,11888,9,30,0,0,0,1,1,"","",""
556,764,11889,8,64,0,2,3,1,1,"","",""
557,787,11893,2,40,0,0,0,1,1,"","",""
558,788,11903,6,62,0,0,0,1,1,"","",""
559,789,11904,2,41,0,0,0,1,1,"","",""
560,790,11905,15,90,0,0,0,1,1,"","",""
561,791,11906,8,66,0,0,0,1,1,"","",""
562,792,11907,6,64,0,2,3,1,1,"","",""
563,793,11908,1,34,0,0,0,1,1,"","",""
564,175,9112,18,12,0,0,0,1,1,"","",""
565,794,12021,9,32,0,0,0,1,1,"","",""
566,795,12022,16,80,0,0,0,1,1,"","",""
567,796,12023,2,42,0,0,0,1,1,"","",""
568,797,12024,3,26,0,0,0,1,1,"","",""
569,798,12025,6,66,0,1,4,1,1,"","",""
570,799,12029,6,68,0,2,4,1,1,"","",""
571,800,12030,19,85,0,0,0,1,1,"","",""
572,801,12033,14,62,0,0,0,1,1,"","",""
573,803,12035,13,62,0,0,0,1,1,"","",""
574,804,12036,2,43,0,0,0,1,1,"","",""
575,805,12037,0,17,0,0,0,1,1,"","",""
576,806,12038,0,18,0,0,0,1,1,"","",""
577,809,12040,18,13,0,0,0,1,1,"","",""
578,811,12053,19,86,0,0,0,1,1,"","",""
579,812,12050,19,87,0,0,0,1,1,"","",""
580,814,12052,19,88,0,0,0,1,1,"","",""
581,816,12054,15,92,0,0,0,1,1,"","",""
582,817,11909,1,35,0,0,0,1,1,"","",""
583,818,12067,15,94,0,0,0,1,1,"","",""
584,820,12068,9,34,0,0,0,1,1,"","",""
585,819,12069,9,36,0,0,0,1,1,"","",""
586,821,12070,16,82,0,0,0,1,1,"","",""
587,822,12071,16,84,0,0,0,1,1,"","",""
588,823,12072,1,36,0,0,0,1,1,"","",""
589,824,12073,1,37,0,0,0,1,1,"",588,""
590,825,12074,5,13,0,0,0,1,1,"","",""
591,826,12075,5,14,0,0,0,1,1,"","",""
592,828,12077,15,96,0,0,0,1,1,"","",""
593,829,12078,15,98,0,0,0,1,1,"",592,""
594,831,12080,1,38,0,0,0,1,1,"","",""
595,832,12081,1,39,0,0,0,1,1,"",594,""
596,833,12082,3,28,0,0,0,1,1,"","",""
597,834,12083,3,30,0,0,0,1,1,"","",""
598,835,12084,17,66,0,0,0,1,1,"","",""
599,836,12085,17,68,0,0,0,1,1,"","",""
600,837,12086,1,40,0,0,0,1,1,"","",""
601,838,12087,1,41,0,0,0,1,1,"",600,""
602,839,12088,14,64,0,0,0,1,1,"","",""
603,840,12089,14,66,0,0,0,1,1,"","",""
604,842,12091,7,38,0,0,0,1,1,"","",""
605,843,12092,7,40,0,0,0,1,1,"",604,""
606,844,12093,17,70,0,0,0,1,1,"","",""
607,845,12094,17,72,0,0,0,1,1,"",606,""
608,846,12095,6,70,0,1,3,1,1,"","",""
609,847,12096,6,72,0,1,3,1,1,"",608,""
610,848,12097,15,100,0,0,0,1,1,"","",""
611,849,12098,15,102,0,0,0,1,1,"",610,""
612,850,12099,19,89,0,0,0,1,1,"","",""
613,851,12100,19,90,0,0,0,1,1,"","",""
614,852,12101,19,91,0,0,0,1,1,"","",""
615,853,12102,19,92,0,0,0,1,1,"","",""
616,854,12103,19,93,0,0,0,1,1,"","",""
617,855,12104,19,94,0,0,0,1,1,"","",""
618,858,12105,12,42,0,0,0,1,1,"","",""
619,856,12107,17,74,0,0,0,1,1,"","",""
620,860,12109,2,44,0,0,0,"","","","",""
621,861,12110,13,64,0,0,0,1,1,"","",""
622,862,12111,16,86,0,0,0,1,1,"","",""
623,863,12112,17,76,0,0,0,1,1,"","",""
624,864,12115,5,15,0,0,0,1,1,"","",""
625,866,12122,16,88,0,0,0,1,1,"","",""
626,867,12123,0,19,0,0,0,1,1,"","",""
627,868,12132,17,78,0,0,0,1,1,"","",""
628,869,12133,7,42,0,0,0,1,1,"","",""
629,870,12152,10,36,0,0,0,1,1,"","",""
630,872,12154,12,44,0,0,0,1,1,"","",""
631,873,12155,4,10,0,0,0,1,1,"","",""
632,874,12156,15,104,0,0,0,1,1,"","",""
633,875,12158,1,42,0,0,0,1,1,"",24,""
634,890,12165,12,46,0,0,0,1,1,"","",""
635,877,12173,19,95,0,0,0,"","","","",""
636,878,12174,19,96,0,0,0,"","","","",""
637,879,12175,19,97,0,0,0,"","","","",""
638,880,12176,19,98,0,0,0,"","","","",""
639,881,12177,19,99,0,0,0,"","","","",""
640,882,12178,19,100,0,0,0,"","","","",""
641,883,12179,19,101,0,0,0,"","","","",""
642,884,12180,19,102,0,0,0,"","","","",""
643,885,12181,19,103,0,0,0,"","","","",""
644,886,12182,19,104,0,0,0,"","","","",""
645,888,12184,19,105,0,0,0,"","","","",""
646,889,12185,19,106,0,0,0,"","","","",""
647,891,12186,19,107,0,0,0,"","","","",""
648,896,12187,19,108,0,0,0,"","","","",""
649,897,12188,19,109,0,0,0,"","","","",""
650,892,12166,14,68,0,0,0,1,1,"","",""
651,894,12168,7,44,0,0,0,1,1,"","",""
652,895,12169,0,20,0,0,0,1,1,"","",""
653,898,12172,8,68,0,0,0,1,1,"","",""
654,899,12193,10,38,0,0,0,1,1,"","",""
655,900,12195,15,106,0,0,0,1,1,"","",""
656,912,12212,12,48,0,0,0,1,1,"","",""
657,57,7476,10,40,0,0,0,1,1,"","",""
658,913,12233,16,90,0,0,0,1,1,"","",""
659,914,12234,16,92,0,0,0,1,1,"","",""
660,915,12235,6,74,0,2,3,1,1,"","",""
661,916,12260,14,70,0,0,0,1,1,"","",""
662,918,12262,13,66,0,0,0,1,1,"","",""
663,918,12263,13,68,0,0,0,1,1,"","",""
664,918,12264,13,70,0,0,0,1,1,"","",""
665,342,9341,8,0,0,1,4,"","",216,"",""
666,920,12266,15,108,0,0,0,1,1,"","",""
667,921,12267,16,94,0,0,0,1,1,"","",""
668,935,12408,19,110,0,0,0,"","","","",""
669,925,12403,8,70,0,2,3,1,1,"","",""
670,926,12236,6,76,0,2,3,1,1,"","",""
671,927,12237,12,50,0,0,0,1,1,"","",""
672,928,12238,17,80,0,0,0,1,1,"","",""
673,933,12257,11,24,0,0,0,1,1,"","",""
674,934,12258,16,96,0,0,0,1,1,"","",""
675,944,12259,10,42,0,0,0,1,1,"","",""
676,937,12268,3,32,0,0,0,1,1,"","",""
677,938,12269,4,11,0,0,0,1,1,"","",""
678,939,12270,1,43,0,0,0,1,1,"","",""
679,940,12271,15,110,0,0,0,1,1,"","",""
680,941,12272,13,72,0,0,0,1,1,"","",""
681,942,12273,13,74,0,0,0,1,1,"","",""
682,959,12275,18,14,0,0,0,1,1,"","",""
683,959,12276,18,15,0,0,0,1,1,"","",""
684,959,12277,18,16,0,0,0,1,1,"","",""
685,960,12283,15,112,0,0,0,1,1,"","",""
686,962,12284,17,82,0,0,0,1,1,"","",""
687,963,12285,17,84,0,0,0,1,1,"","",""
688,979,12191,19,111,0,0,0,"","","","",""
689,964,12527,14,72,0,0,0,1,1,"","",""
690,964,12528,14,74,0,0,0,1,1,"","",""
691,964,12529,14,76,0,0,0,1,1,"","",""
692,966,12286,15,114,0,0,0,1,1,"","",""
693,967,12287,13,76,0,0,0,1,1,"","",""
694,971,12288,14,78,0,0,0,1,1,"","",""
695,972,12289,13,78,0,0,0,1,1,"","",""
696,973,12290,16,98,0,0,0,1,1,"","",""
697,974,12291,10,44,0,0,0,1,1,"","",""
698,975,12414,14,80,0,0,0,1,1,"","",""
699,120,8036,18,17,0,0,0,1,1,"","",""
700,807,12039,18,18,0,0,0,1,1,"","",""
701,961,12279,18,19,0,0,0,1,1,"","",""
702,965,12280,18,20,0,0,0,1,1,"","",""
703,969,12281,18,21,0,0,0,1,1,"","",""
704,976,12418,2,45,0,0,0,1,1,"","",""
705,977,12415,5,16,0,0,0,1,1,"","",""
706,978,12416,0,21,0,0,0,1,1,"","",""
707,980,12447,19,112,0,0,0,1,1,"","",""
708,982,12292,13,80,0,0,0,1,1,"","",""
709,983,12450,19,113,0,0,0,1,1,"","",""
710,985,12451,19,114,0,0,0,1,1,"","",""
711,986,12192,19,115,0,0,0,"","","","",""
712,987,10910,6,78,0,2,3,1,1,"","",""
713,988,12417,16,100,0,0,0,1,1,"","",""
714,989,12423,12,52,0,0,0,1,1,"","",""
715,990,12424,17,86,0,0,0,1,1,"","",""
716,991,12425,17,88,0,0,0,1,1,"","",""
717,992,12426,1,44,0,0,0,1,1,"","",""
718,992,12427,1,45,0,0,0,1,1,"","",""
719,992,12428,1,46,0,0,0,1,1,"","",""
720,992,12429,1,47,0,0,0,1,1,"","",""
721,992,12430,1,48,0,0,0,1,1,"","",""
722,993,12432,15,116,0,0,0,"","","","",""
723,994,12433,14,82,0,0,0,1,1,"","",""
724,994,12434,14,0,0,0,0,1,1,723,"",""
725,995,12435,4,12,0,0,0,1,1,"","",""
726,996,12436,9,38,0,0,0,1,1,"","",""
727,997,12437,1,49,0,0,0,1,1,"","",""
728,998,12438,16,102,0,0,0,1,1,"","",""
729,999,12439,13,82,0,0,0,1,1,"","",""
730,999,12440,13,0,0,0,0,1,1,729,"",""
731,1000,12441,12,54,0,0,0,1,1,"","",""
732,1001,12442,16,104,0,0,0,1,1,"","",""
733,1001,12443,16,0,0,0,0,1,1,732,"",""
734,1002,12444,15,118,0,0,0,1,1,"","",""
735,1002,12445,15,0,0,0,0,"","",734,"",""
736,1004,12452,19,116,0,0,0,1,1,"","",""
737,1005,12453,13,84,0,0,0,1,1,"","",""
738,1006,12454,8,72,0,2,3,1,1,"","",""
739,1007,12455,9,40,0,0,0,1,1,"","",""
740,1008,12456,5,17,0,0,0,1,1,"","",""
741,1009,12457,6,80,0,2,3,1,1,"","",""
742,1010,12458,6,82,0,2,3,1,1,"","",""
743,1011,12459,4,13,0,0,0,1,1,"","",""
744,1012,12460,8,74,0,2,3,1,1,"","",""
745,1013,12461,1,50,0,0,0,1,1,"","",""
746,1014,12467,2,46,0,0,0,1,1,"","",""
747,1015,12468,2,47,0,0,0,1,1,"","",""
748,1016,12469,16,106,0,0,0,1,1,"","",""
749,1017,12470,10,46,0,0,0,1,1,"","",""
750,1018,12029,6,84,0,2,4,1,1,"","",""
751,1019,12471,11,26,0,0,0,1,1,"","",""
752,1020,12473,16,108,0,0,0,1,1,"","",""
753,1021,12474,10,48,0,0,0,1,1,"","",""
754,1022,12475,7,46,0,0,0,1,1,"","",""
755,1023,12476,13,86,0,0,0,1,1,"","",""
756,1024,12477,15,120,0,0,0,1,1,"","",""
757,1025,12478,14,84,0,0,0,1,1,"","",""
758,1026,12479,16,110,0,0,0,1,1,"","",""
759,1027,12480,15,122,0,0,0,1,1,"","",""
760,1028,12481,16,112,0,0,0,1,1,"","",""
761,1029,12482,13,88,0,0,0,1,1,"","",""
762,1030,12483,14,86,0,0,0,1,1,"","",""
763,1031,12484,15,124,0,0,0,1,1,"","",""
764,1033,12486,16,114,0,0,0,1,1,"","",""
765,1034,12487,13,90,0,0,0,1,1,"","",""
766,1035,12488,14,88,0,0,0,1,1,"","",""
767,1036,12489,15,126,0,0,0,1,1,"","",""
768,1037,12490,16,116,0,0,0,1,1,"","",""
769,1038,12491,13,92,0,0,0,1,1,"","",""
770,1039,12492,14,90,0,0,0,1,1,"","",""
771,1040,12493,15,128,0,0,0,1,1,"","",""
772,1042,12495,17,90,0,0,0,1,1,"","",""
773,1043,12496,2,48,0,0,0,1,1,"","",""
774,1044,12497,12,56,0,0,0,1,1,"","",""
775,1077,12498,15,130,0,0,0,1,1,"","",""
776,1078,12500,13,94,0,0,0,1,1,"","",""
777,1079,12501,13,96,0,0,0,1,1,"",776,""
778,1080,12502,16,118,0,0,0,1,1,"","",""
779,1081,12503,16,120,0,0,0,1,1,"","",""
780,1082,12504,17,92,0,0,0,1,1,"","",""
781,1083,12505,17,94,0,0,0,1,1,"","",""
782,1084,12506,15,132,0,0,0,1,1,"","",""
783,1085,12507,1,51,0,0,0,1,1,"","",""
784,1086,12508,1,52,0,0,0,1,1,"",783,""
785,1087,12509,19,117,0,0,0,1,1,"","",""
786,1088,12510,19,118,0,0,0,1,1,"","",""
787,1089,12511,19,119,0,0,0,1,1,"","",""
788,1090,12512,19,120,0,0,0,1,1,"",785,""
789,1091,12513,19,121,0,0,0,1,1,"",786,""
790,1092,12514,19,122,0,0,0,1,1,"",787,""
791,1093,12515,0,22,0,0,0,1,1,"","",""
792,1094,12516,0,23,0,0,0,1,1,"","",""
793,1095,12517,12,58,0,0,0,1,1,"","",""
794,1096,12518,14,92,0,0,0,1,1,"","",""
795,1097,12519,14,94,0,0,0,1,1,"",794,""
796,1098,12520,12,60,0,0,0,1,1,"","",""
797,1099,12521,12,62,0,0,0,1,1,"","",""
798,1100,12522,6,86,0,1,3,1,1,"","",""
799,1101,12523,6,88,0,1,3,1,1,"",798,""
800,1102,12524,17,96,0,0,0,1,1,"","",""
801,1103,12525,8,76,0,2,3,1,1,"","",""
802,1105,12530,19,123,0,0,0,1,1,"","",""
803,1105,12531,19,124,0,0,0,1,1,"","",""
804,1105,12532,19,125,0,0,0,1,1,"","",""
805,1107,12588,19,126,0,0,0,1,1,"","",""
806,1109,12590,2,49,0,0,0,1,1,"","",""
807,1110,12591,10,50,0,0,0,1,1,"","",""
808,1111,12592,1,53,0,0,0,1,1,"","",""
809,1113,12594,17,98,0,0,0,1,1,"","",""
810,1114,12595,1,54,0,0,0,1,1,"","",""
811,1115,12596,13,98,0,0,0,1,1,"","",""
812,1116,12597,13,100,0,0,0,1,1,"","",""
813,1117,12598,16,122,0,0,0,1,1,"","",""
814,1118,12599,8,78,0,2,3,1,1,"","",""
815,1119,12600,16,124,0,0,0,1,1,"","",""
816,1120,12601,16,126,0,0,0,1,1,"","",""
817,1121,12602,2,50,0,0,0,1,1,"","",""
818,1122,12603,2,51,0,0,0,1,1,"","",""
819,1123,12604,2,52,0,0,0,1,1,"","",""
820,1124,12605,2,53,0,0,0,1,1,"","",""
821,1125,12606,2,54,0,0,0,1,1,"","",""
822,1126,12607,2,55,0,0,0,1,1,"","",""
823,1127,12608,2,56,0,0,0,1,1,"","",""
824,1128,12609,2,57,0,0,0,1,1,"","",""
825,1129,12610,2,58,0,0,0,1,1,"","",""
826,1130,12611,2,59,0,0,0,1,1,"","",""
827,1130,12612,2,60,0,0,0,1,1,"","",""
828,1130,12613,2,61,0,0,0,1,1,"","",""
829,1130,12614,2,62,0,0,0,1,1,"","",""
830,1130,12615,2,63,0,0,0,1,1,"","",""
831,1130,12616,2,64,0,0,0,1,1,"","",""
832,1130,12617,2,65,0,0,0,1,1,"","",""
833,1131,12618,1,55,0,0,0,1,1,"","",""
834,1138,12636,13,102,0,0,0,"","","","",""
835,1140,12638,16,128,0,0,0,1,1,"","",""
836,1141,12639,16,130,0,0,0,1,1,"","",""
837,1142,12640,16,132,0,0,0,1,1,"","",""
838,1145,12643,1,56,0,0,0,1,1,"","",""
839,1146,12644,2,66,0,0,0,1,1,"","",""
840,1147,12645,9,42,0,0,0,1,1,"","",""
841,1148,12646,6,90,0,1,4,1,1,"","",""
842,1150,12648,12,64,0,0,0,1,1,"","",""
843,1151,12649,15,134,0,0,0,1,1,"","",""
844,1152,12650,0,24,0,0,0,1,1,"","",""
845,1153,12651,16,134,0,0,0,1,1,"","",""
846,1154,12652,17,100,0,0,0,1,1,"","",""
847,1143,12641,15,136,0,0,0,1,1,"","",""
848,1112,12593,13,104,0,0,0,1,1,"","",""
849,1163,12779,2,67,0,0,0,1,1,"","",""
850,1164,12780,2,68,0,0,0,1,1,"","",""
851,1165,12781,2,69,0,0,0,1,1,"","",""
852,1166,12782,2,70,0,0,0,1,1,"","",""
853,1167,12783,2,71,0,0,0,1,1,"","",""
854,1156,12772,8,80,0,0,0,1,1,"","",""
855,1158,12774,0,25,0,0,0,1,1,"","",""
856,1159,12775,13,106,0,0,0,1,1,"","",""
857,1160,12776,15,138,0,0,0,1,1,"","",""
858,1161,12777,13,108,0,0,0,1,1,"","",""
859,1162,12778,16,136,0,0,0,1,1,"","",""
860,1168,12784,1,57,0,0,0,1,1,"","",""
861,1170,12786,17,102,0,0,0,1,1,"","",""
862,1171,12787,14,96,0,0,0,1,1,"","",""
863,1172,12788,11,28,0,0,0,1,1,"","",""
864,782,10359,5,18,0,0,0,"","","",282,""
865,1060,7497,16,138,0,0,0,"","","",30,""
866,1055,8518,17,104,0,0,0,1,1,"","",""
867,1072,10907,8,82,0,0,0,1,1,"",316,""
868,1132,9158,8,84,0,0,0,"","","",120,""
869,1075,11622,5,19,0,0,0,"","","",472,""
870,766,10334,11,30,0,0,0,"","","",269,""
871,1045,9168,15,140,0,0,0,"","","",129,""
872,753,7475,9,44,0,0,0,"","","",14,""
873,772,9190,16,140,0,0,0,"","","",139,""
874,1052,7518,13,110,0,0,0,"","","",50,""
875,778,9581,9,46,0,0,0,"","","",244,""
876,1073,7462,6,92,0,0,0,"","","",1,""
877,1069,11076,7,48,0,0,0,"","","",405,""
878,1050,9308,14,98,0,0,0,"","","",178,""
879,771,7474,16,142,0,0,0,"","","",13,""
880,1059,8509,15,142,0,0,0,"","","",99,""
881,1053,7495,16,144,0,0,0,"","","",28,""
882,1071,7478,8,86,0,0,0,"","","",16,""
883,1134,7502,16,146,0,0,0,"","","",35,""
884,1046,7504,14,100,0,0,0,"","","",37,""
885,769,7513,13,112,0,0,0,"","","",45,""
886,781,7477,8,88,0,0,0,"","","",15,""
887,1068,9578,11,32,0,0,0,"","","",243,""
888,775,8056,17,106,0,0,0,"","","",61,""
889,786,7465,2,72,0,0,0,"","","",4,""
890,750,7488,1,58,0,0,0,"","","",23,""
891,1062,7473,16,148,0,0,0,"","","",12,""
892,770,7496,16,150,0,0,0,"","","",29,""
893,1057,9438,10,52,0,0,0,"","","",213,""
894,768,7503,1,59,0,0,0,"","","",36,""
895,1056,9311,8,90,0,0,0,"","","",180,""
896,784,8517,6,94,0,0,0,"","","",107,""
897,783,11073,10,54,0,0,0,"","","",402,""
898,1070,11069,4,14,0,0,0,"","","",399,""
899,752,7510,14,102,0,0,0,"","","",42,""
900,779,7471,9,48,0,0,0,"","","",10,""
901,1048,7511,14,104,0,0,0,"","","",43,""
902,777,8495,7,50,0,0,0,"","","",87,""
903,1074,11615,6,96,0,0,0,"","","",465,""
904,1064,8048,1,60,0,0,0,"","","",53,""
905,776,9434,7,52,0,0,0,"","","",212,""
906,1076,12432,15,144,0,0,0,1,1,"",722,""
907,1066,8051,12,66,0,0,0,"","","",56,""
908,774,8479,17,108,0,0,0,"","","",74,""
909,767,7485,11,34,0,0,0,"","","",238,""
910,1058,11083,10,56,0,0,0,"","","",412,""
911,1065,8051,12,68,0,0,0,"","","",56,""
912,780,9003,9,50,0,0,0,"","","",110,""
913,773,9428,17,110,0,0,0,"","","",210,""
914,1054,10851,2,73,0,0,0,"","","",290,""
915,765,7464,2,74,0,0,0,"","","",3,""
916,751,8501,15,146,0,0,0,"","","",92,""
917,1155,9090,17,112,0,0,0,"","","",112,""
918,1047,9338,15,148,0,0,0,"","","",184,""
919,1049,7512,14,106,0,0,0,"","","",44,""
920,1067,10852,2,75,0,0,0,1,1,"",291,""
921,421,7058,1,61,0,0,0,"","","","",1
922,42,9096,6,98,0,0,0,"","","","",1
923,157,9097,16,152,0,0,0,"","","","",1
924,127,9098,13,114,0,0,0,"","","","",1
925,89,9099,14,108,0,0,0,"","","","",1
926,97,9100,13,116,0,0,0,"","","","",1
927,164,9101,17,114,0,0,0,"","","","",1
928,47,9102,2,76,0,0,0,"","","","",1
929,68,9103,1,62,0,0,0,"","","","",1
930,61,9104,6,100,0,0,0,"","","","",1
931,137,9105,9,52,0,0,0,"","","","",1
932,56,9107,9,54,0,0,0,"","","","",1
933,124,9108,1,63,0,0,0,"","","","",1
934,187,9109,15,150,0,0,0,"","","","",1
935,102,9110,1,64,0,0,0,"","","","",1
936,44,9292,2,77,0,0,0,"","","","",1
937,128,9293,14,110,0,0,0,"","","","",1
938,90,9294,14,112,0,0,0,"","","","",1
939,70,9296,1,65,0,0,0,"","","","",1
940,91,9297,14,114,0,0,0,"","","","",1
941,112,9298,7,54,0,0,0,"","","","",1
942,92,9299,14,116,0,0,0,"","","","",1
943,186,9300,14,118,0,0,0,"","","","",1
944,156,9301,10,58,0,0,0,"","","","",1
945,215,9347,1,66,0,0,0,"","","","",1
946,101,9348,1,67,0,0,0,"","","","",1
947,172,9349,15,152,0,0,0,"","","","",1
948,149,9350,15,154,0,0,0,"","","","",1
949,75,9351,16,154,0,0,0,"","","","",1
950,79,9352,16,156,0,0,0,"","","","",1
951,135,9354,8,92,0,0,0,"","","","",1
952,57,9355,10,60,0,0,0,"","","","",1
953,51,9356,4,15,0,0,0,"","","","",1
954,45,9403,2,78,0,0,0,"","","","",1
955,166,9404,9,56,0,0,0,"","","","",1
956,74,9405,16,158,0,0,0,"","","","",1
957,242,9407,2,79,0,0,0,"","","","",1
958,255,9408,0,26,0,0,0,"","","","",1
959,173,9409,2,80,0,0,0,"","","","",1
960,163,9410,6,102,0,2,4,"","","","",1
961,253,9411,2,81,0,0,0,"","","","",1
962,245,9412,12,70,0,0,0,"","","","",1
963,239,9415,1,68,0,0,0,"","","","",1
964,251,9416,1,69,0,0,0,"","","","",1
965,265,9417,16,160,0,0,0,"","","","",1
966,64,9419,2,82,0,0,0,"","","","",1
967,130,9420,4,16,0,0,0,"","","","",1
968,105,9445,12,72,0,0,0,"","","","",1
969,205,9446,6,104,0,0,0,"","","","",1
970,132,9447,14,120,0,0,0,"","","","",1
971,243,9449,2,83,0,0,0,"","","","",1
972,47,9450,2,84,0,0,0,"","","","",1
973,106,9451,12,74,0,0,0,"","","","",1
974,67,9452,1,70,0,0,0,"","","","",1
975,292,9453,2,85,0,0,0,"","","","",1
976,222,9454,5,20,0,0,0,"","","","",1
977,322,9456,13,118,0,0,0,"","","","",1
978,103,9560,12,76,0,0,0,"","","","",1
979,65,9561,11,36,0,0,0,"","","","",1
980,184,9562,15,156,0,0,0,"","","","",1
981,289,9564,6,106,0,0,0,"","","","",1
982,303,9565,0,27,0,0,0,"","","","",1
983,206,9566,2,86,0,0,0,"","","","",1
984,43,9567,1,71,0,0,0,"","","","",1
985,178,9568,16,162,0,0,0,"","","","",1
986,306,9569,12,78,0,0,0,"","","","",1
987,368,9570,12,80,0,0,0,"","","","",1
988,321,9593,5,21,0,0,0,"","","","",1
989,189,9594,10,62,0,0,0,"","","","",1
990,298,9595,2,87,0,0,0,"","","","",1
991,343,9597,16,164,0,0,0,"","","","",1
992,309,9598,12,82,0,0,0,"","","","",1
993,64,9599,2,88,0,0,0,"","","","",1
994,299,9600,2,89,0,0,0,"","","","",1
995,117,9601,17,116,0,0,0,"","","","",1
996,300,9602,2,90,0,0,0,"","","","",1
997,301,9603,2,91,0,0,0,"","","","",1
998,337,10345,10,64,0,0,0,"","","","",1
999,254,10347,2,92,0,0,0,"","","","",1
1000,392,10348,0,28,0,0,0,"","","","",1
1001,218,10349,16,166,0,0,0,"","","","",1
1002,240,10350,1,72,0,0,0,"","","","",1
1003,418,10351,2,93,0,0,0,"","","","",1
1004,43,10863,1,73,0,0,0,"","","","",1
1005,288,10865,3,34,0,0,0,"","","","",1
1006,62,10866,2,94,0,0,0,"","","","",1
1007,181,10867,16,168,0,0,0,"","","","",1
1008,449,10868,0,29,0,0,0,"","","","",1
1009,390,10880,2,95,0,0,0,"","","","",1
1010,94,10882,13,120,0,0,0,"","","","",1
1011,410,10883,2,96,0,0,0,"","","","",1
1012,339,10884,4,17,0,0,0,"","","","",1
1013,451,10885,1,74,0,0,0,"","","","",1
1014,89,10894,14,122,0,0,0,"","","","",1
1015,59,10896,8,94,0,0,0,"","","","",1
1016,429,10897,2,97,0,0,0,"","","","",1
1017,106,10898,12,84,0,0,0,"","","","",1
1018,215,10899,1,75,0,0,0,"","","","",1
1019,586,10979,17,118,0,0,0,"","","","",1
1020,431,10980,1,76,0,0,0,"","","","",1
1021,406,10982,6,108,0,0,0,"","","","",1
1022,441,10983,1,77,0,0,0,"","","","",1
1023,108,10984,17,120,0,0,0,"","","","",1
1024,594,10985,2,98,0,0,0,"","","","",1
1025,669,11066,15,158,0,0,0,"","","","",1
1026,422,11585,10,66,0,0,0,"","","","",1
1027,243,11587,2,99,0,0,0,"","","","",1
1028,247,11588,14,124,0,0,0,"","","","",1
1029,403,11589,13,122,0,0,0,"","","","",1
1030,614,11590,1,78,0,0,0,"","","","",1
1031,574,11629,6,110,0,0,0,"","","","",1
1032,110,11631,17,122,0,0,0,"","","","",1
1033,303,11632,0,30,0,0,0,"","","","",1
1034,235,11633,7,56,0,0,0,"","","","",1
1035,654,11634,12,86,0,0,0,"","","","",1
1036,370,11658,11,38,0,0,0,"","","","",1
1037,485,11660,10,68,0,0,0,"","","","",1
1038,466,11661,12,88,0,0,0,"","","","",1
1039,554,11662,2,100,0,0,0,"","","","",1
1040,667,11663,1,79,0,0,0,"","","","",1
1041,768,11895,1,80,0,0,0,"","","",36,1
1042,655,11896,1,81,0,0,0,"","","","",1
1043,486,11897,1,82,0,0,0,"","","","",1
1044,241,11898,1,83,0,0,0,"","","","",1
1045,659,11899,1,84,0,0,0,"","","","",1
1046,240,11900,1,85,0,0,0,"","","","",1
1047,1180,7175,16,170,0,0,0,"","","","",""
1048,1180,7176,16,172,0,0,0,"","","","",1
1049,1174,12790,13,124,0,0,0,1,1,"","",""
1050,1175,12791,16,174,0,0,0,1,1,"","",""
1051,1176,12792,1,86,0,0,0,1,1,"","",""
1052,1182,12795,8,96,0,0,0,1,1,"","",""
1053,1181,12794,16,176,0,0,0,1,1,"","",""
1054,1183,12797,19,127,0,0,0,1,1,"","",""
1055,1184,12798,19,128,0,0,0,1,1,"","",""
1056,1185,12799,19,129,0,0,0,1,1,"","",""
1057,1186,12800,19,130,0,0,0,1,1,"","",""
1058,1187,12801,19,131,0,0,0,1,1,"","",""
1059,1177,12793,16,178,0,0,0,1,1,"","",""
1060,1188,12802,19,132,0,0,0,1,1,"","",""
1061,1195,12843,13,126,0,0,0,1,1,"","",""
1062,1196,12844,2,101,0,0,0,1,1,"","",""
1063,1197,12845,2,102,0,0,0,1,1,"","",""
1064,1198,12846,15,160,0,0,0,"","","","",""
1065,1199,12847,1,87,0,0,0,1,1,"","",""
1066,1200,12848,12,90,0,0,0,1,1,"","",""
1067,1202,12850,14,126,0,0,0,1,1,"","",""
1068,1203,12851,13,128,0,0,0,1,1,"","",""
1069,1206,12852,4,18,0,0,0,1,1,"","",""
1070,1204,11013,19,133,0,0,0,1,1,"","",""
1071,1205,11011,19,134,0,0,0,1,1,"","",""
1072,1208,12857,14,128,0,0,0,1,1,"","",""
1073,1213,12859,13,130,0,0,0,1,1,"","",""
1074,1210,12854,16,180,0,0,0,1,1,"","",""
1075,1211,12855,16,182,0,0,0,1,1,"","",""
1076,1212,12856,16,184,0,0,0,1,1,"","",""
1077,1214,12860,15,162,0,0,0,1,1,"","",""
1078,1215,12861,1,88,0,0,0,1,1,"","",""
1079,1220,12866,12,92,0,0,0,1,1,"","",""
1080,1225,12871,13,132,0,0,0,1,1,"","",""
1081,1219,12865,17,124,0,0,0,1,1,"","",""
1082,1216,12862,1,89,0,0,0,1,1,"","",""
1083,1217,12863,16,186,0,0,0,1,1,"","",""
1084,1221,12867,17,126,0,0,0,1,1,"","",""
1085,1227,12872,12,94,0,0,0,1,1,"","",""
1086,1228,12873,2,103,0,0,0,1,1,"","",""
1087,1229,12874,2,104,0,0,0,1,1,"","",""
1088,1218,12864,15,164,0,0,0,1,1,"","",""
1089,1223,12869,13,134,0,0,0,1,1,"","",""
1090,1231,12876,1,90,0,0,0,1,1,"","",""
1091,1233,12878,16,188,0,0,0,1,1,"","",""
1092,1230,12875,6,112,0,0,0,1,1,"","",""
1093,1224,12870,8,98,0,0,0,1,1,"","",""
1094,1232,12877,19,135,0,0,0,1,1,"","",""
1095,1189,12837,18,22,0,0,0,1,1,"","",""
1096,1190,12838,18,23,0,0,0,1,1,"","",""
1097,1191,12839,18,24,0,0,0,1,1,"","",""
1098,1192,12840,18,25,0,0,0,1,1,"","",""
1099,1193,12841,18,26,0,0,0,1,1,"","",""
1100,1234,12882,20,0,0,0,0,1,1,"","",""
1101,1235,12883,20,1,0,0,0,1,1,"","",""
1102,1236,12884,20,2,0,0,0,1,1,"","",""
1103,1237,12885,20,3,0,0,0,1,1,"","",""
1104,1238,12886,20,4,0,0,0,1,1,"","",""
1105,1239,12887,20,5,0,0,0,1,1,"","",""
1106,1240,12888,20,6,0,0,0,1,1,"","",""
1107,1244,13016,2,105,0,0,0,1,1,"","",""
1108,1245,13017,19,136,0,0,0,1,1,"","",""
1109,1246,13018,19,137,0,0,0,1,1,"","",""
1110,1247,13019,19,138,0,0,0,1,1,"","",""
1111,1248,13020,19,139,0,0,0,1,1,"","",""
1112,1249,13021,19,140,0,0,0,1,1,"","",""
1113,1251,13023,19,141,0,0,0,1,1,"","",""
1114,1252,13024,19,142,0,0,0,1,1,"","",""
1115,1255,13025,19,143,0,0,0,1,1,"","",""
1116,1254,13026,19,144,0,0,0,1,1,"","",""
1117,1253,13027,19,145,0,0,0,1,1,"","",""
1118,1241,12879,13,136,0,0,0,1,1,"","",""
1119,1242,12880,15,166,0,0,0,1,1,"","",""
1120,1243,12881,16,190,0,0,0,1,1,"","",""
1121,1256,13028,14,130,0,0,0,1,1,"","",""
1122,1256,13029,14,132,0,0,0,1,1,"","",""
1123,1256,13030,14,134,0,0,0,1,1,"","",""
1124,1258,13032,2,106,0,0,0,1,1,"","",""
1125,1261,13035,15,168,0,0,0,1,1,"","",""
1126,1260,13034,13,138,0,0,0,1,1,"","",""
1127,1267,13041,17,128,0,0,0,1,1,"","",""
1128,1262,13036,16,192,0,0,0,1,1,"","",""
1129,1266,13040,15,170,0,0,0,1,1,"","",""
1130,1270,13044,10,70,0,0,0,1,1,"","",""
1131,1265,13039,11,40,0,0,0,1,1,"","",""
1132,1274,12293,6,114,0,0,0,1,1,"",670,""
1133,1271,12294,12,96,0,0,0,1,1,"",671,""
1134,1276,12295,17,130,0,0,0,1,1,"",672,""
1135,1272,12296,11,42,0,0,0,1,1,"",673,""
1136,1273,12297,16,194,0,0,0,1,1,"",674,""
1137,1275,12298,10,72,0,0,0,1,1,"",675,""
1138,1268,13042,1,91,0,0,0,1,1,"","",""
1139,1264,13038,13,140,0,0,0,1,1,"","",""
1140,1280,12278,18,27,0,0,0,1,1,"",684,""
1141,1277,12299,1,92,0,0,0,1,1,"","",""
1142,1278,12300,16,196,0,0,0,1,1,"","",""
1143,1279,12301,12,98,0,0,0,1,1,"","",""
1144,1269,13043,3,36,0,0,0,1,1,"","",""
1145,204,9183,16,198,0,0,0,1,1,"",136,""
1146,653,11626,8,100,0,0,0,1,1,"",474,""
1147,87,7507,14,136,0,0,0,1,1,"",39,""
1148,647,11637,9,58,0,0,0,1,1,"",470,""
1149,116,8473,15,172,0,0,0,1,1,"",68,""
1150,1173,12789,11,44,0,0,0,1,1,"",863,""
1151,361,9478,13,142,0,0,0,1,1,"",232,""
1152,195,9174,13,144,0,0,0,1,1,"",132,""
1153,857,12108,17,132,0,0,0,1,1,"",619,""
1154,698,11695,0,31,0,0,0,1,1,"",504,""
1155,1288,12309,7,58,0,0,0,1,1,"","",""
1156,1287,12308,12,100,0,0,0,1,1,"","",""
1157,1283,12304,15,174,0,0,0,1,1,"","",""
1158,1282,12302,6,116,0,0,0,1,1,"","",""
1159,73,7493,15,176,0,0,0,1,1,"",26,""
1160,69,7489,1,93,0,0,0,1,1,"",23,""
1161,216,9197,1,94,0,0,0,1,1,"",142,""
1162,668,11656,1,95,0,0,0,1,1,"",493,""
1163,428,10357,12,102,0,0,0,1,1,"",280,""
1164,859,12106,12,104,0,0,0,1,1,"",618,""
1165,411,10365,2,107,0,0,0,1,1,"",270,""
1166,444,10857,2,108,0,0,0,1,1,"",295,""
1167,595,11535,2,109,0,0,0,1,1,"",427,""
1168,352,9466,2,110,0,0,0,1,1,"",224,""
1169,381,9587,11,46,0,0,0,1,1,"",248,""
1170,830,12079,15,178,0,0,0,1,1,"",593,""
1171,1041,12494,15,180,0,0,0,1,1,"",771,""
1172,1003,12446,15,182,0,0,0,1,1,"",734,""
1173,729,11854,14,138,0,0,0,1,1,"",527,""
1174,943,12274,13,146,0,0,0,1,1,"",681,""
1175,182,9160,16,200,0,0,0,1,1,"",121,""
1176,1263,13037,16,202,0,0,0,"","","",1128,""
1177,236,9215,7,60,0,0,0,"","","",151,""
1178,405,9836,7,62,0,0,0,1,1,"",266,""
1179,138,8493,9,60,0,0,0,1,1,"",85,""
1180,260,9291,9,62,0,0,0,1,1,"",171,""
1181,567,11071,4,19,0,0,0,1,1,"",400,""
1182,131,8486,4,20,0,0,0,1,1,"",80,""
1183,1207,12853,4,21,0,0,0,1,1,"",1069,""
1184,1149,12647,6,118,0,0,0,1,1,"",841,""
1185,538,11040,19,146,0,0,0,"","","",374,""
1186,693,11690,6,120,0,0,0,1,1,"",500,""
1187,725,11724,6,122,0,0,0,1,1,"",526,""
1188,620,11596,19,147,0,0,0,1,1,"",449,""
1189,482,10916,15,184,0,0,0,1,1,"",323,""
1190,1285,12306,14,140,0,0,0,1,1,"","",""
1191,1284,12305,1,96,0,0,0,1,1,"","",""
1192,1169,12785,1,97,0,0,0,1,1,"",860,""
1193,63,7483,2,111,0,0,0,1,1,"",19,""
1194,1201,12849,12,106,0,0,0,1,1,"",1066,""
1195,307,9372,12,108,0,0,0,1,1,"",202,""
1196,1032,12485,15,186,0,0,0,1,1,"",763,""
1197,1144,12642,15,188,0,0,0,1,1,"",847,""
1198,349,9462,14,142,0,0,0,1,1,"",222,""
1199,1209,12858,14,144,0,0,0,1,1,"",1072,""
1200,802,12034,14,146,0,0,0,1,1,"",572,""
1201,759,11884,13,148,0,0,0,1,1,"",551,""
1202,919,12265,13,150,0,0,0,1,1,"",664,""
1203,267,9305,16,204,0,0,0,1,1,"",175,""
1204,1222,12868,17,134,0,0,0,1,1,"",1084,""
1205,722,11721,17,136,0,0,0,1,1,"",524,""
1206,211,9192,3,38,0,0,0,1,1,"",140,""
1207,170,9092,4,22,0,0,0,1,1,"",113,""
1208,395,9689,6,124,0,0,0,1,1,"",257,""
1209,1104,12526,8,102,0,0,0,1,1,"",801,""
1210,287,9343,6,126,0,0,0,1,1,"",185,""
1211,827,12076,5,22,0,0,0,1,1,"",591,""
1212,513,11016,19,148,0,0,0,"","","",354,""
1213,981,12448,19,149,0,0,0,"","","",707,""
1214,423,10353,10,74,0,0,0,1,1,"",277,""
1215,1292,12313,2,112,0,0,0,1,1,"","",""
1216,1299,12320,16,206,0,0,0,1,1,"","",""
1217,841,12090,14,148,0,0,0,1,1,"",603,""
1218,134,8489,14,150,0,0,0,1,1,"",82,""
1219,917,12261,14,152,0,0,0,1,1,"",661,""
1220,304,9377,0,32,0,0,0,1,1,"",200,""
1221,341,9442,16,208,0,0,0,1,1,"",215,""
1222,519,11021,19,150,0,0,0,"","","",358,""
1223,426,10355,12,110,0,0,0,1,1,"",279,""
1224,678,11668,3,40,0,0,0,1,1,"",494,""
1225,598,11540,3,42,0,0,0,1,1,"",428,""
1226,691,11688,8,104,0,0,0,1,1,"",499,""
1227,687,11684,8,106,0,0,0,1,1,"",496,""
1228,871,12153,10,76,0,0,0,1,1,"",629,""
1229,338,9439,10,78,0,0,0,1,1,"",213,""
1230,491,10987,5,23,0,0,0,1,1,"",336,""
1231,143,8498,5,24,0,0,0,1,1,"",89,""
1232,393,9687,0,33,0,0,0,1,1,"",256,""
1233,715,11714,19,151,0,0,0,"","","",518,""
1234,549,11051,19,152,0,0,0,"","","",383,""
1235,1194,12842,18,28,0,0,0,1,1,"",1099,""
1236,970,12282,18,29,0,0,0,1,1,"",703,""
1237,208,9189,18,30,0,0,0,1,1,"",333,""
1238,709,11708,19,153,0,0,0,"","","",513,""
1239,813,12051,19,154,0,0,0,1,1,"",579,""
1240,1313,12327,12,112,0,0,0,1,1,"","",""
1241,1286,12307,13,152,0,0,0,1,1,"","",""
1242,1300,12321,17,138,0,0,0,1,1,"","",""
1243,1296,12317,15,190,0,0,0,1,1,"","",""
1244,1290,12311,12,114,0,0,0,1,1,"","",""
1245,249,9281,8,108,0,0,0,1,1,"",161,""
1246,1157,12773,8,110,0,0,0,1,1,"",854,""
1247,280,9319,7,64,0,0,0,1,1,"",173,""
1248,1293,12314,2,113,0,0,0,1,1,"","",""
1249,151,8506,9,64,0,0,0,1,1,"",95,""
1250,1310,12324,17,140,0,0,0,1,1,"","",""
1251,1307,13233,19,155,0,0,0,"","","","",""
1252,1307,13234,19,156,0,0,0,"","","","",""
1253,1307,13235,19,157,0,0,0,"","","","",""
1254,1295,12316,15,192,0,0,0,1,1,"","",""
1255,1312,12326,16,210,0,0,0,1,1,"","",""
1256,1314,12328,1,98,0,0,0,1,1,"","",""
1257,1308,12322,19,158,0,0,0,1,1,"","",""
1258,1309,12323,19,159,0,0,0,1,1,"","",""
1259,1291,12312,19,160,0,0,0,"","","","",""
1260,1301,13130,21,0,0,0,0,"","","","",""
1261,1302,13129,21,1,0,0,0,1,1,"","",""
1262,1303,13131,21,2,0,0,0,1,1,"","",""
1263,1304,13133,21,3,0,0,0,1,1,"","",""
1264,1305,13132,21,4,0,0,0,1,1,"","",""
1265,1306,13134,21,5,0,0,0,1,1,"","",""
1266,1289,12310,16,212,0,0,0,1,1,"","",""
1267,1294,12315,4,23,0,0,0,1,1,"","",""
1268,1297,12318,16,214,0,0,0,1,1,"","",""
1269,1311,12325,17,142,0,0,0,1,1,"","",""
1270,1298,12319,10,80,0,0,0,1,1,"","",""
1271,1315,12329,17,144,0,0,0,1,1,"","",""
1272,1316,12330,2,114,0,0,0,1,1,"","",""
1273,1318,12332,12,116,0,0,0,1,1,"","",""
1274,1317,12331,13,154,0,0,0,1,1,"","",""
1275,1325,12340,2,115,0,0,0,1,1,"","",""
1276,1320,12334,4,24,0,0,0,1,1,"","",""
1277,1326,12341,16,216,0,0,0,1,1,"","",""
1278,1322,12337,12,118,0,0,0,1,1,"","",""
1279,1323,12338,12,120,0,0,0,1,1,"","",""
1280,1324,12339,12,122,0,0,0,1,1,"","",""
1281,1327,12342,14,154,0,0,0,1,1,"","",""
1282,1319,12333,16,218,0,0,0,1,1,"","",""
1283,1321,12335,15,194,0,0,0,1,1,"","",""
1284,1329,13338,20,7,0,0,0,1,1,"","",""
1285,1330,13339,20,8,0,0,0,1,1,"","",""
1286,1333,13340,20,9,0,0,0,1,1,"","",""
1287,1336,13341,20,10,0,0,0,1,1,"","",""
1288,1332,13342,20,11,0,0,0,1,1,"","",""
1289,1331,13343,20,12,0,0,0,1,1,"","",""
1290,1334,13344,20,13,0,0,0,1,1,"","",""
1291,1335,13345,20,14,0,0,0,1,1,"","",""
1292,1337,13426,17,146,0,0,0,1,1,"","",""
1293,1338,13427,13,156,0,0,0,1,1,"","",""
1294,1339,13428,8,112,0,0,0,1,1,"","",""
1295,1340,13429,14,156,0,0,0,1,1,"","",""
1296,1341,13430,16,220,0,0,0,1,1,"","",""
1297,1342,13431,5,25,0,0,0,1,1,"","",""
1298,1343,13432,10,82,0,0,0,1,1,"","",""
1299,1344,13433,2,116,0,0,0,1,1,"","",""
1300,1345,13434,10,84,0,0,0,1,1,"","",""
1301,1346,13435,19,161,0,0,0,1,1,"","",""
1302,1347,13436,19,162,0,0,0,1,1,"","",""
1303,1348,13437,19,163,0,0,0,1,1,"","",""
1304,1349,13438,19,164,0,0,0,1,1,"","",""
1305,1350,13439,11,48,0,0,0,1,1,"","",""
1306,1351,13440,17,148,0,0,0,1,1,"","",""
1307,1257,13031,16,222,0,0,0,1,1,"","",""
1308,1352,13441,13,158,0,0,0,1,1,"","",""
1309,1353,13442,13,160,0,0,0,1,1,"","",""
1310,1354,13445,16,224,0,0,0,1,1,"","",""
1311,1355,13446,16,226,0,0,0,1,1,"","",""
1312,1356,13443,14,158,0,0,0,1,1,"","",""
1313,1357,13444,14,160,0,0,0,1,1,"","",""
1314,1358,13447,0,34,0,0,0,1,1,"","",""
1315,1359,13448,0,35,0,0,0,1,1,"","",""
1316,1360,13449,0,36,0,0,0,1,1,"","",""
1317,1361,13450,0,37,0,0,0,1,1,"","",""
1318,1362,13451,13,162,0,0,0,1,1,"","",""
1319,1363,13452,1,99,0,0,0,1,1,"","",""
1320,1364,13453,12,124,0,0,0,1,1,"","",""
1321,1365,13454,15,196,0,0,0,1,1,"","",""
1322,1366,13455,1,100,0,0,0,1,1,"","",""
1323,1367,13456,17,150,0,0,0,1,1,"","",""
1324,1368,13457,17,152,0,0,0,1,1,"","",""
1325,1369,13458,19,165,0,0,0,1,1,"","",""
1326,1370,13459,19,166,0,0,0,1,1,"","",""
1327,1371,13460,1,101,0,0,0,1,1,"","",""
1328,1372,13461,1,102,0,0,0,1,1,"","",""
1329,1373,13462,10,86,0,0,0,1,1,"","",""
1330,1374,13463,9,66,0,0,0,1,1,"","",""
1331,1375,13464,13,164,0,0,0,1,1,"","",""
1332,1376,13465,16,228,0,0,0,1,1,"","",""
1333,1377,13466,2,117,0,0,0,1,1,"","",""
1334,1378,13467,13,166,0,0,0,1,1,"","",""
1335,1379,13468,14,162,0,0,0,1,1,"","",""
1336,1380,13469,17,154,0,0,0,1,1,"","",""
1337,1381,13470,19,167,0,0,0,1,1,"","",""
1338,1382,13471,19,168,0,0,0,1,1,"","",""
1339,1383,13472,19,169,0,0,0,"","","","",""
1340,1384,13473,12,126,0,0,0,1,1,"","",""
1341,1385,13474,16,230,0,0,0,1,1,"","",""
1342,1386,13475,1,103,0,0,0,1,1,"","",""
1343,1387,13476,2,118,0,0,0,1,1,"","",""
1344,1388,13477,19,170,0,0,0,1,1,"","",""
1345,1389,13478,19,171,0,0,0,1,1,"","",""
1346,1408,13520,18,31,0,0,0,"","","","",""
1347,1407,13496,13,168,0,0,0,1,1,"","",""
1348,1409,13521,13,170,0,0,0,1,1,"","",""
1349,1415,13497,15,198,0,0,0,1,1,"","",""
1350,1416,13498,16,232,0,0,0,1,1,"","",""
1351,1417,13499,16,234,0,0,0,1,1,"","",""
1352,1419,13501,11,50,0,0,0,1,1,"","",""
1353,732,13575,19,172,0,0,0,1,1,"","",""
1354,732,13576,19,173,0,0,0,1,1,"","",""
1355,732,13577,19,174,0,0,0,1,1,"","",""
1356,732,13578,19,175,0,0,0,1,1,"","",""
1357,732,13579,19,176,0,0,0,1,1,"","",""
1358,732,13580,19,177,0,0,0,1,1,"","",""
1359,1420,9443,2,119,0,0,0,1,1,"","",""
1360,1430,13508,19,178,0,0,0,1,1,"","",""
1361,1429,13509,19,179,0,0,0,1,1,"","",""
1362,1428,13510,19,180,0,0,0,1,1,"","",""
1363,1434,13512,19,181,0,0,0,1,1,"","",""
1364,1421,13502,0,38,0,0,0,1,1,"","",""
1365,1418,13500,14,164,0,0,0,1,1,"","",""
1366,1424,13504,13,172,0,0,0,1,1,"","",""
1367,1425,13505,0,39,0,0,0,1,1,"","",""
1368,1423,13503,2,120,0,0,0,1,1,"","",""
1369,1422,13581,19,182,0,0,0,1,1,"","",""
1370,1431,13511,10,88,0,0,0,1,1,"","",""
1371,1436,13518,19,183,0,0,0,1,1,"","",""
1372,1437,13519,16,236,0,0,0,1,1,"","",""
1373,1426,13506,1,104,0,0,0,1,1,"","",""
1374,1410,13522,14,166,0,0,0,1,1,"","",""
1375,1432,13513,2,121,0,0,0,1,1,"","",""
1376,1433,13516,1,105,0,0,0,1,1,"","",""
1377,1435,13517,6,128,0,0,0,1,1,"","",""
1378,1427,13507,16,238,0,0,0,1,1,"","",""
1379,1445,13514,2,122,0,0,0,1,1,"","",""
1380,1449,13515,16,240,0,0,0,1,1,"","",""
1381,1450,13523,1,106,0,0,0,1,1,"","",""
1382,1451,13524,19,184,0,0,0,1,1,"","",""
1383,1452,13525,13,174,0,0,0,1,1,"","",""
1384,1453,13526,9,68,0,0,0,1,1,"","",""
1385,1454,13527,12,128,0,0,0,1,1,"","",""
1386,1455,13528,13,176,0,0,0,1,1,"","",""
1387,1456,13529,14,168,0,0,0,1,1,"","",""
1388,1457,13530,19,185,0,0,0,1,1,"","",""
1389,1458,13531,15,200,0,0,0,1,1,"","",""
1390,1459,13532,2,123,0,0,0,1,1,"","",""
1391,1460,13533,1,107,0,0,0,1,1,"","",""
1392,1461,13534,12,130,0,0,0,1,1,"","",""
1393,1462,13535,16,242,0,0,0,"","","","",""
1394,1463,13536,10,90,0,0,0,"","","","",""
1395,1464,13537,6,130,0,0,0,"","","","",""
1396,1106,12587,1,108,0,0,0,1,1,"","",""
1397,1465,13538,14,170,0,0,0,1,1,"","",""
1398,1466,13539,12,132,0,0,0,1,1,"","",""
1399,1467,13540,16,244,0,0,0,1,1,"","",""
1400,1468,13541,6,132,0,0,0,1,1,"","",""
1401,1469,13542,11,52,0,0,0,1,1,"","",""
1402,1470,13543,17,156,0,0,0,1,1,"","",""
1403,1471,13544,2,124,0,0,0,1,1,"","",""
1404,1472,13545,1,109,0,0,0,1,1,"","",""
1405,1473,13546,8,114,0,0,0,1,1,"","",""
1406,1474,13547,15,202,0,0,0,1,1,"","",""
1407,1475,13548,12,134,0,0,0,1,1,"","",""
1408,1476,13549,1,110,0,0,0,1,1,"","",""
1409,1477,13550,2,125,0,0,0,"","","","",""
1410,1478,13551,19,186,0,0,0,"","","","",""
1411,1482,13552,19,187,0,0,0,1,1,"","",""
1412,1483,13553,1,111,0,0,0,1,"","","",""
1413,1484,13554,15,204,0,0,0,1,"","","",""
1414,1485,13555,10,92,0,0,0,1,"","","",""
1415,1486,13556,19,188,0,0,0,1,"","","",""
1416,1487,13557,16,246,0,0,0,1,"","","",""
1417,1488,13558,6,134,0,0,0,1,"","","",""
1418,1489,13559,17,158,0,0,0,1,"","","",""
1419,1490,13560,2,126,0,0,0,1,1,"","",""
1420,1491,13561,14,172,0,0,0,1,1,"","",""
1421,1492,13562,15,206,0,0,0,1,1,"",104,""
1422,1493,13563,1,112,0,0,0,1,1,"",1065,""
1423,1494,13564,0,40,0,0,0,1,1,"",575,""
1424,1495,13565,15,208,0,0,0,1,1,"",25,""
1425,1496,13566,19,189,0,0,0,1,1,"",385,""
1426,1497,13567,19,190,0,0,0,1,1,"",386,""
1427,1498,13568,19,191,0,0,0,1,1,"",387,""
1428,1499,13569,16,248,0,0,0,1,1,"",28,""
1429,1500,13570,1,113,0,0,0,1,1,"",534,""
